id,set_id,condition,target,lure,answer,pred,correct,pred_is_lure,values,names,group,names_target
L3-44-00000-letter,L3-44-00000,letter,,,3,3,True,False,"{'v2': 1, 'v1': 3}","{'v1': 'S', 'v2': 'Y'}",letter,
L3-44-00001-letter,L3-44-00001,letter,,,3,3,True,False,"{'v2': 1, 'v1': 3}","{'v1': 'S', 'v2': 'G'}",letter,
L3-44-00002-letter,L3-44-00002,letter,,,7,7,True,False,"{'v2': 2, 'v1': 7}","{'v1': 'I', 'v2': 'R'}",letter,
L3-44-00003-letter,L3-44-00003,letter,,,4,4,True,False,"{'v2': 5, 'v1': 4}","{'v1': 'W', 'v2': 'C'}",letter,
L3-44-00004-letter,L3-44-00004,letter,,,5,5,True,False,"{'v2': 0, 'v1': 5}","{'v1': 'U', 'v2': 'P'}",letter,
L3-44-00005-letter,L3-44-00005,letter,,,3,3,True,False,"{'v2': 0, 'v1': 3}","{'v1': 'U', 'v2': 'C'}",letter,
L3-44-00006-letter,L3-44-00006,letter,,,4,4,True,False,"{'v2': 1, 'v1': 4}","{'v1': 'A', 'v2': 'Y'}",letter,
L3-44-00007-letter,L3-44-00007,letter,,,8,8,True,False,"{'v2': 6, 'v1': 8}","{'v1': 'W', 'v2': 'G'}",letter,
L3-44-00008-letter,L3-44-00008,letter,,,3,3,True,False,"{'v2': 0, 'v1': 3}","{'v1': 'O', 'v2': 'R'}",letter,
L3-44-00009-letter,L3-44-00009,letter,,,1,1,True,False,"{'v2': 0, 'v1': 1}","{'v1': 'N', 'v2': 'L'}",letter,
L3-44-00010-letter,L3-44-00010,letter,,,5,5,True,False,"{'v2': 3, 'v1': 5}","{'v1': 'A', 'v2': 'N'}",letter,
L3-44-00011-letter,L3-44-00011,letter,,,5,5,True,False,"{'v2': 1, 'v1': 5}","{'v1': 'X', 'v2': 'V'}",letter,
L3-44-00012-letter,L3-44-00012,letter,,,3,3,True,False,"{'v2': 0, 'v1': 3}","{'v1': 'B', 'v2': 'T'}",letter,
L3-44-00013-letter,L3-44-00013,letter,,,9,9,True,False,"{'v2': 1, 'v1': 9}","{'v1': 'F', 'v2': 'K'}",letter,
L3-44-00014-letter,L3-44-00014,letter,,,7,7,True,False,"{'v2': 0, 'v1': 7}","{'v1': 'Z', 'v2': 'A'}",letter,
L3-44-00015-letter,L3-44-00015,letter,,,9,9,True,False,"{'v2': 0, 'v1': 9}","{'v1': 'N', 'v2': 'Y'}",letter,
L3-44-00016-letter,L3-44-00016,letter,,,8,8,True,False,"{'v2': 1, 'v1': 8}","{'v1': 'H', 'v2': 'R'}",letter,
L3-44-00017-letter,L3-44-00017,letter,,,7,7,True,False,"{'v2': 2, 'v1': 7}","{'v1': 'C', 'v2': 'G'}",letter,
L3-44-00018-letter,L3-44-00018,letter,,,7,7,True,False,"{'v2': 0, 'v1': 7}","{'v1': 'U', 'v2': 'N'}",letter,
L3-44-00019-letter,L3-44-00019,letter,,,3,3,True,False,"{'v2': 5, 'v1': 3}","{'v1': 'G', 'v2': 'Q'}",letter,
L3-44-00020-letter,L3-44-00020,letter,,,1,1,True,False,"{'v2': 1, 'v1': 1}","{'v1': 'T', 'v2': 'M'}",letter,
L3-44-00021-letter,L3-44-00021,letter,,,5,5,True,False,"{'v2': 1, 'v1': 5}","{'v1': 'Q', 'v2': 'J'}",letter,
L3-44-00022-letter,L3-44-00022,letter,,,3,3,True,False,"{'v2': 5, 'v1': 3}","{'v1': 'C', 'v2': 'T'}",letter,
L3-44-00023-letter,L3-44-00023,letter,,,3,3,True,False,"{'v2': 2, 'v1': 3}","{'v1': 'C', 'v2': 'S'}",letter,
L3-44-00024-letter,L3-44-00024,letter,,,2,2,True,False,"{'v2': 1, 'v1': 2}","{'v1': 'G', 'v2': 'R'}",letter,
L3-44-00025-letter,L3-44-00025,letter,,,7,7,True,False,"{'v2': 5, 'v1': 7}","{'v1': 'Q', 'v2': 'L'}",letter,
L3-44-00026-letter,L3-44-00026,letter,,,6,6,True,False,"{'v2': 5, 'v1': 6}","{'v1': 'Y', 'v2': 'J'}",letter,
L3-44-00027-letter,L3-44-00027,letter,,,6,6,True,False,"{'v2': 0, 'v1': 6}","{'v1': 'E', 'v2': 'D'}",letter,
L3-44-00028-letter,L3-44-00028,letter,,,1,1,True,False,"{'v2': 5, 'v1': 1}","{'v1': 'T', 'v2': 'M'}",letter,
L3-44-00029-letter,L3-44-00029,letter,,,8,8,True,False,"{'v2': 3, 'v1': 8}","{'v1': 'I', 'v2': 'N'}",letter,
L3-44-00030-letter,L3-44-00030,letter,,,1,1,True,False,"{'v2': 6, 'v1': 1}","{'v1': 'V', 'v2': 'K'}",letter,
L3-44-00031-letter,L3-44-00031,letter,,,5,5,True,False,"{'v2': 1, 'v1': 5}","{'v1': 'U', 'v2': 'D'}",letter,
L3-44-00032-letter,L3-44-00032,letter,,,0,0,True,False,"{'v2': 7, 'v1': 0}","{'v1': 'Y', 'v2': 'X'}",letter,
L3-44-00033-letter,L3-44-00033,letter,,,1,1,True,False,"{'v2': 1, 'v1': 1}","{'v1': 'O', 'v2': 'D'}",letter,
L3-44-00034-letter,L3-44-00034,letter,,,2,2,True,False,"{'v2': 0, 'v1': 2}","{'v1': 'G', 'v2': 'F'}",letter,
L3-44-00035-letter,L3-44-00035,letter,,,0,0,True,False,"{'v2': 6, 'v1': 0}","{'v1': 'Y', 'v2': 'L'}",letter,
L3-44-00036-letter,L3-44-00036,letter,,,6,6,True,False,"{'v2': 3, 'v1': 6}","{'v1': 'C', 'v2': 'L'}",letter,
L3-44-00037-letter,L3-44-00037,letter,,,2,2,True,False,"{'v2': 3, 'v1': 2}","{'v1': 'A', 'v2': 'C'}",letter,
L3-44-00038-letter,L3-44-00038,letter,,,3,3,True,False,"{'v2': 5, 'v1': 3}","{'v1': 'Y', 'v2': 'C'}",letter,
L3-44-00039-letter,L3-44-00039,letter,,,7,7,True,False,"{'v2': 2, 'v1': 7}","{'v1': 'H', 'v2': 'F'}",letter,
L3-44-00040-letter,L3-44-00040,letter,,,3,3,True,False,"{'v2': 5, 'v1': 3}","{'v1': 'T', 'v2': 'Z'}",letter,
L3-44-00041-letter,L3-44-00041,letter,,,3,3,True,False,"{'v2': 1, 'v1': 3}","{'v1': 'B', 'v2': 'A'}",letter,
L3-44-00042-letter,L3-44-00042,letter,,,2,2,True,False,"{'v2': 1, 'v1': 2}","{'v1': 'F', 'v2': 'C'}",letter,
L3-44-00043-letter,L3-44-00043,letter,,,6,6,True,False,"{'v2': 6, 'v1': 6}","{'v1': 'L', 'v2': 'T'}",letter,
L3-44-00044-letter,L3-44-00044,letter,,,4,4,True,False,"{'v2': 1, 'v1': 4}","{'v1': 'S', 'v2': 'X'}",letter,
L3-44-00045-letter,L3-44-00045,letter,,,3,3,True,False,"{'v2': 0, 'v1': 3}","{'v1': 'F', 'v2': 'I'}",letter,
L3-44-00046-letter,L3-44-00046,letter,,,9,9,True,False,"{'v2': 0, 'v1': 9}","{'v1': 'R', 'v2': 'E'}",letter,
L3-44-00047-letter,L3-44-00047,letter,,,3,3,True,False,"{'v2': 5, 'v1': 3}","{'v1': 'A', 'v2': 'J'}",letter,
L3-44-00048-letter,L3-44-00048,letter,,,5,5,True,False,"{'v2': 0, 'v1': 5}","{'v1': 'R', 'v2': 'V'}",letter,
L3-44-00049-letter,L3-44-00049,letter,,,6,6,True,False,"{'v2': 6, 'v1': 6}","{'v1': 'X', 'v2': 'V'}",letter,
L3-44-00050-letter,L3-44-00050,letter,,,8,8,True,False,"{'v2': 8, 'v1': 8}","{'v1': 'D', 'v2': 'L'}",letter,
L3-44-00051-letter,L3-44-00051,letter,,,1,1,True,False,"{'v2': 7, 'v1': 1}","{'v1': 'G', 'v2': 'R'}",letter,
L3-44-00052-letter,L3-44-00052,letter,,,0,0,True,False,"{'v2': 1, 'v1': 0}","{'v1': 'F', 'v2': 'P'}",letter,
L3-44-00053-letter,L3-44-00053,letter,,,0,0,True,False,"{'v2': 9, 'v1': 0}","{'v1': 'C', 'v2': 'L'}",letter,
L3-44-00054-letter,L3-44-00054,letter,,,6,6,True,False,"{'v2': 1, 'v1': 6}","{'v1': 'X', 'v2': 'K'}",letter,
L3-44-00055-letter,L3-44-00055,letter,,,8,8,True,False,"{'v2': 2, 'v1': 8}","{'v1': 'G', 'v2': 'A'}",letter,
L3-44-00056-letter,L3-44-00056,letter,,,9,9,True,False,"{'v2': 1, 'v1': 9}","{'v1': 'O', 'v2': 'R'}",letter,
L3-44-00057-letter,L3-44-00057,letter,,,0,0,True,False,"{'v2': 1, 'v1': 0}","{'v1': 'W', 'v2': 'Q'}",letter,
L3-44-00058-letter,L3-44-00058,letter,,,4,4,True,False,"{'v2': 1, 'v1': 4}","{'v1': 'F', 'v2': 'J'}",letter,
L3-44-00059-letter,L3-44-00059,letter,,,8,8,True,False,"{'v2': 7, 'v1': 8}","{'v1': 'R', 'v2': 'Y'}",letter,
L3-44-00060-letter,L3-44-00060,letter,,,5,5,True,False,"{'v2': 2, 'v1': 5}","{'v1': 'I', 'v2': 'L'}",letter,
L3-44-00061-letter,L3-44-00061,letter,,,5,5,True,False,"{'v2': 1, 'v1': 5}","{'v1': 'I', 'v2': 'U'}",letter,
L3-44-00062-letter,L3-44-00062,letter,,,9,9,True,False,"{'v2': 0, 'v1': 9}","{'v1': 'B', 'v2': 'T'}",letter,
L3-44-00063-letter,L3-44-00063,letter,,,3,3,True,False,"{'v2': 0, 'v1': 3}","{'v1': 'K', 'v2': 'O'}",letter,
L3-44-00064-letter,L3-44-00064,letter,,,2,2,True,False,"{'v2': 7, 'v1': 2}","{'v1': 'J', 'v2': 'N'}",letter,
L3-44-00065-letter,L3-44-00065,letter,,,8,8,True,False,"{'v2': 7, 'v1': 8}","{'v1': 'I', 'v2': 'Z'}",letter,
L3-44-00066-letter,L3-44-00066,letter,,,7,7,True,False,"{'v2': 6, 'v1': 7}","{'v1': 'N', 'v2': 'P'}",letter,
L3-44-00067-letter,L3-44-00067,letter,,,6,6,True,False,"{'v2': 2, 'v1': 6}","{'v1': 'Q', 'v2': 'A'}",letter,
L3-44-00068-letter,L3-44-00068,letter,,,9,9,True,False,"{'v2': 1, 'v1': 9}","{'v1': 'I', 'v2': 'H'}",letter,
L3-44-00069-letter,L3-44-00069,letter,,,3,3,True,False,"{'v2': 6, 'v1': 3}","{'v1': 'B', 'v2': 'Z'}",letter,
L3-44-00070-letter,L3-44-00070,letter,,,4,4,True,False,"{'v2': 2, 'v1': 4}","{'v1': 'E', 'v2': 'D'}",letter,
L3-44-00071-letter,L3-44-00071,letter,,,0,0,True,False,"{'v2': 9, 'v1': 0}","{'v1': 'X', 'v2': 'G'}",letter,
L3-44-00072-letter,L3-44-00072,letter,,,8,8,True,False,"{'v2': 8, 'v1': 8}","{'v1': 'Y', 'v2': 'S'}",letter,
L3-44-00073-letter,L3-44-00073,letter,,,0,0,True,False,"{'v2': 8, 'v1': 0}","{'v1': 'U', 'v2': 'R'}",letter,
L3-44-00074-letter,L3-44-00074,letter,,,8,8,True,False,"{'v2': 0, 'v1': 8}","{'v1': 'A', 'v2': 'K'}",letter,
L3-44-00075-letter,L3-44-00075,letter,,,3,3,True,False,"{'v2': 1, 'v1': 3}","{'v1': 'P', 'v2': 'R'}",letter,
L3-44-00076-letter,L3-44-00076,letter,,,1,1,True,False,"{'v2': 6, 'v1': 1}","{'v1': 'B', 'v2': 'V'}",letter,
L3-44-00077-letter,L3-44-00077,letter,,,2,2,True,False,"{'v2': 2, 'v1': 2}","{'v1': 'F', 'v2': 'C'}",letter,
L3-44-00078-letter,L3-44-00078,letter,,,1,1,True,False,"{'v2': 8, 'v1': 1}","{'v1': 'C', 'v2': 'K'}",letter,
L3-44-00079-letter,L3-44-00079,letter,,,7,7,True,False,"{'v2': 0, 'v1': 7}","{'v1': 'R', 'v2': 'O'}",letter,
L3-44-00080-letter,L3-44-00080,letter,,,2,2,True,False,"{'v2': 5, 'v1': 2}","{'v1': 'A', 'v2': 'F'}",letter,
L3-44-00081-letter,L3-44-00081,letter,,,6,6,True,False,"{'v2': 5, 'v1': 6}","{'v1': 'X', 'v2': 'R'}",letter,
L3-44-00082-letter,L3-44-00082,letter,,,0,0,True,False,"{'v2': 6, 'v1': 0}","{'v1': 'B', 'v2': 'N'}",letter,
L3-44-00083-letter,L3-44-00083,letter,,,6,6,True,False,"{'v2': 0, 'v1': 6}","{'v1': 'D', 'v2': 'P'}",letter,
L3-44-00084-letter,L3-44-00084,letter,,,9,9,True,False,"{'v2': 0, 'v1': 9}","{'v1': 'Q', 'v2': 'E'}",letter,
L3-44-00085-letter,L3-44-00085,letter,,,2,2,True,False,"{'v2': 6, 'v1': 2}","{'v1': 'Y', 'v2': 'J'}",letter,
L3-44-00086-letter,L3-44-00086,letter,,,2,2,True,False,"{'v2': 0, 'v1': 2}","{'v1': 'B', 'v2': 'A'}",letter,
L3-44-00087-letter,L3-44-00087,letter,,,2,2,True,False,"{'v2': 2, 'v1': 2}","{'v1': 'O', 'v2': 'L'}",letter,
L3-44-00088-letter,L3-44-00088,letter,,,1,1,True,False,"{'v2': 7, 'v1': 1}","{'v1': 'R', 'v2': 'T'}",letter,
L3-44-00089-letter,L3-44-00089,letter,,,3,3,True,False,"{'v2': 0, 'v1': 3}","{'v1': 'G', 'v2': 'O'}",letter,
L3-44-00090-letter,L3-44-00090,letter,,,3,3,True,False,"{'v2': 0, 'v1': 3}","{'v1': 'I', 'v2': 'K'}",letter,
L3-44-00091-letter,L3-44-00091,letter,,,6,6,True,False,"{'v2': 0, 'v1': 6}","{'v1': 'W', 'v2': 'L'}",letter,
L3-44-00092-letter,L3-44-00092,letter,,,3,3,True,False,"{'v2': 1, 'v1': 3}","{'v1': 'Y', 'v2': 'W'}",letter,
L3-44-00093-letter,L3-44-00093,letter,,,9,9,True,False,"{'v2': 9, 'v1': 9}","{'v1': 'C', 'v2': 'T'}",letter,
L3-44-00094-letter,L3-44-00094,letter,,,4,4,True,False,"{'v2': 2, 'v1': 4}","{'v1': 'W', 'v2': 'Y'}",letter,
L3-44-00095-letter,L3-44-00095,letter,,,5,5,True,False,"{'v2': 5, 'v1': 5}","{'v1': 'V', 'v2': 'O'}",letter,
L3-44-00096-letter,L3-44-00096,letter,,,2,2,True,False,"{'v2': 2, 'v1': 2}","{'v1': 'C', 'v2': 'J'}",letter,
L3-44-00097-letter,L3-44-00097,letter,,,8,8,True,False,"{'v2': 8, 'v1': 8}","{'v1': 'Q', 'v2': 'Z'}",letter,
L3-44-00098-letter,L3-44-00098,letter,,,9,9,True,False,"{'v2': 0, 'v1': 9}","{'v1': 'U', 'v2': 'H'}",letter,
L3-44-00099-letter,L3-44-00099,letter,,,6,6,True,False,"{'v2': 0, 'v1': 6}","{'v1': 'K', 'v2': 'D'}",letter,
L3-44-00100-letter,L3-44-00100,letter,,,8,8,True,False,"{'v2': 8, 'v1': 8}","{'v1': 'N', 'v2': 'F'}",letter,
L3-44-00101-letter,L3-44-00101,letter,,,3,3,True,False,"{'v2': 3, 'v1': 3}","{'v1': 'L', 'v2': 'Y'}",letter,
L3-44-00102-letter,L3-44-00102,letter,,,9,9,True,False,"{'v2': 5, 'v1': 9}","{'v1': 'O', 'v2': 'H'}",letter,
L3-44-00103-letter,L3-44-00103,letter,,,0,0,True,False,"{'v2': 0, 'v1': 0}","{'v1': 'A', 'v2': 'E'}",letter,
L3-44-00104-letter,L3-44-00104,letter,,,0,0,True,False,"{'v2': 2, 'v1': 0}","{'v1': 'X', 'v2': 'L'}",letter,
L3-44-00105-letter,L3-44-00105,letter,,,6,6,True,False,"{'v2': 1, 'v1': 6}","{'v1': 'C', 'v2': 'A'}",letter,
L3-44-00106-letter,L3-44-00106,letter,,,1,1,True,False,"{'v2': 5, 'v1': 1}","{'v1': 'E', 'v2': 'T'}",letter,
L3-44-00107-letter,L3-44-00107,letter,,,9,9,True,False,"{'v2': 1, 'v1': 9}","{'v1': 'S', 'v2': 'Q'}",letter,
L3-44-00108-letter,L3-44-00108,letter,,,4,4,True,False,"{'v2': 5, 'v1': 4}","{'v1': 'A', 'v2': 'Q'}",letter,
L3-44-00109-letter,L3-44-00109,letter,,,4,4,True,False,"{'v2': 1, 'v1': 4}","{'v1': 'B', 'v2': 'F'}",letter,
L3-44-00110-letter,L3-44-00110,letter,,,0,0,True,False,"{'v2': 6, 'v1': 0}","{'v1': 'Z', 'v2': 'Q'}",letter,
L3-44-00111-letter,L3-44-00111,letter,,,8,8,True,False,"{'v2': 0, 'v1': 8}","{'v1': 'V', 'v2': 'G'}",letter,
L3-44-00112-letter,L3-44-00112,letter,,,7,7,True,False,"{'v2': 5, 'v1': 7}","{'v1': 'T', 'v2': 'D'}",letter,
L3-44-00113-letter,L3-44-00113,letter,,,1,1,True,False,"{'v2': 3, 'v1': 1}","{'v1': 'G', 'v2': 'X'}",letter,
L3-44-00114-letter,L3-44-00114,letter,,,6,6,True,False,"{'v2': 0, 'v1': 6}","{'v1': 'W', 'v2': 'N'}",letter,
L3-44-00115-letter,L3-44-00115,letter,,,2,2,True,False,"{'v2': 2, 'v1': 2}","{'v1': 'K', 'v2': 'X'}",letter,
L3-44-00116-letter,L3-44-00116,letter,,,4,4,True,False,"{'v2': 0, 'v1': 4}","{'v1': 'N', 'v2': 'Q'}",letter,
L3-44-00117-letter,L3-44-00117,letter,,,8,8,True,False,"{'v2': 1, 'v1': 8}","{'v1': 'H', 'v2': 'V'}",letter,
L3-44-00118-letter,L3-44-00118,letter,,,4,4,True,False,"{'v2': 1, 'v1': 4}","{'v1': 'D', 'v2': 'V'}",letter,
L3-44-00119-letter,L3-44-00119,letter,,,2,2,True,False,"{'v2': 1, 'v1': 2}","{'v1': 'N', 'v2': 'D'}",letter,
L3-44-00120-letter,L3-44-00120,letter,,,7,7,True,False,"{'v2': 6, 'v1': 7}","{'v1': 'J', 'v2': 'V'}",letter,
L3-44-00121-letter,L3-44-00121,letter,,,3,3,True,False,"{'v2': 0, 'v1': 3}","{'v1': 'L', 'v2': 'P'}",letter,
L3-44-00122-letter,L3-44-00122,letter,,,2,2,True,False,"{'v2': 2, 'v1': 2}","{'v1': 'M', 'v2': 'D'}",letter,
L3-44-00123-letter,L3-44-00123,letter,,,6,6,True,False,"{'v2': 6, 'v1': 6}","{'v1': 'X', 'v2': 'K'}",letter,
L3-44-00124-letter,L3-44-00124,letter,,,9,9,True,False,"{'v2': 6, 'v1': 9}","{'v1': 'Z', 'v2': 'I'}",letter,
L3-44-00125-letter,L3-44-00125,letter,,,5,5,True,False,"{'v2': 5, 'v1': 5}","{'v1': 'S', 'v2': 'W'}",letter,
L3-44-00126-letter,L3-44-00126,letter,,,3,3,True,False,"{'v2': 2, 'v1': 3}","{'v1': 'M', 'v2': 'I'}",letter,
L3-44-00127-letter,L3-44-00127,letter,,,6,6,True,False,"{'v2': 5, 'v1': 6}","{'v1': 'W', 'v2': 'R'}",letter,
L3-44-00128-letter,L3-44-00128,letter,,,6,6,True,False,"{'v2': 5, 'v1': 6}","{'v1': 'B', 'v2': 'W'}",letter,
L3-44-00129-letter,L3-44-00129,letter,,,0,0,True,False,"{'v2': 9, 'v1': 0}","{'v1': 'A', 'v2': 'Q'}",letter,
L3-44-00130-letter,L3-44-00130,letter,,,6,6,True,False,"{'v2': 0, 'v1': 6}","{'v1': 'H', 'v2': 'M'}",letter,
L3-44-00131-letter,L3-44-00131,letter,,,2,2,True,False,"{'v2': 0, 'v1': 2}","{'v1': 'H', 'v2': 'A'}",letter,
L3-44-00132-letter,L3-44-00132,letter,,,4,4,True,False,"{'v2': 2, 'v1': 4}","{'v1': 'C', 'v2': 'R'}",letter,
L3-44-00133-letter,L3-44-00133,letter,,,4,4,True,False,"{'v2': 0, 'v1': 4}","{'v1': 'D', 'v2': 'Q'}",letter,
L3-44-00134-letter,L3-44-00134,letter,,,7,7,True,False,"{'v2': 1, 'v1': 7}","{'v1': 'B', 'v2': 'L'}",letter,
L3-44-00135-letter,L3-44-00135,letter,,,8,8,True,False,"{'v2': 3, 'v1': 8}","{'v1': 'F', 'v2': 'Y'}",letter,
L3-44-00136-letter,L3-44-00136,letter,,,5,5,True,False,"{'v2': 0, 'v1': 5}","{'v1': 'H', 'v2': 'M'}",letter,
L3-44-00137-letter,L3-44-00137,letter,,,2,2,True,False,"{'v2': 0, 'v1': 2}","{'v1': 'G', 'v2': 'W'}",letter,
L3-44-00138-letter,L3-44-00138,letter,,,2,2,True,False,"{'v2': 0, 'v1': 2}","{'v1': 'K', 'v2': 'N'}",letter,
L3-44-00139-letter,L3-44-00139,letter,,,0,0,True,False,"{'v2': 7, 'v1': 0}","{'v1': 'W', 'v2': 'K'}",letter,
L3-44-00140-letter,L3-44-00140,letter,,,3,3,True,False,"{'v2': 1, 'v1': 3}","{'v1': 'U', 'v2': 'X'}",letter,
L3-44-00141-letter,L3-44-00141,letter,,,5,5,True,False,"{'v2': 3, 'v1': 5}","{'v1': 'A', 'v2': 'G'}",letter,
L3-44-00142-letter,L3-44-00142,letter,,,4,4,True,False,"{'v2': 3, 'v1': 4}","{'v1': 'N', 'v2': 'W'}",letter,
L3-44-00143-letter,L3-44-00143,letter,,,6,6,True,False,"{'v2': 6, 'v1': 6}","{'v1': 'M', 'v2': 'Y'}",letter,
L3-44-00144-letter,L3-44-00144,letter,,,1,1,True,False,"{'v2': 2, 'v1': 1}","{'v1': 'U', 'v2': 'H'}",letter,
L3-44-00145-letter,L3-44-00145,letter,,,9,9,True,False,"{'v2': 8, 'v1': 9}","{'v1': 'S', 'v2': 'C'}",letter,
L3-44-00146-letter,L3-44-00146,letter,,,9,9,True,False,"{'v2': 8, 'v1': 9}","{'v1': 'E', 'v2': 'A'}",letter,
L3-44-00147-letter,L3-44-00147,letter,,,9,9,True,False,"{'v2': 9, 'v1': 9}","{'v1': 'L', 'v2': 'V'}",letter,
L3-44-00148-letter,L3-44-00148,letter,,,5,5,True,False,"{'v2': 3, 'v1': 5}","{'v1': 'G', 'v2': 'E'}",letter,
L3-44-00149-letter,L3-44-00149,letter,,,1,1,True,False,"{'v2': 3, 'v1': 1}","{'v1': 'L', 'v2': 'N'}",letter,
L3-44-00150-letter,L3-44-00150,letter,,,1,1,True,False,"{'v2': 2, 'v1': 1}","{'v1': 'N', 'v2': 'L'}",letter,
L3-44-00151-letter,L3-44-00151,letter,,,8,8,True,False,"{'v2': 8, 'v1': 8}","{'v1': 'J', 'v2': 'Q'}",letter,
L3-44-00152-letter,L3-44-00152,letter,,,5,5,True,False,"{'v2': 0, 'v1': 5}","{'v1': 'M', 'v2': 'J'}",letter,
L3-44-00153-letter,L3-44-00153,letter,,,4,4,True,False,"{'v2': 2, 'v1': 4}","{'v1': 'G', 'v2': 'R'}",letter,
L3-44-00154-letter,L3-44-00154,letter,,,5,5,True,False,"{'v2': 0, 'v1': 5}","{'v1': 'N', 'v2': 'R'}",letter,
L3-44-00155-letter,L3-44-00155,letter,,,0,0,True,False,"{'v2': 1, 'v1': 0}","{'v1': 'M', 'v2': 'L'}",letter,
L3-44-00156-letter,L3-44-00156,letter,,,0,0,True,False,"{'v2': 3, 'v1': 0}","{'v1': 'N', 'v2': 'W'}",letter,
L3-44-00157-letter,L3-44-00157,letter,,,3,3,True,False,"{'v2': 2, 'v1': 3}","{'v1': 'J', 'v2': 'W'}",letter,
L3-44-00158-letter,L3-44-00158,letter,,,8,8,True,False,"{'v2': 1, 'v1': 8}","{'v1': 'T', 'v2': 'X'}",letter,
L3-44-00159-letter,L3-44-00159,letter,,,1,1,True,False,"{'v2': 1, 'v1': 1}","{'v1': 'G', 'v2': 'B'}",letter,
L3-44-00160-letter,L3-44-00160,letter,,,0,0,True,False,"{'v2': 2, 'v1': 0}","{'v1': 'L', 'v2': 'W'}",letter,
L3-44-00161-letter,L3-44-00161,letter,,,1,1,True,False,"{'v2': 0, 'v1': 1}","{'v1': 'W', 'v2': 'S'}",letter,
L3-44-00162-letter,L3-44-00162,letter,,,4,4,True,False,"{'v2': 5, 'v1': 4}","{'v1': 'C', 'v2': 'R'}",letter,
L3-44-00163-letter,L3-44-00163,letter,,,2,2,True,False,"{'v2': 1, 'v1': 2}","{'v1': 'I', 'v2': 'E'}",letter,
L3-44-00164-letter,L3-44-00164,letter,,,5,5,True,False,"{'v2': 0, 'v1': 5}","{'v1': 'K', 'v2': 'P'}",letter,
L3-44-00165-letter,L3-44-00165,letter,,,7,7,True,False,"{'v2': 1, 'v1': 7}","{'v1': 'Z', 'v2': 'O'}",letter,
L3-44-00166-letter,L3-44-00166,letter,,,6,6,True,False,"{'v2': 1, 'v1': 6}","{'v1': 'N', 'v2': 'I'}",letter,
L3-44-00167-letter,L3-44-00167,letter,,,0,0,True,False,"{'v2': 2, 'v1': 0}","{'v1': 'X', 'v2': 'F'}",letter,
L3-44-00168-letter,L3-44-00168,letter,,,4,4,True,False,"{'v2': 1, 'v1': 4}","{'v1': 'K', 'v2': 'Y'}",letter,
L3-44-00169-letter,L3-44-00169,letter,,,8,8,True,False,"{'v2': 6, 'v1': 8}","{'v1': 'U', 'v2': 'K'}",letter,
L3-44-00170-letter,L3-44-00170,letter,,,1,1,True,False,"{'v2': 7, 'v1': 1}","{'v1': 'D', 'v2': 'K'}",letter,
L3-44-00171-letter,L3-44-00171,letter,,,1,1,True,False,"{'v2': 5, 'v1': 1}","{'v1': 'O', 'v2': 'E'}",letter,
L3-44-00172-letter,L3-44-00172,letter,,,8,8,True,False,"{'v2': 0, 'v1': 8}","{'v1': 'X', 'v2': 'F'}",letter,
L3-44-00173-letter,L3-44-00173,letter,,,7,7,True,False,"{'v2': 2, 'v1': 7}","{'v1': 'I', 'v2': 'H'}",letter,
L3-44-00174-letter,L3-44-00174,letter,,,3,3,True,False,"{'v2': 1, 'v1': 3}","{'v1': 'O', 'v2': 'R'}",letter,
L3-44-00175-letter,L3-44-00175,letter,,,0,0,True,False,"{'v2': 1, 'v1': 0}","{'v1': 'R', 'v2': 'C'}",letter,
L3-44-00176-letter,L3-44-00176,letter,,,0,0,True,False,"{'v2': 6, 'v1': 0}","{'v1': 'M', 'v2': 'W'}",letter,
L3-44-00177-letter,L3-44-00177,letter,,,7,7,True,False,"{'v2': 6, 'v1': 7}","{'v1': 'S', 'v2': 'F'}",letter,
L3-44-00178-letter,L3-44-00178,letter,,,7,7,True,False,"{'v2': 1, 'v1': 7}","{'v1': 'S', 'v2': 'Z'}",letter,
L3-44-00179-letter,L3-44-00179,letter,,,6,6,True,False,"{'v2': 2, 'v1': 6}","{'v1': 'U', 'v2': 'H'}",letter,
L3-44-00180-letter,L3-44-00180,letter,,,3,3,True,False,"{'v2': 0, 'v1': 3}","{'v1': 'E', 'v2': 'G'}",letter,
L3-44-00181-letter,L3-44-00181,letter,,,2,2,True,False,"{'v2': 1, 'v1': 2}","{'v1': 'T', 'v2': 'L'}",letter,
L3-44-00182-letter,L3-44-00182,letter,,,2,2,True,False,"{'v2': 6, 'v1': 2}","{'v1': 'X', 'v2': 'N'}",letter,
L3-44-00183-letter,L3-44-00183,letter,,,6,6,True,False,"{'v2': 6, 'v1': 6}","{'v1': 'M', 'v2': 'Y'}",letter,
L3-44-00184-letter,L3-44-00184,letter,,,7,7,True,False,"{'v2': 2, 'v1': 7}","{'v1': 'V', 'v2': 'P'}",letter,
L3-44-00185-letter,L3-44-00185,letter,,,1,1,True,False,"{'v2': 7, 'v1': 1}","{'v1': 'S', 'v2': 'T'}",letter,
L3-44-00186-letter,L3-44-00186,letter,,,5,5,True,False,"{'v2': 0, 'v1': 5}","{'v1': 'A', 'v2': 'U'}",letter,
L3-44-00187-letter,L3-44-00187,letter,,,2,2,True,False,"{'v2': 1, 'v1': 2}","{'v1': 'T', 'v2': 'B'}",letter,
L3-44-00188-letter,L3-44-00188,letter,,,5,5,True,False,"{'v2': 5, 'v1': 5}","{'v1': 'H', 'v2': 'R'}",letter,
L3-44-00189-letter,L3-44-00189,letter,,,6,6,True,False,"{'v2': 0, 'v1': 6}","{'v1': 'N', 'v2': 'U'}",letter,
L3-44-00190-letter,L3-44-00190,letter,,,2,2,True,False,"{'v2': 0, 'v1': 2}","{'v1': 'P', 'v2': 'O'}",letter,
L3-44-00191-letter,L3-44-00191,letter,,,9,9,True,False,"{'v2': 3, 'v1': 9}","{'v1': 'D', 'v2': 'Y'}",letter,
L3-44-00192-letter,L3-44-00192,letter,,,5,5,True,False,"{'v2': 0, 'v1': 5}","{'v1': 'P', 'v2': 'O'}",letter,
L3-44-00193-letter,L3-44-00193,letter,,,5,5,True,False,"{'v2': 2, 'v1': 5}","{'v1': 'S', 'v2': 'Z'}",letter,
L3-44-00194-letter,L3-44-00194,letter,,,6,6,True,False,"{'v2': 1, 'v1': 6}","{'v1': 'P', 'v2': 'D'}",letter,
L3-44-00195-letter,L3-44-00195,letter,,,5,5,True,False,"{'v2': 0, 'v1': 5}","{'v1': 'N', 'v2': 'I'}",letter,
L3-44-00196-letter,L3-44-00196,letter,,,0,0,True,False,"{'v2': 0, 'v1': 0}","{'v1': 'P', 'v2': 'H'}",letter,
L3-44-00197-letter,L3-44-00197,letter,,,6,6,True,False,"{'v2': 1, 'v1': 6}","{'v1': 'O', 'v2': 'G'}",letter,
L3-44-00198-letter,L3-44-00198,letter,,,3,3,True,False,"{'v2': 0, 'v1': 3}","{'v1': 'M', 'v2': 'T'}",letter,
L3-44-00199-letter,L3-44-00199,letter,,,2,2,True,False,"{'v2': 3, 'v1': 2}","{'v1': 'X', 'v2': 'Z'}",letter,
L3-44-00200-letter,L3-44-00200,letter,,,4,4,True,False,"{'v2': 0, 'v1': 4}","{'v1': 'K', 'v2': 'L'}",letter,
L3-44-00201-letter,L3-44-00201,letter,,,9,9,True,False,"{'v2': 1, 'v1': 9}","{'v1': 'Y', 'v2': 'T'}",letter,
L3-44-00202-letter,L3-44-00202,letter,,,5,5,True,False,"{'v2': 2, 'v1': 5}","{'v1': 'E', 'v2': 'B'}",letter,
L3-44-00203-letter,L3-44-00203,letter,,,4,4,True,False,"{'v2': 1, 'v1': 4}","{'v1': 'S', 'v2': 'Z'}",letter,
L3-44-00204-letter,L3-44-00204,letter,,,0,0,True,False,"{'v2': 0, 'v1': 0}","{'v1': 'B', 'v2': 'O'}",letter,
L3-44-00205-letter,L3-44-00205,letter,,,2,2,True,False,"{'v2': 7, 'v1': 2}","{'v1': 'R', 'v2': 'Z'}",letter,
L3-44-00206-letter,L3-44-00206,letter,,,4,4,True,False,"{'v2': 1, 'v1': 4}","{'v1': 'S', 'v2': 'Y'}",letter,
L3-44-00207-letter,L3-44-00207,letter,,,9,9,True,False,"{'v2': 2, 'v1': 9}","{'v1': 'O', 'v2': 'V'}",letter,
L3-44-00208-letter,L3-44-00208,letter,,,4,4,True,False,"{'v2': 3, 'v1': 4}","{'v1': 'X', 'v2': 'K'}",letter,
L3-44-00209-letter,L3-44-00209,letter,,,8,8,True,False,"{'v2': 6, 'v1': 8}","{'v1': 'Z', 'v2': 'L'}",letter,
L3-44-00210-letter,L3-44-00210,letter,,,2,2,True,False,"{'v2': 1, 'v1': 2}","{'v1': 'E', 'v2': 'U'}",letter,
L3-44-00211-letter,L3-44-00211,letter,,,9,9,True,False,"{'v2': 0, 'v1': 9}","{'v1': 'P', 'v2': 'U'}",letter,
L3-44-00212-letter,L3-44-00212,letter,,,0,0,True,False,"{'v2': 0, 'v1': 0}","{'v1': 'T', 'v2': 'G'}",letter,
L3-44-00213-letter,L3-44-00213,letter,,,8,8,True,False,"{'v2': 0, 'v1': 8}","{'v1': 'J', 'v2': 'X'}",letter,
L3-44-00214-letter,L3-44-00214,letter,,,2,2,True,False,"{'v2': 7, 'v1': 2}","{'v1': 'Q', 'v2': 'O'}",letter,
L3-44-00215-letter,L3-44-00215,letter,,,5,5,True,False,"{'v2': 2, 'v1': 5}","{'v1': 'H', 'v2': 'V'}",letter,
L3-44-00216-letter,L3-44-00216,letter,,,1,1,True,False,"{'v2': 1, 'v1': 1}","{'v1': 'Y', 'v2': 'P'}",letter,
L3-44-00217-letter,L3-44-00217,letter,,,4,4,True,False,"{'v2': 1, 'v1': 4}","{'v1': 'D', 'v2': 'S'}",letter,
L3-44-00218-letter,L3-44-00218,letter,,,4,4,True,False,"{'v2': 1, 'v1': 4}","{'v1': 'Y', 'v2': 'F'}",letter,
L3-44-00219-letter,L3-44-00219,letter,,,8,8,True,False,"{'v2': 2, 'v1': 8}","{'v1': 'W', 'v2': 'F'}",letter,
L3-44-00220-letter,L3-44-00220,letter,,,7,7,True,False,"{'v2': 1, 'v1': 7}","{'v1': 'O', 'v2': 'C'}",letter,
L3-44-00221-letter,L3-44-00221,letter,,,6,6,True,False,"{'v2': 3, 'v1': 6}","{'v1': 'Y', 'v2': 'I'}",letter,
L3-44-00222-letter,L3-44-00222,letter,,,6,6,True,False,"{'v2': 6, 'v1': 6}","{'v1': 'U', 'v2': 'P'}",letter,
L3-44-00223-letter,L3-44-00223,letter,,,0,0,True,False,"{'v2': 7, 'v1': 0}","{'v1': 'C', 'v2': 'U'}",letter,
L3-44-00224-letter,L3-44-00224,letter,,,1,1,True,False,"{'v2': 1, 'v1': 1}","{'v1': 'Z', 'v2': 'F'}",letter,
L3-44-00225-letter,L3-44-00225,letter,,,5,5,True,False,"{'v2': 1, 'v1': 5}","{'v1': 'D', 'v2': 'L'}",letter,
L3-44-00226-letter,L3-44-00226,letter,,,8,8,True,False,"{'v2': 1, 'v1': 8}","{'v1': 'W', 'v2': 'H'}",letter,
L3-44-00227-letter,L3-44-00227,letter,,,1,1,True,False,"{'v2': 7, 'v1': 1}","{'v1': 'N', 'v2': 'U'}",letter,
L3-44-00228-letter,L3-44-00228,letter,,,4,4,True,False,"{'v2': 2, 'v1': 4}","{'v1': 'L', 'v2': 'F'}",letter,
L3-44-00229-letter,L3-44-00229,letter,,,5,5,True,False,"{'v2': 0, 'v1': 5}","{'v1': 'E', 'v2': 'V'}",letter,
L3-44-00230-letter,L3-44-00230,letter,,,9,9,True,False,"{'v2': 7, 'v1': 9}","{'v1': 'R', 'v2': 'U'}",letter,
L3-44-00231-letter,L3-44-00231,letter,,,1,1,True,False,"{'v2': 0, 'v1': 1}","{'v1': 'K', 'v2': 'S'}",letter,
L3-44-00232-letter,L3-44-00232,letter,,,2,2,True,False,"{'v2': 1, 'v1': 2}","{'v1': 'D', 'v2': 'W'}",letter,
L3-44-00233-letter,L3-44-00233,letter,,,2,2,True,False,"{'v2': 5, 'v1': 2}","{'v1': 'B', 'v2': 'Y'}",letter,
L3-44-00234-letter,L3-44-00234,letter,,,0,0,True,False,"{'v2': 0, 'v1': 0}","{'v1': 'R', 'v2': 'B'}",letter,
L3-44-00235-letter,L3-44-00235,letter,,,9,9,True,False,"{'v2': 8, 'v1': 9}","{'v1': 'G', 'v2': 'B'}",letter,
L3-44-00236-letter,L3-44-00236,letter,,,7,7,True,False,"{'v2': 2, 'v1': 7}","{'v1': 'S', 'v2': 'L'}",letter,
L3-44-00237-letter,L3-44-00237,letter,,,8,8,True,False,"{'v2': 6, 'v1': 8}","{'v1': 'D', 'v2': 'N'}",letter,
L3-44-00238-letter,L3-44-00238,letter,,,3,3,True,False,"{'v2': 2, 'v1': 3}","{'v1': 'F', 'v2': 'Z'}",letter,
L3-44-00239-letter,L3-44-00239,letter,,,2,2,True,False,"{'v2': 0, 'v1': 2}","{'v1': 'N', 'v2': 'I'}",letter,
L3-44-00240-letter,L3-44-00240,letter,,,1,1,True,False,"{'v2': 5, 'v1': 1}","{'v1': 'L', 'v2': 'P'}",letter,
L3-44-00241-letter,L3-44-00241,letter,,,7,7,True,False,"{'v2': 2, 'v1': 7}","{'v1': 'P', 'v2': 'Z'}",letter,
L3-44-00242-letter,L3-44-00242,letter,,,2,2,True,False,"{'v2': 1, 'v1': 2}","{'v1': 'O', 'v2': 'P'}",letter,
L3-44-00243-letter,L3-44-00243,letter,,,0,0,True,False,"{'v2': 7, 'v1': 0}","{'v1': 'P', 'v2': 'G'}",letter,
L3-44-00244-letter,L3-44-00244,letter,,,6,6,True,False,"{'v2': 5, 'v1': 6}","{'v1': 'N', 'v2': 'E'}",letter,
L3-44-00245-letter,L3-44-00245,letter,,,2,2,True,False,"{'v2': 5, 'v1': 2}","{'v1': 'M', 'v2': 'D'}",letter,
L3-44-00246-letter,L3-44-00246,letter,,,6,6,True,False,"{'v2': 2, 'v1': 6}","{'v1': 'T', 'v2': 'U'}",letter,
L3-44-00247-letter,L3-44-00247,letter,,,1,1,True,False,"{'v2': 8, 'v1': 1}","{'v1': 'Y', 'v2': 'C'}",letter,
L3-44-00248-letter,L3-44-00248,letter,,,4,4,True,False,"{'v2': 0, 'v1': 4}","{'v1': 'B', 'v2': 'K'}",letter,
L3-44-00249-letter,L3-44-00249,letter,,,0,0,True,False,"{'v2': 6, 'v1': 0}","{'v1': 'L', 'v2': 'X'}",letter,
L3-44-00250-letter,L3-44-00250,letter,,,4,4,True,False,"{'v2': 1, 'v1': 4}","{'v1': 'L', 'v2': 'G'}",letter,
L3-44-00251-letter,L3-44-00251,letter,,,7,7,True,False,"{'v2': 0, 'v1': 7}","{'v1': 'N', 'v2': 'Y'}",letter,
L3-44-00252-letter,L3-44-00252,letter,,,0,0,True,False,"{'v2': 2, 'v1': 0}","{'v1': 'S', 'v2': 'V'}",letter,
L3-44-00253-letter,L3-44-00253,letter,,,1,1,True,False,"{'v2': 3, 'v1': 1}","{'v1': 'J', 'v2': 'S'}",letter,
L3-44-00254-letter,L3-44-00254,letter,,,0,0,True,False,"{'v2': 1, 'v1': 0}","{'v1': 'H', 'v2': 'Z'}",letter,
L3-44-00255-letter,L3-44-00255,letter,,,1,1,True,False,"{'v2': 2, 'v1': 1}","{'v1': 'F', 'v2': 'R'}",letter,
L3-44-00256-letter,L3-44-00256,letter,,,8,8,True,False,"{'v2': 8, 'v1': 8}","{'v1': 'T', 'v2': 'I'}",letter,
L3-44-00257-letter,L3-44-00257,letter,,,2,2,True,False,"{'v2': 2, 'v1': 2}","{'v1': 'I', 'v2': 'U'}",letter,
L3-44-00258-letter,L3-44-00258,letter,,,5,5,True,False,"{'v2': 5, 'v1': 5}","{'v1': 'R', 'v2': 'O'}",letter,
L3-44-00259-letter,L3-44-00259,letter,,,9,9,True,False,"{'v2': 0, 'v1': 9}","{'v1': 'M', 'v2': 'Q'}",letter,
L3-44-00260-letter,L3-44-00260,letter,,,4,4,True,False,"{'v2': 1, 'v1': 4}","{'v1': 'M', 'v2': 'C'}",letter,
L3-44-00261-letter,L3-44-00261,letter,,,7,7,True,False,"{'v2': 1, 'v1': 7}","{'v1': 'V', 'v2': 'W'}",letter,
L3-44-00262-letter,L3-44-00262,letter,,,7,7,True,False,"{'v2': 2, 'v1': 7}","{'v1': 'B', 'v2': 'M'}",letter,
L3-44-00263-letter,L3-44-00263,letter,,,9,9,True,False,"{'v2': 2, 'v1': 9}","{'v1': 'X', 'v2': 'Z'}",letter,
L3-44-00264-letter,L3-44-00264,letter,,,6,6,True,False,"{'v2': 6, 'v1': 6}","{'v1': 'A', 'v2': 'U'}",letter,
L3-44-00265-letter,L3-44-00265,letter,,,3,3,True,False,"{'v2': 5, 'v1': 3}","{'v1': 'L', 'v2': 'D'}",letter,
L3-44-00266-letter,L3-44-00266,letter,,,3,3,True,False,"{'v2': 1, 'v1': 3}","{'v1': 'A', 'v2': 'X'}",letter,
L3-44-00267-letter,L3-44-00267,letter,,,7,7,True,False,"{'v2': 0, 'v1': 7}","{'v1': 'Y', 'v2': 'P'}",letter,
L3-44-00268-letter,L3-44-00268,letter,,,4,4,True,False,"{'v2': 0, 'v1': 4}","{'v1': 'Z', 'v2': 'L'}",letter,
L3-44-00269-letter,L3-44-00269,letter,,,6,6,True,False,"{'v2': 0, 'v1': 6}","{'v1': 'B', 'v2': 'X'}",letter,
L3-44-00270-letter,L3-44-00270,letter,,,9,9,True,False,"{'v2': 0, 'v1': 9}","{'v1': 'W', 'v2': 'G'}",letter,
L3-44-00271-letter,L3-44-00271,letter,,,9,9,True,False,"{'v2': 2, 'v1': 9}","{'v1': 'X', 'v2': 'R'}",letter,
L3-44-00272-letter,L3-44-00272,letter,,,6,6,True,False,"{'v2': 0, 'v1': 6}","{'v1': 'Y', 'v2': 'S'}",letter,
L3-44-00273-letter,L3-44-00273,letter,,,8,8,True,False,"{'v2': 5, 'v1': 8}","{'v1': 'T', 'v2': 'L'}",letter,
L3-44-00274-letter,L3-44-00274,letter,,,7,7,True,False,"{'v2': 1, 'v1': 7}","{'v1': 'P', 'v2': 'T'}",letter,
L3-44-00275-letter,L3-44-00275,letter,,,6,6,True,False,"{'v2': 6, 'v1': 6}","{'v1': 'O', 'v2': 'L'}",letter,
L3-44-00276-letter,L3-44-00276,letter,,,4,4,True,False,"{'v2': 2, 'v1': 4}","{'v1': 'W', 'v2': 'F'}",letter,
L3-44-00277-letter,L3-44-00277,letter,,,6,6,True,False,"{'v2': 1, 'v1': 6}","{'v1': 'Q', 'v2': 'E'}",letter,
L3-44-00278-letter,L3-44-00278,letter,,,2,2,True,False,"{'v2': 7, 'v1': 2}","{'v1': 'N', 'v2': 'B'}",letter,
L3-44-00279-letter,L3-44-00279,letter,,,5,5,True,False,"{'v2': 1, 'v1': 5}","{'v1': 'N', 'v2': 'D'}",letter,
L3-44-00280-letter,L3-44-00280,letter,,,4,4,True,False,"{'v2': 2, 'v1': 4}","{'v1': 'C', 'v2': 'L'}",letter,
L3-44-00281-letter,L3-44-00281,letter,,,5,5,True,False,"{'v2': 2, 'v1': 5}","{'v1': 'S', 'v2': 'O'}",letter,
L3-44-00282-letter,L3-44-00282,letter,,,2,2,True,False,"{'v2': 6, 'v1': 2}","{'v1': 'X', 'v2': 'Z'}",letter,
L3-44-00283-letter,L3-44-00283,letter,,,8,8,True,False,"{'v2': 6, 'v1': 8}","{'v1': 'B', 'v2': 'X'}",letter,
L3-44-00284-letter,L3-44-00284,letter,,,3,3,True,False,"{'v2': 1, 'v1': 3}","{'v1': 'U', 'v2': 'E'}",letter,
L3-44-00285-letter,L3-44-00285,letter,,,9,9,True,False,"{'v2': 0, 'v1': 9}","{'v1': 'C', 'v2': 'W'}",letter,
L3-44-00286-letter,L3-44-00286,letter,,,2,2,True,False,"{'v2': 7, 'v1': 2}","{'v1': 'O', 'v2': 'B'}",letter,
L3-44-00287-letter,L3-44-00287,letter,,,2,2,True,False,"{'v2': 6, 'v1': 2}","{'v1': 'G', 'v2': 'L'}",letter,
L3-44-00288-letter,L3-44-00288,letter,,,8,8,True,False,"{'v2': 0, 'v1': 8}","{'v1': 'I', 'v2': 'W'}",letter,
L3-44-00289-letter,L3-44-00289,letter,,,3,3,True,False,"{'v2': 1, 'v1': 3}","{'v1': 'O', 'v2': 'R'}",letter,
L3-44-00290-letter,L3-44-00290,letter,,,7,7,True,False,"{'v2': 1, 'v1': 7}","{'v1': 'L', 'v2': 'H'}",letter,
L3-44-00291-letter,L3-44-00291,letter,,,5,5,True,False,"{'v2': 1, 'v1': 5}","{'v1': 'X', 'v2': 'Y'}",letter,
L3-44-00292-letter,L3-44-00292,letter,,,6,6,True,False,"{'v2': 1, 'v1': 6}","{'v1': 'O', 'v2': 'E'}",letter,
L3-44-00293-letter,L3-44-00293,letter,,,7,7,True,False,"{'v2': 0, 'v1': 7}","{'v1': 'S', 'v2': 'R'}",letter,
L3-44-00294-letter,L3-44-00294,letter,,,1,1,True,False,"{'v2': 1, 'v1': 1}","{'v1': 'R', 'v2': 'G'}",letter,
L3-44-00295-letter,L3-44-00295,letter,,,1,1,True,False,"{'v2': 1, 'v1': 1}","{'v1': 'M', 'v2': 'Q'}",letter,
L3-44-00296-letter,L3-44-00296,letter,,,1,1,True,False,"{'v2': 2, 'v1': 1}","{'v1': 'J', 'v2': 'I'}",letter,
L3-44-00297-letter,L3-44-00297,letter,,,4,4,True,False,"{'v2': 1, 'v1': 4}","{'v1': 'R', 'v2': 'I'}",letter,
L3-44-00298-letter,L3-44-00298,letter,,,6,6,True,False,"{'v2': 0, 'v1': 6}","{'v1': 'D', 'v2': 'V'}",letter,
L3-44-00299-letter,L3-44-00299,letter,,,3,3,True,False,"{'v2': 3, 'v1': 3}","{'v1': 'P', 'v2': 'U'}",letter,
L3-44-00300-letter,L3-44-00300,letter,,,7,7,True,False,"{'v2': 7, 'v1': 7}","{'v1': 'R', 'v2': 'J'}",letter,
L3-44-00301-letter,L3-44-00301,letter,,,0,0,True,False,"{'v2': 5, 'v1': 0}","{'v1': 'T', 'v2': 'R'}",letter,
L3-44-00302-letter,L3-44-00302,letter,,,0,0,True,False,"{'v2': 6, 'v1': 0}","{'v1': 'H', 'v2': 'K'}",letter,
L3-44-00303-letter,L3-44-00303,letter,,,1,1,True,False,"{'v2': 7, 'v1': 1}","{'v1': 'Q', 'v2': 'U'}",letter,
L3-44-00304-letter,L3-44-00304,letter,,,3,3,True,False,"{'v2': 0, 'v1': 3}","{'v1': 'T', 'v2': 'Y'}",letter,
L3-44-00305-letter,L3-44-00305,letter,,,4,4,True,False,"{'v2': 0, 'v1': 4}","{'v1': 'X', 'v2': 'M'}",letter,
L3-44-00306-letter,L3-44-00306,letter,,,6,6,True,False,"{'v2': 6, 'v1': 6}","{'v1': 'T', 'v2': 'O'}",letter,
L3-44-00307-letter,L3-44-00307,letter,,,7,7,True,False,"{'v2': 1, 'v1': 7}","{'v1': 'A', 'v2': 'R'}",letter,
L3-44-00308-letter,L3-44-00308,letter,,,3,3,True,False,"{'v2': 2, 'v1': 3}","{'v1': 'A', 'v2': 'K'}",letter,
L3-44-00309-letter,L3-44-00309,letter,,,9,9,True,False,"{'v2': 6, 'v1': 9}","{'v1': 'B', 'v2': 'J'}",letter,
L3-44-00310-letter,L3-44-00310,letter,,,9,9,True,False,"{'v2': 0, 'v1': 9}","{'v1': 'C', 'v2': 'R'}",letter,
L3-44-00311-letter,L3-44-00311,letter,,,2,2,True,False,"{'v2': 5, 'v1': 2}","{'v1': 'R', 'v2': 'Q'}",letter,
L3-44-00312-letter,L3-44-00312,letter,,,9,9,True,False,"{'v2': 1, 'v1': 9}","{'v1': 'E', 'v2': 'R'}",letter,
L3-44-00313-letter,L3-44-00313,letter,,,3,3,True,False,"{'v2': 2, 'v1': 3}","{'v1': 'N', 'v2': 'W'}",letter,
L3-44-00314-letter,L3-44-00314,letter,,,6,6,True,False,"{'v2': 1, 'v1': 6}","{'v1': 'V', 'v2': 'F'}",letter,
L3-44-00315-letter,L3-44-00315,letter,,,1,1,True,False,"{'v2': 1, 'v1': 1}","{'v1': 'V', 'v2': 'P'}",letter,
L3-44-00316-letter,L3-44-00316,letter,,,1,1,True,False,"{'v2': 1, 'v1': 1}","{'v1': 'L', 'v2': 'I'}",letter,
L3-44-00317-letter,L3-44-00317,letter,,,6,6,True,False,"{'v2': 5, 'v1': 6}","{'v1': 'Z', 'v2': 'T'}",letter,
L3-44-00318-letter,L3-44-00318,letter,,,9,9,True,False,"{'v2': 0, 'v1': 9}","{'v1': 'N', 'v2': 'Z'}",letter,
L3-44-00319-letter,L3-44-00319,letter,,,8,8,True,False,"{'v2': 1, 'v1': 8}","{'v1': 'P', 'v2': 'K'}",letter,
L3-44-00320-letter,L3-44-00320,letter,,,4,4,True,False,"{'v2': 3, 'v1': 4}","{'v1': 'Y', 'v2': 'F'}",letter,
L3-44-00321-letter,L3-44-00321,letter,,,1,1,True,False,"{'v2': 0, 'v1': 1}","{'v1': 'P', 'v2': 'V'}",letter,
L3-44-00322-letter,L3-44-00322,letter,,,9,9,True,False,"{'v2': 0, 'v1': 9}","{'v1': 'I', 'v2': 'C'}",letter,
L3-44-00323-letter,L3-44-00323,letter,,,4,4,True,False,"{'v2': 0, 'v1': 4}","{'v1': 'L', 'v2': 'S'}",letter,
L3-44-00324-letter,L3-44-00324,letter,,,8,8,True,False,"{'v2': 0, 'v1': 8}","{'v1': 'L', 'v2': 'W'}",letter,
L3-44-00325-letter,L3-44-00325,letter,,,7,7,True,False,"{'v2': 1, 'v1': 7}","{'v1': 'B', 'v2': 'F'}",letter,
L3-44-00326-letter,L3-44-00326,letter,,,7,7,True,False,"{'v2': 7, 'v1': 7}","{'v1': 'I', 'v2': 'N'}",letter,
L3-44-00327-letter,L3-44-00327,letter,,,8,8,True,False,"{'v2': 1, 'v1': 8}","{'v1': 'Z', 'v2': 'C'}",letter,
L3-44-00328-letter,L3-44-00328,letter,,,2,2,True,False,"{'v2': 1, 'v1': 2}","{'v1': 'C', 'v2': 'G'}",letter,
L3-44-00329-letter,L3-44-00329,letter,,,6,6,True,False,"{'v2': 3, 'v1': 6}","{'v1': 'V', 'v2': 'T'}",letter,
L3-44-00330-letter,L3-44-00330,letter,,,4,4,True,False,"{'v2': 2, 'v1': 4}","{'v1': 'C', 'v2': 'B'}",letter,
L3-44-00331-letter,L3-44-00331,letter,,,6,6,True,False,"{'v2': 6, 'v1': 6}","{'v1': 'B', 'v2': 'X'}",letter,
L3-44-00332-letter,L3-44-00332,letter,,,7,7,True,False,"{'v2': 1, 'v1': 7}","{'v1': 'A', 'v2': 'M'}",letter,
L3-44-00333-letter,L3-44-00333,letter,,,5,5,True,False,"{'v2': 3, 'v1': 5}","{'v1': 'Q', 'v2': 'T'}",letter,
L3-44-00334-letter,L3-44-00334,letter,,,2,2,True,False,"{'v2': 1, 'v1': 2}","{'v1': 'H', 'v2': 'T'}",letter,
L3-44-00335-letter,L3-44-00335,letter,,,8,8,True,False,"{'v2': 1, 'v1': 8}","{'v1': 'J', 'v2': 'M'}",letter,
L3-44-00336-letter,L3-44-00336,letter,,,0,0,True,False,"{'v2': 5, 'v1': 0}","{'v1': 'Z', 'v2': 'N'}",letter,
L3-44-00337-letter,L3-44-00337,letter,,,1,1,True,False,"{'v2': 2, 'v1': 1}","{'v1': 'Q', 'v2': 'K'}",letter,
L3-44-00338-letter,L3-44-00338,letter,,,4,4,True,False,"{'v2': 2, 'v1': 4}","{'v1': 'B', 'v2': 'D'}",letter,
L3-44-00339-letter,L3-44-00339,letter,,,5,5,True,False,"{'v2': 0, 'v1': 5}","{'v1': 'C', 'v2': 'K'}",letter,
L3-44-00340-letter,L3-44-00340,letter,,,0,0,True,False,"{'v2': 7, 'v1': 0}","{'v1': 'W', 'v2': 'T'}",letter,
L3-44-00341-letter,L3-44-00341,letter,,,1,1,True,False,"{'v2': 2, 'v1': 1}","{'v1': 'F', 'v2': 'C'}",letter,
L3-44-00342-letter,L3-44-00342,letter,,,1,1,True,False,"{'v2': 1, 'v1': 1}","{'v1': 'A', 'v2': 'C'}",letter,
L3-44-00343-letter,L3-44-00343,letter,,,5,5,True,False,"{'v2': 1, 'v1': 5}","{'v1': 'S', 'v2': 'Y'}",letter,
L3-44-00344-letter,L3-44-00344,letter,,,2,2,True,False,"{'v2': 3, 'v1': 2}","{'v1': 'X', 'v2': 'H'}",letter,
L3-44-00345-letter,L3-44-00345,letter,,,6,6,True,False,"{'v2': 6, 'v1': 6}","{'v1': 'G', 'v2': 'Y'}",letter,
L3-44-00346-letter,L3-44-00346,letter,,,2,2,True,False,"{'v2': 0, 'v1': 2}","{'v1': 'Q', 'v2': 'U'}",letter,
L3-44-00347-letter,L3-44-00347,letter,,,8,8,True,False,"{'v2': 5, 'v1': 8}","{'v1': 'D', 'v2': 'O'}",letter,
L3-44-00348-letter,L3-44-00348,letter,,,8,8,True,False,"{'v2': 7, 'v1': 8}","{'v1': 'T', 'v2': 'J'}",letter,
L3-44-00349-letter,L3-44-00349,letter,,,4,4,True,False,"{'v2': 0, 'v1': 4}","{'v1': 'X', 'v2': 'O'}",letter,
L3-44-00350-letter,L3-44-00350,letter,,,7,7,True,False,"{'v2': 7, 'v1': 7}","{'v1': 'H', 'v2': 'M'}",letter,
L3-44-00351-letter,L3-44-00351,letter,,,9,9,True,False,"{'v2': 7, 'v1': 9}","{'v1': 'K', 'v2': 'E'}",letter,
L3-44-00352-letter,L3-44-00352,letter,,,7,7,True,False,"{'v2': 2, 'v1': 7}","{'v1': 'O', 'v2': 'N'}",letter,
L3-44-00353-letter,L3-44-00353,letter,,,9,9,True,False,"{'v2': 1, 'v1': 9}","{'v1': 'O', 'v2': 'Q'}",letter,
L3-44-00354-letter,L3-44-00354,letter,,,8,8,True,False,"{'v2': 8, 'v1': 8}","{'v1': 'Q', 'v2': 'Z'}",letter,
L3-44-00355-letter,L3-44-00355,letter,,,1,1,True,False,"{'v2': 5, 'v1': 1}","{'v1': 'B', 'v2': 'W'}",letter,
L3-44-00356-letter,L3-44-00356,letter,,,4,4,True,False,"{'v2': 5, 'v1': 4}","{'v1': 'Y', 'v2': 'W'}",letter,
L3-44-00357-letter,L3-44-00357,letter,,,3,3,True,False,"{'v2': 1, 'v1': 3}","{'v1': 'C', 'v2': 'W'}",letter,
L3-44-00358-letter,L3-44-00358,letter,,,5,5,True,False,"{'v2': 3, 'v1': 5}","{'v1': 'F', 'v2': 'L'}",letter,
L3-44-00359-letter,L3-44-00359,letter,,,6,6,True,False,"{'v2': 6, 'v1': 6}","{'v1': 'E', 'v2': 'T'}",letter,
L3-44-00360-letter,L3-44-00360,letter,,,9,9,True,False,"{'v2': 0, 'v1': 9}","{'v1': 'O', 'v2': 'J'}",letter,
L3-44-00361-letter,L3-44-00361,letter,,,7,7,True,False,"{'v2': 0, 'v1': 7}","{'v1': 'L', 'v2': 'K'}",letter,
L3-44-00362-letter,L3-44-00362,letter,,,2,2,True,False,"{'v2': 0, 'v1': 2}","{'v1': 'R', 'v2': 'P'}",letter,
L3-44-00363-letter,L3-44-00363,letter,,,8,8,True,False,"{'v2': 1, 'v1': 8}","{'v1': 'I', 'v2': 'P'}",letter,
L3-44-00364-letter,L3-44-00364,letter,,,3,3,True,False,"{'v2': 2, 'v1': 3}","{'v1': 'U', 'v2': 'C'}",letter,
L3-44-00365-letter,L3-44-00365,letter,,,1,1,True,False,"{'v2': 6, 'v1': 1}","{'v1': 'B', 'v2': 'E'}",letter,
L3-44-00366-letter,L3-44-00366,letter,,,9,9,True,False,"{'v2': 0, 'v1': 9}","{'v1': 'F', 'v2': 'J'}",letter,
L3-44-00367-letter,L3-44-00367,letter,,,9,9,True,False,"{'v2': 7, 'v1': 9}","{'v1': 'A', 'v2': 'P'}",letter,
L3-44-00368-letter,L3-44-00368,letter,,,5,5,True,False,"{'v2': 1, 'v1': 5}","{'v1': 'R', 'v2': 'G'}",letter,
L3-44-00369-letter,L3-44-00369,letter,,,8,8,True,False,"{'v2': 5, 'v1': 8}","{'v1': 'Y', 'v2': 'K'}",letter,
L3-44-00370-letter,L3-44-00370,letter,,,6,6,True,False,"{'v2': 1, 'v1': 6}","{'v1': 'A', 'v2': 'N'}",letter,
L3-44-00371-letter,L3-44-00371,letter,,,1,1,True,False,"{'v2': 6, 'v1': 1}","{'v1': 'N', 'v2': 'V'}",letter,
L3-44-00372-letter,L3-44-00372,letter,,,9,9,True,False,"{'v2': 9, 'v1': 9}","{'v1': 'S', 'v2': 'C'}",letter,
L3-44-00373-letter,L3-44-00373,letter,,,2,2,True,False,"{'v2': 7, 'v1': 2}","{'v1': 'P', 'v2': 'Z'}",letter,
L3-44-00374-letter,L3-44-00374,letter,,,7,7,True,False,"{'v2': 5, 'v1': 7}","{'v1': 'H', 'v2': 'C'}",letter,
L3-44-00375-letter,L3-44-00375,letter,,,0,0,True,False,"{'v2': 8, 'v1': 0}","{'v1': 'K', 'v2': 'B'}",letter,
L3-44-00376-letter,L3-44-00376,letter,,,2,2,True,False,"{'v2': 0, 'v1': 2}","{'v1': 'V', 'v2': 'A'}",letter,
L3-44-00377-letter,L3-44-00377,letter,,,8,8,True,False,"{'v2': 8, 'v1': 8}","{'v1': 'W', 'v2': 'U'}",letter,
L3-44-00378-letter,L3-44-00378,letter,,,0,0,True,False,"{'v2': 9, 'v1': 0}","{'v1': 'P', 'v2': 'S'}",letter,
L3-44-00379-letter,L3-44-00379,letter,,,2,2,True,False,"{'v2': 0, 'v1': 2}","{'v1': 'U', 'v2': 'H'}",letter,
L3-44-00380-letter,L3-44-00380,letter,,,5,5,True,False,"{'v2': 5, 'v1': 5}","{'v1': 'E', 'v2': 'Q'}",letter,
L3-44-00381-letter,L3-44-00381,letter,,,0,0,True,False,"{'v2': 6, 'v1': 0}","{'v1': 'P', 'v2': 'A'}",letter,
L3-44-00382-letter,L3-44-00382,letter,,,7,7,True,False,"{'v2': 1, 'v1': 7}","{'v1': 'K', 'v2': 'N'}",letter,
L3-44-00383-letter,L3-44-00383,letter,,,8,8,True,False,"{'v2': 6, 'v1': 8}","{'v1': 'W', 'v2': 'U'}",letter,
L3-44-00384-letter,L3-44-00384,letter,,,6,6,True,False,"{'v2': 0, 'v1': 6}","{'v1': 'J', 'v2': 'Y'}",letter,
L3-44-00385-letter,L3-44-00385,letter,,,3,3,True,False,"{'v2': 2, 'v1': 3}","{'v1': 'T', 'v2': 'V'}",letter,
L3-44-00386-letter,L3-44-00386,letter,,,8,8,True,False,"{'v2': 2, 'v1': 8}","{'v1': 'E', 'v2': 'G'}",letter,
L3-44-00387-letter,L3-44-00387,letter,,,3,3,True,False,"{'v2': 6, 'v1': 3}","{'v1': 'M', 'v2': 'H'}",letter,
L3-44-00388-letter,L3-44-00388,letter,,,4,4,True,False,"{'v2': 0, 'v1': 4}","{'v1': 'G', 'v2': 'T'}",letter,
L3-44-00389-letter,L3-44-00389,letter,,,3,3,True,False,"{'v2': 2, 'v1': 3}","{'v1': 'J', 'v2': 'T'}",letter,
L3-44-00390-letter,L3-44-00390,letter,,,7,7,True,False,"{'v2': 7, 'v1': 7}","{'v1': 'V', 'v2': 'L'}",letter,
L3-44-00391-letter,L3-44-00391,letter,,,3,3,True,False,"{'v2': 3, 'v1': 3}","{'v1': 'W', 'v2': 'M'}",letter,
L3-44-00392-letter,L3-44-00392,letter,,,3,3,True,False,"{'v2': 6, 'v1': 3}","{'v1': 'V', 'v2': 'W'}",letter,
L3-44-00393-letter,L3-44-00393,letter,,,5,5,True,False,"{'v2': 2, 'v1': 5}","{'v1': 'E', 'v2': 'J'}",letter,
L3-44-00394-letter,L3-44-00394,letter,,,2,2,True,False,"{'v2': 7, 'v1': 2}","{'v1': 'D', 'v2': 'R'}",letter,
L3-44-00395-letter,L3-44-00395,letter,,,0,0,True,False,"{'v2': 2, 'v1': 0}","{'v1': 'B', 'v2': 'Q'}",letter,
L3-44-00396-letter,L3-44-00396,letter,,,4,4,True,False,"{'v2': 1, 'v1': 4}","{'v1': 'F', 'v2': 'H'}",letter,
L3-44-00397-letter,L3-44-00397,letter,,,3,3,True,False,"{'v2': 5, 'v1': 3}","{'v1': 'R', 'v2': 'G'}",letter,
L3-44-00398-letter,L3-44-00398,letter,,,6,6,True,False,"{'v2': 2, 'v1': 6}","{'v1': 'I', 'v2': 'A'}",letter,
L3-44-00399-letter,L3-44-00399,letter,,,5,5,True,False,"{'v2': 3, 'v1': 5}","{'v1': 'L', 'v2': 'G'}",letter,
L3-44-00400-letter,L3-44-00400,letter,,,8,8,True,False,"{'v2': 6, 'v1': 8}","{'v1': 'D', 'v2': 'Z'}",letter,
L3-44-00401-letter,L3-44-00401,letter,,,4,4,True,False,"{'v2': 1, 'v1': 4}","{'v1': 'T', 'v2': 'E'}",letter,
L3-44-00402-letter,L3-44-00402,letter,,,2,2,True,False,"{'v2': 1, 'v1': 2}","{'v1': 'Y', 'v2': 'E'}",letter,
L3-44-00403-letter,L3-44-00403,letter,,,8,8,True,False,"{'v2': 7, 'v1': 8}","{'v1': 'Y', 'v2': 'K'}",letter,
L3-44-00404-letter,L3-44-00404,letter,,,0,0,True,False,"{'v2': 1, 'v1': 0}","{'v1': 'F', 'v2': 'L'}",letter,
L3-44-00405-letter,L3-44-00405,letter,,,1,1,True,False,"{'v2': 6, 'v1': 1}","{'v1': 'R', 'v2': 'S'}",letter,
L3-44-00406-letter,L3-44-00406,letter,,,5,5,True,False,"{'v2': 2, 'v1': 5}","{'v1': 'U', 'v2': 'Y'}",letter,
L3-44-00407-letter,L3-44-00407,letter,,,4,4,True,False,"{'v2': 0, 'v1': 4}","{'v1': 'F', 'v2': 'O'}",letter,
L3-44-00408-letter,L3-44-00408,letter,,,4,4,True,False,"{'v2': 5, 'v1': 4}","{'v1': 'Q', 'v2': 'L'}",letter,
L3-44-00409-letter,L3-44-00409,letter,,,3,3,True,False,"{'v2': 6, 'v1': 3}","{'v1': 'W', 'v2': 'C'}",letter,
L3-44-00410-letter,L3-44-00410,letter,,,9,9,True,False,"{'v2': 3, 'v1': 9}","{'v1': 'Y', 'v2': 'A'}",letter,
L3-44-00411-letter,L3-44-00411,letter,,,7,7,True,False,"{'v2': 1, 'v1': 7}","{'v1': 'N', 'v2': 'W'}",letter,
L3-44-00412-letter,L3-44-00412,letter,,,3,3,True,False,"{'v2': 0, 'v1': 3}","{'v1': 'N', 'v2': 'W'}",letter,
L3-44-00413-letter,L3-44-00413,letter,,,3,3,True,False,"{'v2': 1, 'v1': 3}","{'v1': 'U', 'v2': 'B'}",letter,
L3-44-00414-letter,L3-44-00414,letter,,,1,1,True,False,"{'v2': 3, 'v1': 1}","{'v1': 'L', 'v2': 'Q'}",letter,
L3-44-00415-letter,L3-44-00415,letter,,,9,9,True,False,"{'v2': 6, 'v1': 9}","{'v1': 'Z', 'v2': 'L'}",letter,
L3-44-00416-letter,L3-44-00416,letter,,,4,4,True,False,"{'v2': 2, 'v1': 4}","{'v1': 'T', 'v2': 'K'}",letter,
L3-44-00417-letter,L3-44-00417,letter,,,5,5,True,False,"{'v2': 0, 'v1': 5}","{'v1': 'W', 'v2': 'Q'}",letter,
L3-44-00418-letter,L3-44-00418,letter,,,2,2,True,False,"{'v2': 0, 'v1': 2}","{'v1': 'E', 'v2': 'U'}",letter,
L3-44-00419-letter,L3-44-00419,letter,,,0,0,True,False,"{'v2': 1, 'v1': 0}","{'v1': 'C', 'v2': 'Y'}",letter,
L3-44-00420-letter,L3-44-00420,letter,,,3,3,True,False,"{'v2': 5, 'v1': 3}","{'v1': 'M', 'v2': 'C'}",letter,
L3-44-00421-letter,L3-44-00421,letter,,,2,2,True,False,"{'v2': 5, 'v1': 2}","{'v1': 'Q', 'v2': 'S'}",letter,
L3-44-00422-letter,L3-44-00422,letter,,,6,6,True,False,"{'v2': 3, 'v1': 6}","{'v1': 'M', 'v2': 'H'}",letter,
L3-44-00423-letter,L3-44-00423,letter,,,2,2,True,False,"{'v2': 3, 'v1': 2}","{'v1': 'W', 'v2': 'C'}",letter,
L3-44-00424-letter,L3-44-00424,letter,,,1,1,True,False,"{'v2': 5, 'v1': 1}","{'v1': 'K', 'v2': 'Y'}",letter,
L3-44-00425-letter,L3-44-00425,letter,,,8,8,True,False,"{'v2': 0, 'v1': 8}","{'v1': 'E', 'v2': 'L'}",letter,
L3-44-00426-letter,L3-44-00426,letter,,,4,4,True,False,"{'v2': 1, 'v1': 4}","{'v1': 'H', 'v2': 'U'}",letter,
L3-44-00427-letter,L3-44-00427,letter,,,4,4,True,False,"{'v2': 5, 'v1': 4}","{'v1': 'X', 'v2': 'D'}",letter,
L3-44-00428-letter,L3-44-00428,letter,,,4,4,True,False,"{'v2': 2, 'v1': 4}","{'v1': 'B', 'v2': 'U'}",letter,
L3-44-00429-letter,L3-44-00429,letter,,,1,1,True,False,"{'v2': 7, 'v1': 1}","{'v1': 'I', 'v2': 'E'}",letter,
L3-44-00430-letter,L3-44-00430,letter,,,1,1,True,False,"{'v2': 5, 'v1': 1}","{'v1': 'R', 'v2': 'C'}",letter,
L3-44-00431-letter,L3-44-00431,letter,,,1,1,True,False,"{'v2': 1, 'v1': 1}","{'v1': 'Q', 'v2': 'J'}",letter,
L3-44-00432-letter,L3-44-00432,letter,,,7,7,True,False,"{'v2': 3, 'v1': 7}","{'v1': 'U', 'v2': 'V'}",letter,
L3-44-00433-letter,L3-44-00433,letter,,,6,6,True,False,"{'v2': 1, 'v1': 6}","{'v1': 'B', 'v2': 'M'}",letter,
L3-44-00434-letter,L3-44-00434,letter,,,1,1,True,False,"{'v2': 6, 'v1': 1}","{'v1': 'D', 'v2': 'Z'}",letter,
L3-44-00435-letter,L3-44-00435,letter,,,8,8,True,False,"{'v2': 8, 'v1': 8}","{'v1': 'S', 'v2': 'M'}",letter,
L3-44-00436-letter,L3-44-00436,letter,,,2,2,True,False,"{'v2': 2, 'v1': 2}","{'v1': 'R', 'v2': 'H'}",letter,
L3-44-00437-letter,L3-44-00437,letter,,,6,6,True,False,"{'v2': 0, 'v1': 6}","{'v1': 'C', 'v2': 'R'}",letter,
L3-44-00438-letter,L3-44-00438,letter,,,2,2,True,False,"{'v2': 7, 'v1': 2}","{'v1': 'U', 'v2': 'M'}",letter,
L3-44-00439-letter,L3-44-00439,letter,,,2,2,True,False,"{'v2': 5, 'v1': 2}","{'v1': 'V', 'v2': 'N'}",letter,
L3-44-00440-letter,L3-44-00440,letter,,,4,4,True,False,"{'v2': 3, 'v1': 4}","{'v1': 'E', 'v2': 'A'}",letter,
L3-44-00441-letter,L3-44-00441,letter,,,1,1,True,False,"{'v2': 2, 'v1': 1}","{'v1': 'C', 'v2': 'B'}",letter,
L3-44-00442-letter,L3-44-00442,letter,,,5,5,True,False,"{'v2': 1, 'v1': 5}","{'v1': 'V', 'v2': 'K'}",letter,
L3-44-00443-letter,L3-44-00443,letter,,,6,6,True,False,"{'v2': 3, 'v1': 6}","{'v1': 'J', 'v2': 'Z'}",letter,
L3-44-00444-letter,L3-44-00444,letter,,,2,2,True,False,"{'v2': 1, 'v1': 2}","{'v1': 'P', 'v2': 'C'}",letter,
L3-44-00445-letter,L3-44-00445,letter,,,9,9,True,False,"{'v2': 0, 'v1': 9}","{'v1': 'K', 'v2': 'T'}",letter,
L3-44-00446-letter,L3-44-00446,letter,,,1,1,True,False,"{'v2': 1, 'v1': 1}","{'v1': 'L', 'v2': 'A'}",letter,
L3-44-00447-letter,L3-44-00447,letter,,,7,7,True,False,"{'v2': 1, 'v1': 7}","{'v1': 'B', 'v2': 'Q'}",letter,
L3-44-00448-letter,L3-44-00448,letter,,,9,9,True,False,"{'v2': 0, 'v1': 9}","{'v1': 'U', 'v2': 'X'}",letter,
L3-44-00449-letter,L3-44-00449,letter,,,1,1,True,False,"{'v2': 8, 'v1': 1}","{'v1': 'O', 'v2': 'I'}",letter,
L3-44-00450-letter,L3-44-00450,letter,,,0,0,True,False,"{'v2': 7, 'v1': 0}","{'v1': 'G', 'v2': 'K'}",letter,
L3-44-00451-letter,L3-44-00451,letter,,,7,7,True,False,"{'v2': 1, 'v1': 7}","{'v1': 'S', 'v2': 'L'}",letter,
L3-44-00452-letter,L3-44-00452,letter,,,6,6,True,False,"{'v2': 0, 'v1': 6}","{'v1': 'P', 'v2': 'M'}",letter,
L3-44-00453-letter,L3-44-00453,letter,,,7,7,True,False,"{'v2': 0, 'v1': 7}","{'v1': 'E', 'v2': 'Y'}",letter,
L3-44-00454-letter,L3-44-00454,letter,,,6,6,True,False,"{'v2': 1, 'v1': 6}","{'v1': 'L', 'v2': 'I'}",letter,
L3-44-00455-letter,L3-44-00455,letter,,,9,9,True,False,"{'v2': 9, 'v1': 9}","{'v1': 'W', 'v2': 'N'}",letter,
L3-44-00456-letter,L3-44-00456,letter,,,7,7,True,False,"{'v2': 0, 'v1': 7}","{'v1': 'D', 'v2': 'V'}",letter,
L3-44-00457-letter,L3-44-00457,letter,,,9,9,True,False,"{'v2': 9, 'v1': 9}","{'v1': 'D', 'v2': 'E'}",letter,
L3-44-00458-letter,L3-44-00458,letter,,,5,5,True,False,"{'v2': 0, 'v1': 5}","{'v1': 'P', 'v2': 'U'}",letter,
L3-44-00459-letter,L3-44-00459,letter,,,4,4,True,False,"{'v2': 0, 'v1': 4}","{'v1': 'Y', 'v2': 'R'}",letter,
L3-44-00460-letter,L3-44-00460,letter,,,8,8,True,False,"{'v2': 1, 'v1': 8}","{'v1': 'H', 'v2': 'T'}",letter,
L3-44-00461-letter,L3-44-00461,letter,,,1,1,True,False,"{'v2': 3, 'v1': 1}","{'v1': 'S', 'v2': 'Y'}",letter,
L3-44-00462-letter,L3-44-00462,letter,,,9,9,True,False,"{'v2': 9, 'v1': 9}","{'v1': 'X', 'v2': 'M'}",letter,
L3-44-00463-letter,L3-44-00463,letter,,,6,6,True,False,"{'v2': 0, 'v1': 6}","{'v1': 'I', 'v2': 'Z'}",letter,
L3-44-00464-letter,L3-44-00464,letter,,,4,4,True,False,"{'v2': 2, 'v1': 4}","{'v1': 'R', 'v2': 'P'}",letter,
L3-44-00465-letter,L3-44-00465,letter,,,1,1,True,False,"{'v2': 7, 'v1': 1}","{'v1': 'Q', 'v2': 'W'}",letter,
L3-44-00466-letter,L3-44-00466,letter,,,2,2,True,False,"{'v2': 2, 'v1': 2}","{'v1': 'T', 'v2': 'F'}",letter,
L3-44-00467-letter,L3-44-00467,letter,,,5,5,True,False,"{'v2': 1, 'v1': 5}","{'v1': 'M', 'v2': 'J'}",letter,
L3-44-00468-letter,L3-44-00468,letter,,,8,8,True,False,"{'v2': 7, 'v1': 8}","{'v1': 'H', 'v2': 'J'}",letter,
L3-44-00469-letter,L3-44-00469,letter,,,2,2,True,False,"{'v2': 7, 'v1': 2}","{'v1': 'S', 'v2': 'U'}",letter,
L3-44-00470-letter,L3-44-00470,letter,,,0,0,True,False,"{'v2': 9, 'v1': 0}","{'v1': 'Y', 'v2': 'Z'}",letter,
L3-44-00471-letter,L3-44-00471,letter,,,1,1,True,False,"{'v2': 0, 'v1': 1}","{'v1': 'X', 'v2': 'A'}",letter,
L3-44-00472-letter,L3-44-00472,letter,,,0,0,True,False,"{'v2': 0, 'v1': 0}","{'v1': 'Z', 'v2': 'S'}",letter,
L3-44-00473-letter,L3-44-00473,letter,,,5,5,True,False,"{'v2': 1, 'v1': 5}","{'v1': 'M', 'v2': 'P'}",letter,
L3-44-00474-letter,L3-44-00474,letter,,,3,3,True,False,"{'v2': 1, 'v1': 3}","{'v1': 'W', 'v2': 'S'}",letter,
L3-44-00475-letter,L3-44-00475,letter,,,2,2,True,False,"{'v2': 1, 'v1': 2}","{'v1': 'M', 'v2': 'D'}",letter,
L3-44-00476-letter,L3-44-00476,letter,,,9,9,True,False,"{'v2': 9, 'v1': 9}","{'v1': 'V', 'v2': 'T'}",letter,
L3-44-00477-letter,L3-44-00477,letter,,,5,5,True,False,"{'v2': 1, 'v1': 5}","{'v1': 'J', 'v2': 'M'}",letter,
L3-44-00478-letter,L3-44-00478,letter,,,9,9,True,False,"{'v2': 1, 'v1': 9}","{'v1': 'I', 'v2': 'G'}",letter,
L3-44-00479-letter,L3-44-00479,letter,,,0,0,True,False,"{'v2': 2, 'v1': 0}","{'v1': 'C', 'v2': 'Y'}",letter,
L3-44-00480-letter,L3-44-00480,letter,,,7,7,True,False,"{'v2': 7, 'v1': 7}","{'v1': 'K', 'v2': 'S'}",letter,
L3-44-00481-letter,L3-44-00481,letter,,,3,3,True,False,"{'v2': 2, 'v1': 3}","{'v1': 'Y', 'v2': 'M'}",letter,
L3-44-00482-letter,L3-44-00482,letter,,,7,7,True,False,"{'v2': 5, 'v1': 7}","{'v1': 'E', 'v2': 'B'}",letter,
L3-44-00483-letter,L3-44-00483,letter,,,9,9,True,False,"{'v2': 5, 'v1': 9}","{'v1': 'V', 'v2': 'W'}",letter,
L3-44-00484-letter,L3-44-00484,letter,,,6,6,True,False,"{'v2': 6, 'v1': 6}","{'v1': 'K', 'v2': 'C'}",letter,
L3-44-00485-letter,L3-44-00485,letter,,,1,1,True,False,"{'v2': 0, 'v1': 1}","{'v1': 'Z', 'v2': 'P'}",letter,
L3-44-00486-letter,L3-44-00486,letter,,,3,3,True,False,"{'v2': 2, 'v1': 3}","{'v1': 'B', 'v2': 'Y'}",letter,
L3-44-00487-letter,L3-44-00487,letter,,,7,7,True,False,"{'v2': 2, 'v1': 7}","{'v1': 'D', 'v2': 'C'}",letter,
L3-44-00488-letter,L3-44-00488,letter,,,2,2,True,False,"{'v2': 7, 'v1': 2}","{'v1': 'P', 'v2': 'O'}",letter,
L3-44-00489-letter,L3-44-00489,letter,,,0,0,True,False,"{'v2': 7, 'v1': 0}","{'v1': 'Q', 'v2': 'I'}",letter,
L3-44-00490-letter,L3-44-00490,letter,,,0,0,True,False,"{'v2': 0, 'v1': 0}","{'v1': 'A', 'v2': 'V'}",letter,
L3-44-00491-letter,L3-44-00491,letter,,,2,2,True,False,"{'v2': 7, 'v1': 2}","{'v1': 'S', 'v2': 'F'}",letter,
L3-44-00492-letter,L3-44-00492,letter,,,9,9,True,False,"{'v2': 2, 'v1': 9}","{'v1': 'G', 'v2': 'U'}",letter,
L3-44-00493-letter,L3-44-00493,letter,,,1,1,True,False,"{'v2': 6, 'v1': 1}","{'v1': 'O', 'v2': 'W'}",letter,
L3-44-00494-letter,L3-44-00494,letter,,,1,1,True,False,"{'v2': 7, 'v1': 1}","{'v1': 'T', 'v2': 'C'}",letter,
L3-44-00495-letter,L3-44-00495,letter,,,3,3,True,False,"{'v2': 5, 'v1': 3}","{'v1': 'B', 'v2': 'Y'}",letter,
L3-44-00496-letter,L3-44-00496,letter,,,9,9,True,False,"{'v2': 1, 'v1': 9}","{'v1': 'Z', 'v2': 'M'}",letter,
L3-44-00497-letter,L3-44-00497,letter,,,7,7,True,False,"{'v2': 1, 'v1': 7}","{'v1': 'H', 'v2': 'Y'}",letter,
L3-44-00498-letter,L3-44-00498,letter,,,0,0,True,False,"{'v2': 5, 'v1': 0}","{'v1': 'H', 'v2': 'L'}",letter,
L3-44-00499-letter,L3-44-00499,letter,,,0,0,True,False,"{'v2': 0, 'v1': 0}","{'v1': 'I', 'v2': 'V'}",letter,
L3-44-00500-letter,L3-44-00500,letter,,,2,2,True,False,"{'v2': 2, 'v1': 2}","{'v1': 'F', 'v2': 'P'}",letter,
L3-44-00501-letter,L3-44-00501,letter,,,9,9,True,False,"{'v2': 1, 'v1': 9}","{'v1': 'K', 'v2': 'U'}",letter,
L3-44-00502-letter,L3-44-00502,letter,,,6,6,True,False,"{'v2': 5, 'v1': 6}","{'v1': 'A', 'v2': 'Y'}",letter,
L3-44-00503-letter,L3-44-00503,letter,,,0,0,True,False,"{'v2': 0, 'v1': 0}","{'v1': 'V', 'v2': 'P'}",letter,
L3-44-00504-letter,L3-44-00504,letter,,,1,1,True,False,"{'v2': 1, 'v1': 1}","{'v1': 'V', 'v2': 'U'}",letter,
L3-44-00505-letter,L3-44-00505,letter,,,2,2,True,False,"{'v2': 5, 'v1': 2}","{'v1': 'A', 'v2': 'C'}",letter,
L3-44-00506-letter,L3-44-00506,letter,,,9,9,True,False,"{'v2': 6, 'v1': 9}","{'v1': 'V', 'v2': 'G'}",letter,
L3-44-00507-letter,L3-44-00507,letter,,,9,9,True,False,"{'v2': 5, 'v1': 9}","{'v1': 'Y', 'v2': 'U'}",letter,
L3-44-00508-letter,L3-44-00508,letter,,,5,5,True,False,"{'v2': 0, 'v1': 5}","{'v1': 'T', 'v2': 'O'}",letter,
L3-44-00509-letter,L3-44-00509,letter,,,3,3,True,False,"{'v2': 2, 'v1': 3}","{'v1': 'T', 'v2': 'P'}",letter,
L3-44-00510-letter,L3-44-00510,letter,,,1,1,True,False,"{'v2': 5, 'v1': 1}","{'v1': 'G', 'v2': 'N'}",letter,
L3-44-00511-letter,L3-44-00511,letter,,,5,5,True,False,"{'v2': 3, 'v1': 5}","{'v1': 'A', 'v2': 'S'}",letter,
L3-44-00512-letter,L3-44-00512,letter,,,5,5,True,False,"{'v2': 2, 'v1': 5}","{'v1': 'Y', 'v2': 'W'}",letter,
L3-44-00513-letter,L3-44-00513,letter,,,4,4,True,False,"{'v2': 2, 'v1': 4}","{'v1': 'Q', 'v2': 'Z'}",letter,
L3-44-00514-letter,L3-44-00514,letter,,,3,3,True,False,"{'v2': 0, 'v1': 3}","{'v1': 'X', 'v2': 'V'}",letter,
L3-44-00515-letter,L3-44-00515,letter,,,5,5,True,False,"{'v2': 1, 'v1': 5}","{'v1': 'P', 'v2': 'M'}",letter,
L3-44-00516-letter,L3-44-00516,letter,,,1,1,True,False,"{'v2': 1, 'v1': 1}","{'v1': 'A', 'v2': 'E'}",letter,
L3-44-00517-letter,L3-44-00517,letter,,,2,2,True,False,"{'v2': 0, 'v1': 2}","{'v1': 'K', 'v2': 'D'}",letter,
L3-44-00518-letter,L3-44-00518,letter,,,3,3,True,False,"{'v2': 2, 'v1': 3}","{'v1': 'S', 'v2': 'N'}",letter,
L3-44-00519-letter,L3-44-00519,letter,,,4,4,True,False,"{'v2': 5, 'v1': 4}","{'v1': 'S', 'v2': 'Y'}",letter,
L3-44-00520-letter,L3-44-00520,letter,,,7,7,True,False,"{'v2': 2, 'v1': 7}","{'v1': 'J', 'v2': 'O'}",letter,
L3-44-00521-letter,L3-44-00521,letter,,,3,3,True,False,"{'v2': 1, 'v1': 3}","{'v1': 'M', 'v2': 'U'}",letter,
L3-44-00522-letter,L3-44-00522,letter,,,0,0,True,False,"{'v2': 7, 'v1': 0}","{'v1': 'R', 'v2': 'E'}",letter,
L3-44-00523-letter,L3-44-00523,letter,,,7,7,True,False,"{'v2': 1, 'v1': 7}","{'v1': 'D', 'v2': 'C'}",letter,
L3-44-00524-letter,L3-44-00524,letter,,,5,5,True,False,"{'v2': 0, 'v1': 5}","{'v1': 'L', 'v2': 'H'}",letter,
L3-44-00525-letter,L3-44-00525,letter,,,0,0,True,False,"{'v2': 0, 'v1': 0}","{'v1': 'F', 'v2': 'Q'}",letter,
L3-44-00526-letter,L3-44-00526,letter,,,1,1,True,False,"{'v2': 5, 'v1': 1}","{'v1': 'T', 'v2': 'J'}",letter,
L3-44-00527-letter,L3-44-00527,letter,,,7,7,True,False,"{'v2': 1, 'v1': 7}","{'v1': 'Z', 'v2': 'C'}",letter,
L3-44-00528-letter,L3-44-00528,letter,,,0,0,True,False,"{'v2': 7, 'v1': 0}","{'v1': 'P', 'v2': 'V'}",letter,
L3-44-00529-letter,L3-44-00529,letter,,,2,2,True,False,"{'v2': 1, 'v1': 2}","{'v1': 'R', 'v2': 'L'}",letter,
L3-44-00530-letter,L3-44-00530,letter,,,2,2,True,False,"{'v2': 6, 'v1': 2}","{'v1': 'G', 'v2': 'N'}",letter,
L3-44-00531-letter,L3-44-00531,letter,,,8,8,True,False,"{'v2': 8, 'v1': 8}","{'v1': 'J', 'v2': 'B'}",letter,
L3-44-00532-letter,L3-44-00532,letter,,,0,0,True,False,"{'v2': 1, 'v1': 0}","{'v1': 'L', 'v2': 'R'}",letter,
L3-44-00533-letter,L3-44-00533,letter,,,9,9,True,False,"{'v2': 7, 'v1': 9}","{'v1': 'I', 'v2': 'A'}",letter,
L3-44-00534-letter,L3-44-00534,letter,,,6,6,True,False,"{'v2': 1, 'v1': 6}","{'v1': 'R', 'v2': 'I'}",letter,
L3-44-00535-letter,L3-44-00535,letter,,,3,3,True,False,"{'v2': 0, 'v1': 3}","{'v1': 'I', 'v2': 'D'}",letter,
L3-44-00536-letter,L3-44-00536,letter,,,9,9,True,False,"{'v2': 8, 'v1': 9}","{'v1': 'P', 'v2': 'G'}",letter,
L3-44-00537-letter,L3-44-00537,letter,,,0,0,True,False,"{'v2': 0, 'v1': 0}","{'v1': 'R', 'v2': 'Q'}",letter,
L3-44-00538-letter,L3-44-00538,letter,,,1,1,True,False,"{'v2': 3, 'v1': 1}","{'v1': 'U', 'v2': 'E'}",letter,
L3-44-00539-letter,L3-44-00539,letter,,,3,3,True,False,"{'v2': 0, 'v1': 3}","{'v1': 'G', 'v2': 'B'}",letter,
L3-44-00540-letter,L3-44-00540,letter,,,4,4,True,False,"{'v2': 2, 'v1': 4}","{'v1': 'J', 'v2': 'V'}",letter,
L3-44-00541-letter,L3-44-00541,letter,,,0,0,True,False,"{'v2': 6, 'v1': 0}","{'v1': 'B', 'v2': 'P'}",letter,
L3-44-00542-letter,L3-44-00542,letter,,,8,8,True,False,"{'v2': 5, 'v1': 8}","{'v1': 'M', 'v2': 'D'}",letter,
L3-44-00543-letter,L3-44-00543,letter,,,5,5,True,False,"{'v2': 1, 'v1': 5}","{'v1': 'X', 'v2': 'C'}",letter,
L3-44-00544-letter,L3-44-00544,letter,,,2,2,True,False,"{'v2': 0, 'v1': 2}","{'v1': 'R', 'v2': 'A'}",letter,
L3-44-00545-letter,L3-44-00545,letter,,,7,7,True,False,"{'v2': 1, 'v1': 7}","{'v1': 'O', 'v2': 'S'}",letter,
L3-44-00546-letter,L3-44-00546,letter,,,9,9,True,False,"{'v2': 1, 'v1': 9}","{'v1': 'J', 'v2': 'M'}",letter,
L3-44-00547-letter,L3-44-00547,letter,,,1,1,True,False,"{'v2': 6, 'v1': 1}","{'v1': 'I', 'v2': 'Z'}",letter,
L3-44-00548-letter,L3-44-00548,letter,,,4,4,True,False,"{'v2': 5, 'v1': 4}","{'v1': 'Q', 'v2': 'X'}",letter,
L3-44-00549-letter,L3-44-00549,letter,,,5,5,True,False,"{'v2': 0, 'v1': 5}","{'v1': 'M', 'v2': 'A'}",letter,
L3-44-00550-letter,L3-44-00550,letter,,,4,4,True,False,"{'v2': 5, 'v1': 4}","{'v1': 'G', 'v2': 'E'}",letter,
L3-44-00551-letter,L3-44-00551,letter,,,2,2,True,False,"{'v2': 0, 'v1': 2}","{'v1': 'S', 'v2': 'I'}",letter,
L3-44-00552-letter,L3-44-00552,letter,,,1,1,True,False,"{'v2': 2, 'v1': 1}","{'v1': 'D', 'v2': 'P'}",letter,
L3-44-00553-letter,L3-44-00553,letter,,,7,7,True,False,"{'v2': 1, 'v1': 7}","{'v1': 'E', 'v2': 'I'}",letter,
L3-44-00554-letter,L3-44-00554,letter,,,7,7,True,False,"{'v2': 0, 'v1': 7}","{'v1': 'S', 'v2': 'Z'}",letter,
L3-44-00555-letter,L3-44-00555,letter,,,7,7,True,False,"{'v2': 1, 'v1': 7}","{'v1': 'B', 'v2': 'W'}",letter,
L3-44-00556-letter,L3-44-00556,letter,,,1,1,True,False,"{'v2': 7, 'v1': 1}","{'v1': 'J', 'v2': 'Z'}",letter,
L3-44-00557-letter,L3-44-00557,letter,,,7,7,True,False,"{'v2': 2, 'v1': 7}","{'v1': 'P', 'v2': 'Q'}",letter,
L3-44-00558-letter,L3-44-00558,letter,,,4,4,True,False,"{'v2': 2, 'v1': 4}","{'v1': 'L', 'v2': 'Z'}",letter,
L3-44-00559-letter,L3-44-00559,letter,,,4,4,True,False,"{'v2': 0, 'v1': 4}","{'v1': 'A', 'v2': 'E'}",letter,
L3-44-00560-letter,L3-44-00560,letter,,,5,5,True,False,"{'v2': 1, 'v1': 5}","{'v1': 'A', 'v2': 'S'}",letter,
L3-44-00561-letter,L3-44-00561,letter,,,8,8,True,False,"{'v2': 1, 'v1': 8}","{'v1': 'T', 'v2': 'D'}",letter,
L3-44-00562-letter,L3-44-00562,letter,,,5,5,True,False,"{'v2': 2, 'v1': 5}","{'v1': 'F', 'v2': 'B'}",letter,
L3-44-00563-letter,L3-44-00563,letter,,,9,9,True,False,"{'v2': 7, 'v1': 9}","{'v1': 'K', 'v2': 'T'}",letter,
L3-44-00564-letter,L3-44-00564,letter,,,1,1,True,False,"{'v2': 1, 'v1': 1}","{'v1': 'S', 'v2': 'K'}",letter,
L3-44-00565-letter,L3-44-00565,letter,,,2,2,True,False,"{'v2': 2, 'v1': 2}","{'v1': 'H', 'v2': 'G'}",letter,
L3-44-00566-letter,L3-44-00566,letter,,,7,7,True,False,"{'v2': 6, 'v1': 7}","{'v1': 'N', 'v2': 'Q'}",letter,
L3-44-00567-letter,L3-44-00567,letter,,,0,0,True,False,"{'v2': 6, 'v1': 0}","{'v1': 'J', 'v2': 'Z'}",letter,
L3-44-00568-letter,L3-44-00568,letter,,,8,8,True,False,"{'v2': 6, 'v1': 8}","{'v1': 'I', 'v2': 'Y'}",letter,
L3-44-00569-letter,L3-44-00569,letter,,,3,3,True,False,"{'v2': 0, 'v1': 3}","{'v1': 'Z', 'v2': 'W'}",letter,
L3-44-00570-letter,L3-44-00570,letter,,,8,8,True,False,"{'v2': 0, 'v1': 8}","{'v1': 'C', 'v2': 'X'}",letter,
L3-44-00571-letter,L3-44-00571,letter,,,1,1,True,False,"{'v2': 3, 'v1': 1}","{'v1': 'H', 'v2': 'M'}",letter,
L3-44-00572-letter,L3-44-00572,letter,,,3,3,True,False,"{'v2': 1, 'v1': 3}","{'v1': 'S', 'v2': 'O'}",letter,
L3-44-00573-letter,L3-44-00573,letter,,,7,7,True,False,"{'v2': 0, 'v1': 7}","{'v1': 'Q', 'v2': 'A'}",letter,
L3-44-00574-letter,L3-44-00574,letter,,,7,7,True,False,"{'v2': 1, 'v1': 7}","{'v1': 'O', 'v2': 'M'}",letter,
L3-44-00575-letter,L3-44-00575,letter,,,5,5,True,False,"{'v2': 2, 'v1': 5}","{'v1': 'C', 'v2': 'B'}",letter,
L3-44-00576-letter,L3-44-00576,letter,,,1,1,True,False,"{'v2': 1, 'v1': 1}","{'v1': 'U', 'v2': 'X'}",letter,
L3-44-00577-letter,L3-44-00577,letter,,,2,2,True,False,"{'v2': 0, 'v1': 2}","{'v1': 'B', 'v2': 'W'}",letter,
L3-44-00578-letter,L3-44-00578,letter,,,1,1,True,False,"{'v2': 0, 'v1': 1}","{'v1': 'J', 'v2': 'H'}",letter,
L3-44-00579-letter,L3-44-00579,letter,,,9,9,True,False,"{'v2': 2, 'v1': 9}","{'v1': 'B', 'v2': 'R'}",letter,
L3-44-00580-letter,L3-44-00580,letter,,,4,4,True,False,"{'v2': 0, 'v1': 4}","{'v1': 'W', 'v2': 'A'}",letter,
L3-44-00581-letter,L3-44-00581,letter,,,6,6,True,False,"{'v2': 1, 'v1': 6}","{'v1': 'A', 'v2': 'E'}",letter,
L3-44-00582-letter,L3-44-00582,letter,,,9,9,True,False,"{'v2': 2, 'v1': 9}","{'v1': 'M', 'v2': 'K'}",letter,
L3-44-00583-letter,L3-44-00583,letter,,,1,1,True,False,"{'v2': 5, 'v1': 1}","{'v1': 'I', 'v2': 'C'}",letter,
L3-44-00584-letter,L3-44-00584,letter,,,4,4,True,False,"{'v2': 1, 'v1': 4}","{'v1': 'P', 'v2': 'G'}",letter,
L3-44-00585-letter,L3-44-00585,letter,,,9,9,True,False,"{'v2': 0, 'v1': 9}","{'v1': 'H', 'v2': 'J'}",letter,
L3-44-00586-letter,L3-44-00586,letter,,,3,3,True,False,"{'v2': 6, 'v1': 3}","{'v1': 'D', 'v2': 'M'}",letter,
L3-44-00587-letter,L3-44-00587,letter,,,0,0,True,False,"{'v2': 0, 'v1': 0}","{'v1': 'R', 'v2': 'E'}",letter,
L3-44-00588-letter,L3-44-00588,letter,,,8,8,True,False,"{'v2': 7, 'v1': 8}","{'v1': 'W', 'v2': 'V'}",letter,
L3-44-00589-letter,L3-44-00589,letter,,,6,6,True,False,"{'v2': 1, 'v1': 6}","{'v1': 'S', 'v2': 'W'}",letter,
L3-44-00590-letter,L3-44-00590,letter,,,5,5,True,False,"{'v2': 5, 'v1': 5}","{'v1': 'J', 'v2': 'S'}",letter,
L3-44-00591-letter,L3-44-00591,letter,,,3,3,True,False,"{'v2': 1, 'v1': 3}","{'v1': 'K', 'v2': 'Q'}",letter,
L3-44-00592-letter,L3-44-00592,letter,,,3,3,True,False,"{'v2': 0, 'v1': 3}","{'v1': 'N', 'v2': 'X'}",letter,
L3-44-00593-letter,L3-44-00593,letter,,,1,1,True,False,"{'v2': 6, 'v1': 1}","{'v1': 'N', 'v2': 'V'}",letter,
L3-44-00594-letter,L3-44-00594,letter,,,2,2,True,False,"{'v2': 2, 'v1': 2}","{'v1': 'Z', 'v2': 'H'}",letter,
L3-44-00595-letter,L3-44-00595,letter,,,6,6,True,False,"{'v2': 1, 'v1': 6}","{'v1': 'A', 'v2': 'V'}",letter,
L3-44-00596-letter,L3-44-00596,letter,,,1,1,True,False,"{'v2': 6, 'v1': 1}","{'v1': 'F', 'v2': 'D'}",letter,
L3-44-00597-letter,L3-44-00597,letter,,,4,4,True,False,"{'v2': 3, 'v1': 4}","{'v1': 'C', 'v2': 'D'}",letter,
L3-44-00598-letter,L3-44-00598,letter,,,6,6,True,False,"{'v2': 5, 'v1': 6}","{'v1': 'L', 'v2': 'B'}",letter,
L3-44-00599-letter,L3-44-00599,letter,,,0,0,True,False,"{'v2': 8, 'v1': 0}","{'v1': 'D', 'v2': 'R'}",letter,
L3-44-00600-letter,L3-44-00600,letter,,,0,0,True,False,"{'v2': 8, 'v1': 0}","{'v1': 'O', 'v2': 'Q'}",letter,
L3-44-00601-letter,L3-44-00601,letter,,,5,5,True,False,"{'v2': 1, 'v1': 5}","{'v1': 'D', 'v2': 'M'}",letter,
L3-44-00602-letter,L3-44-00602,letter,,,3,3,True,False,"{'v2': 0, 'v1': 3}","{'v1': 'N', 'v2': 'F'}",letter,
L3-44-00603-letter,L3-44-00603,letter,,,9,9,True,False,"{'v2': 1, 'v1': 9}","{'v1': 'M', 'v2': 'B'}",letter,
L3-44-00604-letter,L3-44-00604,letter,,,9,9,True,False,"{'v2': 7, 'v1': 9}","{'v1': 'U', 'v2': 'B'}",letter,
L3-44-00605-letter,L3-44-00605,letter,,,8,8,True,False,"{'v2': 2, 'v1': 8}","{'v1': 'S', 'v2': 'L'}",letter,
L3-44-00606-letter,L3-44-00606,letter,,,6,6,True,False,"{'v2': 0, 'v1': 6}","{'v1': 'V', 'v2': 'I'}",letter,
L3-44-00607-letter,L3-44-00607,letter,,,2,2,True,False,"{'v2': 1, 'v1': 2}","{'v1': 'B', 'v2': 'R'}",letter,
L3-44-00608-letter,L3-44-00608,letter,,,4,4,True,False,"{'v2': 3, 'v1': 4}","{'v1': 'T', 'v2': 'L'}",letter,
L3-44-00609-letter,L3-44-00609,letter,,,2,2,True,False,"{'v2': 1, 'v1': 2}","{'v1': 'Y', 'v2': 'Z'}",letter,
L3-44-00610-letter,L3-44-00610,letter,,,1,1,True,False,"{'v2': 6, 'v1': 1}","{'v1': 'K', 'v2': 'N'}",letter,
L3-44-00611-letter,L3-44-00611,letter,,,7,7,True,False,"{'v2': 5, 'v1': 7}","{'v1': 'L', 'v2': 'Z'}",letter,
L3-44-00612-letter,L3-44-00612,letter,,,9,9,True,False,"{'v2': 1, 'v1': 9}","{'v1': 'F', 'v2': 'K'}",letter,
L3-44-00613-letter,L3-44-00613,letter,,,9,9,True,False,"{'v2': 8, 'v1': 9}","{'v1': 'D', 'v2': 'E'}",letter,
L3-44-00614-letter,L3-44-00614,letter,,,9,9,True,False,"{'v2': 1, 'v1': 9}","{'v1': 'Y', 'v2': 'L'}",letter,
L3-44-00615-letter,L3-44-00615,letter,,,7,7,True,False,"{'v2': 1, 'v1': 7}","{'v1': 'D', 'v2': 'T'}",letter,
L3-44-00616-letter,L3-44-00616,letter,,,9,9,True,False,"{'v2': 7, 'v1': 9}","{'v1': 'V', 'v2': 'P'}",letter,
L3-44-00617-letter,L3-44-00617,letter,,,9,9,True,False,"{'v2': 0, 'v1': 9}","{'v1': 'D', 'v2': 'Y'}",letter,
L3-44-00618-letter,L3-44-00618,letter,,,5,5,True,False,"{'v2': 2, 'v1': 5}","{'v1': 'H', 'v2': 'M'}",letter,
L3-44-00619-letter,L3-44-00619,letter,,,1,1,True,False,"{'v2': 6, 'v1': 1}","{'v1': 'V', 'v2': 'J'}",letter,
L3-44-00620-letter,L3-44-00620,letter,,,4,4,True,False,"{'v2': 0, 'v1': 4}","{'v1': 'R', 'v2': 'J'}",letter,
L3-44-00621-letter,L3-44-00621,letter,,,2,2,True,False,"{'v2': 6, 'v1': 2}","{'v1': 'R', 'v2': 'G'}",letter,
L3-44-00622-letter,L3-44-00622,letter,,,9,9,True,False,"{'v2': 8, 'v1': 9}","{'v1': 'A', 'v2': 'M'}",letter,
L3-44-00623-letter,L3-44-00623,letter,,,4,4,True,False,"{'v2': 0, 'v1': 4}","{'v1': 'E', 'v2': 'Q'}",letter,
L3-44-00624-letter,L3-44-00624,letter,,,9,9,True,False,"{'v2': 7, 'v1': 9}","{'v1': 'X', 'v2': 'S'}",letter,
L3-44-00625-letter,L3-44-00625,letter,,,8,8,True,False,"{'v2': 0, 'v1': 8}","{'v1': 'L', 'v2': 'E'}",letter,
L3-44-00626-letter,L3-44-00626,letter,,,5,5,True,False,"{'v2': 0, 'v1': 5}","{'v1': 'I', 'v2': 'K'}",letter,
L3-44-00627-letter,L3-44-00627,letter,,,9,9,True,False,"{'v2': 7, 'v1': 9}","{'v1': 'M', 'v2': 'A'}",letter,
L3-44-00628-letter,L3-44-00628,letter,,,4,4,True,False,"{'v2': 0, 'v1': 4}","{'v1': 'X', 'v2': 'R'}",letter,
L3-44-00629-letter,L3-44-00629,letter,,,6,6,True,False,"{'v2': 3, 'v1': 6}","{'v1': 'W', 'v2': 'T'}",letter,
L3-44-00630-letter,L3-44-00630,letter,,,5,5,True,False,"{'v2': 5, 'v1': 5}","{'v1': 'F', 'v2': 'K'}",letter,
L3-44-00631-letter,L3-44-00631,letter,,,7,7,True,False,"{'v2': 0, 'v1': 7}","{'v1': 'F', 'v2': 'K'}",letter,
L3-44-00632-letter,L3-44-00632,letter,,,2,2,True,False,"{'v2': 1, 'v1': 2}","{'v1': 'E', 'v2': 'L'}",letter,
L3-44-00633-letter,L3-44-00633,letter,,,1,1,True,False,"{'v2': 1, 'v1': 1}","{'v1': 'T', 'v2': 'I'}",letter,
L3-44-00634-letter,L3-44-00634,letter,,,0,0,True,False,"{'v2': 1, 'v1': 0}","{'v1': 'C', 'v2': 'B'}",letter,
L3-44-00635-letter,L3-44-00635,letter,,,0,0,True,False,"{'v2': 9, 'v1': 0}","{'v1': 'K', 'v2': 'M'}",letter,
L3-44-00636-letter,L3-44-00636,letter,,,2,2,True,False,"{'v2': 6, 'v1': 2}","{'v1': 'R', 'v2': 'Z'}",letter,
L3-44-00637-letter,L3-44-00637,letter,,,9,9,True,False,"{'v2': 8, 'v1': 9}","{'v1': 'T', 'v2': 'X'}",letter,
L3-44-00638-letter,L3-44-00638,letter,,,4,4,True,False,"{'v2': 1, 'v1': 4}","{'v1': 'T', 'v2': 'P'}",letter,
L3-44-00639-letter,L3-44-00639,letter,,,5,5,True,False,"{'v2': 1, 'v1': 5}","{'v1': 'T', 'v2': 'E'}",letter,
L3-44-00640-letter,L3-44-00640,letter,,,8,8,True,False,"{'v2': 5, 'v1': 8}","{'v1': 'Y', 'v2': 'R'}",letter,
L3-44-00641-letter,L3-44-00641,letter,,,0,0,True,False,"{'v2': 8, 'v1': 0}","{'v1': 'F', 'v2': 'J'}",letter,
L3-44-00642-letter,L3-44-00642,letter,,,4,4,True,False,"{'v2': 3, 'v1': 4}","{'v1': 'R', 'v2': 'N'}",letter,
L3-44-00643-letter,L3-44-00643,letter,,,3,3,True,False,"{'v2': 1, 'v1': 3}","{'v1': 'Y', 'v2': 'L'}",letter,
L3-44-00644-letter,L3-44-00644,letter,,,7,7,True,False,"{'v2': 1, 'v1': 7}","{'v1': 'G', 'v2': 'V'}",letter,
L3-44-00645-letter,L3-44-00645,letter,,,2,2,True,False,"{'v2': 2, 'v1': 2}","{'v1': 'W', 'v2': 'Q'}",letter,
L3-44-00646-letter,L3-44-00646,letter,,,2,2,True,False,"{'v2': 0, 'v1': 2}","{'v1': 'C', 'v2': 'P'}",letter,
L3-44-00647-letter,L3-44-00647,letter,,,9,9,True,False,"{'v2': 0, 'v1': 9}","{'v1': 'T', 'v2': 'F'}",letter,
L3-44-00648-letter,L3-44-00648,letter,,,5,5,True,False,"{'v2': 0, 'v1': 5}","{'v1': 'A', 'v2': 'T'}",letter,
L3-44-00649-letter,L3-44-00649,letter,,,4,4,True,False,"{'v2': 2, 'v1': 4}","{'v1': 'V', 'v2': 'P'}",letter,
L3-44-00650-letter,L3-44-00650,letter,,,0,0,True,False,"{'v2': 6, 'v1': 0}","{'v1': 'C', 'v2': 'T'}",letter,
L3-44-00651-letter,L3-44-00651,letter,,,7,7,True,False,"{'v2': 2, 'v1': 7}","{'v1': 'M', 'v2': 'K'}",letter,
L3-44-00652-letter,L3-44-00652,letter,,,4,4,True,False,"{'v2': 1, 'v1': 4}","{'v1': 'J', 'v2': 'D'}",letter,
L3-44-00653-letter,L3-44-00653,letter,,,1,1,True,False,"{'v2': 6, 'v1': 1}","{'v1': 'D', 'v2': 'F'}",letter,
L3-44-00654-letter,L3-44-00654,letter,,,1,1,True,False,"{'v2': 6, 'v1': 1}","{'v1': 'K', 'v2': 'P'}",letter,
L3-44-00655-letter,L3-44-00655,letter,,,6,6,True,False,"{'v2': 1, 'v1': 6}","{'v1': 'I', 'v2': 'J'}",letter,
L3-44-00656-letter,L3-44-00656,letter,,,7,7,True,False,"{'v2': 2, 'v1': 7}","{'v1': 'E', 'v2': 'Y'}",letter,
L3-44-00657-letter,L3-44-00657,letter,,,1,1,True,False,"{'v2': 7, 'v1': 1}","{'v1': 'J', 'v2': 'H'}",letter,
L3-44-00658-letter,L3-44-00658,letter,,,4,4,True,False,"{'v2': 1, 'v1': 4}","{'v1': 'T', 'v2': 'Y'}",letter,
L3-44-00659-letter,L3-44-00659,letter,,,9,9,True,False,"{'v2': 3, 'v1': 9}","{'v1': 'I', 'v2': 'R'}",letter,
L3-44-00660-letter,L3-44-00660,letter,,,2,2,True,False,"{'v2': 7, 'v1': 2}","{'v1': 'H', 'v2': 'I'}",letter,
L3-44-00661-letter,L3-44-00661,letter,,,9,9,True,False,"{'v2': 5, 'v1': 9}","{'v1': 'Y', 'v2': 'T'}",letter,
L3-44-00662-letter,L3-44-00662,letter,,,3,3,True,False,"{'v2': 5, 'v1': 3}","{'v1': 'Y', 'v2': 'P'}",letter,
L3-44-00663-letter,L3-44-00663,letter,,,1,1,True,False,"{'v2': 1, 'v1': 1}","{'v1': 'I', 'v2': 'O'}",letter,
L3-44-00664-letter,L3-44-00664,letter,,,1,1,True,False,"{'v2': 5, 'v1': 1}","{'v1': 'P', 'v2': 'A'}",letter,
L3-44-00665-letter,L3-44-00665,letter,,,9,9,True,False,"{'v2': 5, 'v1': 9}","{'v1': 'Q', 'v2': 'N'}",letter,
L3-44-00666-letter,L3-44-00666,letter,,,0,0,True,False,"{'v2': 6, 'v1': 0}","{'v1': 'L', 'v2': 'J'}",letter,
L3-44-00667-letter,L3-44-00667,letter,,,4,4,True,False,"{'v2': 2, 'v1': 4}","{'v1': 'A', 'v2': 'C'}",letter,
L3-44-00668-letter,L3-44-00668,letter,,,4,4,True,False,"{'v2': 5, 'v1': 4}","{'v1': 'X', 'v2': 'D'}",letter,
L3-44-00669-letter,L3-44-00669,letter,,,4,4,True,False,"{'v2': 2, 'v1': 4}","{'v1': 'N', 'v2': 'L'}",letter,
L3-44-00670-letter,L3-44-00670,letter,,,3,3,True,False,"{'v2': 3, 'v1': 3}","{'v1': 'F', 'v2': 'G'}",letter,
L3-44-00671-letter,L3-44-00671,letter,,,3,3,True,False,"{'v2': 0, 'v1': 3}","{'v1': 'J', 'v2': 'V'}",letter,
L3-44-00672-letter,L3-44-00672,letter,,,9,9,True,False,"{'v2': 7, 'v1': 9}","{'v1': 'E', 'v2': 'H'}",letter,
L3-44-00673-letter,L3-44-00673,letter,,,9,9,True,False,"{'v2': 1, 'v1': 9}","{'v1': 'X', 'v2': 'M'}",letter,
L3-44-00674-letter,L3-44-00674,letter,,,0,0,True,False,"{'v2': 2, 'v1': 0}","{'v1': 'N', 'v2': 'D'}",letter,
L3-44-00675-letter,L3-44-00675,letter,,,8,8,True,False,"{'v2': 2, 'v1': 8}","{'v1': 'Y', 'v2': 'T'}",letter,
L3-44-00676-letter,L3-44-00676,letter,,,9,9,True,False,"{'v2': 2, 'v1': 9}","{'v1': 'T', 'v2': 'D'}",letter,
L3-44-00677-letter,L3-44-00677,letter,,,5,5,True,False,"{'v2': 1, 'v1': 5}","{'v1': 'O', 'v2': 'B'}",letter,
L3-44-00678-letter,L3-44-00678,letter,,,8,8,True,False,"{'v2': 0, 'v1': 8}","{'v1': 'A', 'v2': 'Q'}",letter,
L3-44-00679-letter,L3-44-00679,letter,,,8,8,True,False,"{'v2': 1, 'v1': 8}","{'v1': 'U', 'v2': 'E'}",letter,
L3-44-00680-letter,L3-44-00680,letter,,,8,8,True,False,"{'v2': 1, 'v1': 8}","{'v1': 'W', 'v2': 'J'}",letter,
L3-44-00681-letter,L3-44-00681,letter,,,0,0,True,False,"{'v2': 9, 'v1': 0}","{'v1': 'H', 'v2': 'D'}",letter,
L3-44-00682-letter,L3-44-00682,letter,,,9,9,True,False,"{'v2': 5, 'v1': 9}","{'v1': 'D', 'v2': 'B'}",letter,
L3-44-00683-letter,L3-44-00683,letter,,,5,5,True,False,"{'v2': 1, 'v1': 5}","{'v1': 'H', 'v2': 'I'}",letter,
L3-44-00684-letter,L3-44-00684,letter,,,5,5,True,False,"{'v2': 0, 'v1': 5}","{'v1': 'U', 'v2': 'S'}",letter,
L3-44-00685-letter,L3-44-00685,letter,,,1,1,True,False,"{'v2': 1, 'v1': 1}","{'v1': 'Y', 'v2': 'N'}",letter,
L3-44-00686-letter,L3-44-00686,letter,,,2,2,True,False,"{'v2': 0, 'v1': 2}","{'v1': 'O', 'v2': 'J'}",letter,
L3-44-00687-letter,L3-44-00687,letter,,,9,9,True,False,"{'v2': 0, 'v1': 9}","{'v1': 'Z', 'v2': 'K'}",letter,
L3-44-00688-letter,L3-44-00688,letter,,,8,8,True,False,"{'v2': 1, 'v1': 8}","{'v1': 'M', 'v2': 'T'}",letter,
L3-44-00689-letter,L3-44-00689,letter,,,7,7,True,False,"{'v2': 6, 'v1': 7}","{'v1': 'T', 'v2': 'F'}",letter,
L3-44-00690-letter,L3-44-00690,letter,,,7,7,True,False,"{'v2': 5, 'v1': 7}","{'v1': 'J', 'v2': 'I'}",letter,
L3-44-00691-letter,L3-44-00691,letter,,,9,9,True,False,"{'v2': 8, 'v1': 9}","{'v1': 'Z', 'v2': 'C'}",letter,
L3-44-00692-letter,L3-44-00692,letter,,,6,6,True,False,"{'v2': 1, 'v1': 6}","{'v1': 'D', 'v2': 'B'}",letter,
L3-44-00693-letter,L3-44-00693,letter,,,3,3,True,False,"{'v2': 5, 'v1': 3}","{'v1': 'L', 'v2': 'K'}",letter,
L3-44-00694-letter,L3-44-00694,letter,,,7,7,True,False,"{'v2': 0, 'v1': 7}","{'v1': 'O', 'v2': 'E'}",letter,
L3-44-00695-letter,L3-44-00695,letter,,,1,1,True,False,"{'v2': 1, 'v1': 1}","{'v1': 'J', 'v2': 'Y'}",letter,
L3-44-00696-letter,L3-44-00696,letter,,,4,4,True,False,"{'v2': 2, 'v1': 4}","{'v1': 'V', 'v2': 'O'}",letter,
L3-44-00697-letter,L3-44-00697,letter,,,1,1,True,False,"{'v2': 1, 'v1': 1}","{'v1': 'Z', 'v2': 'I'}",letter,
L3-44-00698-letter,L3-44-00698,letter,,,7,7,True,False,"{'v2': 1, 'v1': 7}","{'v1': 'H', 'v2': 'G'}",letter,
L3-44-00699-letter,L3-44-00699,letter,,,7,7,True,False,"{'v2': 1, 'v1': 7}","{'v1': 'Z', 'v2': 'S'}",letter,
L3-44-00700-letter,L3-44-00700,letter,,,7,7,True,False,"{'v2': 7, 'v1': 7}","{'v1': 'A', 'v2': 'D'}",letter,
L3-44-00701-letter,L3-44-00701,letter,,,4,4,True,False,"{'v2': 1, 'v1': 4}","{'v1': 'N', 'v2': 'Q'}",letter,
L3-44-00702-letter,L3-44-00702,letter,,,7,7,True,False,"{'v2': 1, 'v1': 7}","{'v1': 'X', 'v2': 'W'}",letter,
L3-44-00703-letter,L3-44-00703,letter,,,0,0,True,False,"{'v2': 1, 'v1': 0}","{'v1': 'Z', 'v2': 'F'}",letter,
L3-44-00704-letter,L3-44-00704,letter,,,8,8,True,False,"{'v2': 5, 'v1': 8}","{'v1': 'H', 'v2': 'Z'}",letter,
L3-44-00705-letter,L3-44-00705,letter,,,0,0,True,False,"{'v2': 6, 'v1': 0}","{'v1': 'I', 'v2': 'L'}",letter,
L3-44-00706-letter,L3-44-00706,letter,,,5,5,True,False,"{'v2': 5, 'v1': 5}","{'v1': 'V', 'v2': 'M'}",letter,
L3-44-00707-letter,L3-44-00707,letter,,,5,5,True,False,"{'v2': 1, 'v1': 5}","{'v1': 'F', 'v2': 'P'}",letter,
L3-44-00708-letter,L3-44-00708,letter,,,6,6,True,False,"{'v2': 1, 'v1': 6}","{'v1': 'B', 'v2': 'T'}",letter,
L3-44-00709-letter,L3-44-00709,letter,,,1,1,True,False,"{'v2': 0, 'v1': 1}","{'v1': 'Q', 'v2': 'A'}",letter,
L3-44-00710-letter,L3-44-00710,letter,,,2,2,True,False,"{'v2': 1, 'v1': 2}","{'v1': 'Q', 'v2': 'U'}",letter,
L3-44-00711-letter,L3-44-00711,letter,,,6,6,True,False,"{'v2': 0, 'v1': 6}","{'v1': 'P', 'v2': 'N'}",letter,
L3-44-00712-letter,L3-44-00712,letter,,,3,3,True,False,"{'v2': 1, 'v1': 3}","{'v1': 'V', 'v2': 'M'}",letter,
L3-44-00713-letter,L3-44-00713,letter,,,3,3,True,False,"{'v2': 2, 'v1': 3}","{'v1': 'J', 'v2': 'D'}",letter,
L3-44-00714-letter,L3-44-00714,letter,,,9,9,True,False,"{'v2': 7, 'v1': 9}","{'v1': 'H', 'v2': 'C'}",letter,
L3-44-00715-letter,L3-44-00715,letter,,,8,8,True,False,"{'v2': 1, 'v1': 8}","{'v1': 'E', 'v2': 'O'}",letter,
L3-44-00716-letter,L3-44-00716,letter,,,4,4,True,False,"{'v2': 2, 'v1': 4}","{'v1': 'A', 'v2': 'K'}",letter,
L3-44-00717-letter,L3-44-00717,letter,,,9,9,True,False,"{'v2': 8, 'v1': 9}","{'v1': 'D', 'v2': 'K'}",letter,
L3-44-00718-letter,L3-44-00718,letter,,,3,3,True,False,"{'v2': 1, 'v1': 3}","{'v1': 'Z', 'v2': 'J'}",letter,
L3-44-00719-letter,L3-44-00719,letter,,,0,0,True,False,"{'v2': 0, 'v1': 0}","{'v1': 'T', 'v2': 'P'}",letter,
L3-44-00720-letter,L3-44-00720,letter,,,4,4,True,False,"{'v2': 1, 'v1': 4}","{'v1': 'I', 'v2': 'H'}",letter,
L3-44-00721-letter,L3-44-00721,letter,,,2,2,True,False,"{'v2': 5, 'v1': 2}","{'v1': 'X', 'v2': 'K'}",letter,
L3-44-00722-letter,L3-44-00722,letter,,,5,5,True,False,"{'v2': 3, 'v1': 5}","{'v1': 'O', 'v2': 'H'}",letter,
L3-44-00723-letter,L3-44-00723,letter,,,5,5,True,False,"{'v2': 0, 'v1': 5}","{'v1': 'Y', 'v2': 'Z'}",letter,
L3-44-00724-letter,L3-44-00724,letter,,,8,8,True,False,"{'v2': 2, 'v1': 8}","{'v1': 'D', 'v2': 'L'}",letter,
L3-44-00725-letter,L3-44-00725,letter,,,4,4,True,False,"{'v2': 3, 'v1': 4}","{'v1': 'U', 'v2': 'X'}",letter,
L3-44-00726-letter,L3-44-00726,letter,,,7,7,True,False,"{'v2': 5, 'v1': 7}","{'v1': 'N', 'v2': 'I'}",letter,
L3-44-00727-letter,L3-44-00727,letter,,,5,5,True,False,"{'v2': 5, 'v1': 5}","{'v1': 'U', 'v2': 'J'}",letter,
L3-44-00728-letter,L3-44-00728,letter,,,2,2,True,False,"{'v2': 2, 'v1': 2}","{'v1': 'A', 'v2': 'N'}",letter,
L3-44-00729-letter,L3-44-00729,letter,,,9,9,True,False,"{'v2': 0, 'v1': 9}","{'v1': 'M', 'v2': 'G'}",letter,
L3-44-00730-letter,L3-44-00730,letter,,,3,3,True,False,"{'v2': 6, 'v1': 3}","{'v1': 'W', 'v2': 'Y'}",letter,
L3-44-00731-letter,L3-44-00731,letter,,,4,4,True,False,"{'v2': 5, 'v1': 4}","{'v1': 'N', 'v2': 'Y'}",letter,
L3-44-00732-letter,L3-44-00732,letter,,,6,6,True,False,"{'v2': 1, 'v1': 6}","{'v1': 'N', 'v2': 'T'}",letter,
L3-44-00733-letter,L3-44-00733,letter,,,8,8,True,False,"{'v2': 5, 'v1': 8}","{'v1': 'O', 'v2': 'Z'}",letter,
L3-44-00734-letter,L3-44-00734,letter,,,3,3,True,False,"{'v2': 1, 'v1': 3}","{'v1': 'D', 'v2': 'K'}",letter,
L3-44-00735-letter,L3-44-00735,letter,,,1,1,True,False,"{'v2': 6, 'v1': 1}","{'v1': 'V', 'v2': 'U'}",letter,
L3-44-00736-letter,L3-44-00736,letter,,,0,0,True,False,"{'v2': 2, 'v1': 0}","{'v1': 'S', 'v2': 'I'}",letter,
L3-44-00737-letter,L3-44-00737,letter,,,3,3,True,False,"{'v2': 2, 'v1': 3}","{'v1': 'P', 'v2': 'D'}",letter,
L3-44-00738-letter,L3-44-00738,letter,,,2,2,True,False,"{'v2': 2, 'v1': 2}","{'v1': 'K', 'v2': 'Z'}",letter,
L3-44-00739-letter,L3-44-00739,letter,,,5,5,True,False,"{'v2': 0, 'v1': 5}","{'v1': 'E', 'v2': 'M'}",letter,
L3-44-00740-letter,L3-44-00740,letter,,,7,7,True,False,"{'v2': 1, 'v1': 7}","{'v1': 'E', 'v2': 'I'}",letter,
L3-44-00741-letter,L3-44-00741,letter,,,0,0,True,False,"{'v2': 5, 'v1': 0}","{'v1': 'J', 'v2': 'C'}",letter,
L3-44-00742-letter,L3-44-00742,letter,,,0,0,True,False,"{'v2': 1, 'v1': 0}","{'v1': 'L', 'v2': 'K'}",letter,
L3-44-00743-letter,L3-44-00743,letter,,,9,9,True,False,"{'v2': 1, 'v1': 9}","{'v1': 'Q', 'v2': 'Z'}",letter,
L3-44-00744-letter,L3-44-00744,letter,,,4,4,True,False,"{'v2': 5, 'v1': 4}","{'v1': 'O', 'v2': 'U'}",letter,
L3-44-00745-letter,L3-44-00745,letter,,,0,0,True,False,"{'v2': 5, 'v1': 0}","{'v1': 'C', 'v2': 'V'}",letter,
L3-44-00746-letter,L3-44-00746,letter,,,5,5,True,False,"{'v2': 0, 'v1': 5}","{'v1': 'Z', 'v2': 'X'}",letter,
L3-44-00747-letter,L3-44-00747,letter,,,0,0,True,False,"{'v2': 1, 'v1': 0}","{'v1': 'T', 'v2': 'N'}",letter,
L3-44-00748-letter,L3-44-00748,letter,,,1,1,True,False,"{'v2': 1, 'v1': 1}","{'v1': 'E', 'v2': 'P'}",letter,
L3-44-00749-letter,L3-44-00749,letter,,,5,5,True,False,"{'v2': 1, 'v1': 5}","{'v1': 'U', 'v2': 'W'}",letter,
L3-44-00750-letter,L3-44-00750,letter,,,8,8,True,False,"{'v2': 3, 'v1': 8}","{'v1': 'L', 'v2': 'K'}",letter,
L3-44-00751-letter,L3-44-00751,letter,,,1,1,True,False,"{'v2': 0, 'v1': 1}","{'v1': 'P', 'v2': 'A'}",letter,
L3-44-00752-letter,L3-44-00752,letter,,,1,1,True,False,"{'v2': 2, 'v1': 1}","{'v1': 'G', 'v2': 'C'}",letter,
L3-44-00753-letter,L3-44-00753,letter,,,1,1,True,False,"{'v2': 0, 'v1': 1}","{'v1': 'Y', 'v2': 'F'}",letter,
L3-44-00754-letter,L3-44-00754,letter,,,2,2,True,False,"{'v2': 2, 'v1': 2}","{'v1': 'M', 'v2': 'L'}",letter,
L3-44-00755-letter,L3-44-00755,letter,,,6,6,True,False,"{'v2': 0, 'v1': 6}","{'v1': 'Q', 'v2': 'Z'}",letter,
L3-44-00756-letter,L3-44-00756,letter,,,6,6,True,False,"{'v2': 1, 'v1': 6}","{'v1': 'J', 'v2': 'P'}",letter,
L3-44-00757-letter,L3-44-00757,letter,,,9,9,True,False,"{'v2': 1, 'v1': 9}","{'v1': 'S', 'v2': 'G'}",letter,
L3-44-00758-letter,L3-44-00758,letter,,,3,3,True,False,"{'v2': 2, 'v1': 3}","{'v1': 'X', 'v2': 'K'}",letter,
L3-44-00759-letter,L3-44-00759,letter,,,5,5,True,False,"{'v2': 0, 'v1': 5}","{'v1': 'E', 'v2': 'J'}",letter,
L3-44-00760-letter,L3-44-00760,letter,,,2,2,True,False,"{'v2': 5, 'v1': 2}","{'v1': 'E', 'v2': 'V'}",letter,
L3-44-00761-letter,L3-44-00761,letter,,,4,4,True,False,"{'v2': 3, 'v1': 4}","{'v1': 'J', 'v2': 'N'}",letter,
L3-44-00762-letter,L3-44-00762,letter,,,2,2,True,False,"{'v2': 6, 'v1': 2}","{'v1': 'S', 'v2': 'L'}",letter,
L3-44-00763-letter,L3-44-00763,letter,,,3,3,True,False,"{'v2': 1, 'v1': 3}","{'v1': 'V', 'v2': 'R'}",letter,
L3-44-00764-letter,L3-44-00764,letter,,,7,7,True,False,"{'v2': 1, 'v1': 7}","{'v1': 'E', 'v2': 'J'}",letter,
L3-44-00765-letter,L3-44-00765,letter,,,8,8,True,False,"{'v2': 7, 'v1': 8}","{'v1': 'V', 'v2': 'I'}",letter,
L3-44-00766-letter,L3-44-00766,letter,,,5,5,True,False,"{'v2': 1, 'v1': 5}","{'v1': 'G', 'v2': 'R'}",letter,
L3-44-00767-letter,L3-44-00767,letter,,,7,7,True,False,"{'v2': 1, 'v1': 7}","{'v1': 'Z', 'v2': 'R'}",letter,
L3-44-00768-letter,L3-44-00768,letter,,,1,1,True,False,"{'v2': 1, 'v1': 1}","{'v1': 'Q', 'v2': 'Z'}",letter,
L3-44-00769-letter,L3-44-00769,letter,,,7,7,True,False,"{'v2': 5, 'v1': 7}","{'v1': 'O', 'v2': 'W'}",letter,
L3-44-00770-letter,L3-44-00770,letter,,,8,8,True,False,"{'v2': 1, 'v1': 8}","{'v1': 'W', 'v2': 'L'}",letter,
L3-44-00771-letter,L3-44-00771,letter,,,2,2,True,False,"{'v2': 0, 'v1': 2}","{'v1': 'E', 'v2': 'F'}",letter,
L3-44-00772-letter,L3-44-00772,letter,,,7,7,True,False,"{'v2': 1, 'v1': 7}","{'v1': 'K', 'v2': 'Q'}",letter,
L3-44-00773-letter,L3-44-00773,letter,,,9,9,True,False,"{'v2': 2, 'v1': 9}","{'v1': 'N', 'v2': 'L'}",letter,
L3-44-00774-letter,L3-44-00774,letter,,,9,9,True,False,"{'v2': 0, 'v1': 9}","{'v1': 'V', 'v2': 'W'}",letter,
L3-44-00775-letter,L3-44-00775,letter,,,7,7,True,False,"{'v2': 0, 'v1': 7}","{'v1': 'U', 'v2': 'S'}",letter,
L3-44-00776-letter,L3-44-00776,letter,,,3,3,True,False,"{'v2': 6, 'v1': 3}","{'v1': 'B', 'v2': 'Y'}",letter,
L3-44-00777-letter,L3-44-00777,letter,,,6,6,True,False,"{'v2': 5, 'v1': 6}","{'v1': 'J', 'v2': 'G'}",letter,
L3-44-00778-letter,L3-44-00778,letter,,,2,2,True,False,"{'v2': 5, 'v1': 2}","{'v1': 'Z', 'v2': 'T'}",letter,
L3-44-00779-letter,L3-44-00779,letter,,,7,7,True,False,"{'v2': 1, 'v1': 7}","{'v1': 'H', 'v2': 'J'}",letter,
L3-44-00780-letter,L3-44-00780,letter,,,8,8,True,False,"{'v2': 6, 'v1': 8}","{'v1': 'M', 'v2': 'C'}",letter,
L3-44-00781-letter,L3-44-00781,letter,,,4,4,True,False,"{'v2': 0, 'v1': 4}","{'v1': 'O', 'v2': 'Q'}",letter,
L3-44-00782-letter,L3-44-00782,letter,,,1,1,True,False,"{'v2': 6, 'v1': 1}","{'v1': 'E', 'v2': 'U'}",letter,
L3-44-00783-letter,L3-44-00783,letter,,,8,8,True,False,"{'v2': 0, 'v1': 8}","{'v1': 'O', 'v2': 'U'}",letter,
L3-44-00784-letter,L3-44-00784,letter,,,4,4,True,False,"{'v2': 1, 'v1': 4}","{'v1': 'I', 'v2': 'Q'}",letter,
L3-44-00785-letter,L3-44-00785,letter,,,6,6,True,False,"{'v2': 5, 'v1': 6}","{'v1': 'J', 'v2': 'G'}",letter,
L3-44-00786-letter,L3-44-00786,letter,,,5,5,True,False,"{'v2': 2, 'v1': 5}","{'v1': 'K', 'v2': 'G'}",letter,
L3-44-00787-letter,L3-44-00787,letter,,,5,5,True,False,"{'v2': 1, 'v1': 5}","{'v1': 'E', 'v2': 'B'}",letter,
L3-44-00788-letter,L3-44-00788,letter,,,9,9,True,False,"{'v2': 7, 'v1': 9}","{'v1': 'C', 'v2': 'S'}",letter,
L3-44-00789-letter,L3-44-00789,letter,,,3,3,True,False,"{'v2': 1, 'v1': 3}","{'v1': 'G', 'v2': 'D'}",letter,
L3-44-00790-letter,L3-44-00790,letter,,,4,4,True,False,"{'v2': 1, 'v1': 4}","{'v1': 'Q', 'v2': 'Y'}",letter,
L3-44-00791-letter,L3-44-00791,letter,,,5,5,True,False,"{'v2': 0, 'v1': 5}","{'v1': 'G', 'v2': 'E'}",letter,
L3-44-00792-letter,L3-44-00792,letter,,,3,3,True,False,"{'v2': 0, 'v1': 3}","{'v1': 'K', 'v2': 'T'}",letter,
L3-44-00793-letter,L3-44-00793,letter,,,8,8,True,False,"{'v2': 8, 'v1': 8}","{'v1': 'E', 'v2': 'B'}",letter,
L3-44-00794-letter,L3-44-00794,letter,,,7,7,True,False,"{'v2': 0, 'v1': 7}","{'v1': 'V', 'v2': 'K'}",letter,
L3-44-00795-letter,L3-44-00795,letter,,,4,4,True,False,"{'v2': 1, 'v1': 4}","{'v1': 'Z', 'v2': 'Q'}",letter,
L3-44-00796-letter,L3-44-00796,letter,,,7,7,True,False,"{'v2': 1, 'v1': 7}","{'v1': 'C', 'v2': 'E'}",letter,
L3-44-00797-letter,L3-44-00797,letter,,,5,5,True,False,"{'v2': 3, 'v1': 5}","{'v1': 'F', 'v2': 'P'}",letter,
L3-44-00798-letter,L3-44-00798,letter,,,6,6,True,False,"{'v2': 0, 'v1': 6}","{'v1': 'V', 'v2': 'O'}",letter,
L3-44-00799-letter,L3-44-00799,letter,,,0,0,True,False,"{'v2': 7, 'v1': 0}","{'v1': 'Q', 'v2': 'N'}",letter,
L3-44-00800-letter,L3-44-00800,letter,,,9,9,True,False,"{'v2': 2, 'v1': 9}","{'v1': 'L', 'v2': 'D'}",letter,
L3-44-00801-letter,L3-44-00801,letter,,,6,6,True,False,"{'v2': 3, 'v1': 6}","{'v1': 'X', 'v2': 'M'}",letter,
L3-44-00802-letter,L3-44-00802,letter,,,9,9,True,False,"{'v2': 7, 'v1': 9}","{'v1': 'S', 'v2': 'V'}",letter,
L3-44-00803-letter,L3-44-00803,letter,,,2,2,True,False,"{'v2': 0, 'v1': 2}","{'v1': 'I', 'v2': 'F'}",letter,
L3-44-00804-letter,L3-44-00804,letter,,,8,8,True,False,"{'v2': 1, 'v1': 8}","{'v1': 'P', 'v2': 'Y'}",letter,
L3-44-00805-letter,L3-44-00805,letter,,,8,8,True,False,"{'v2': 5, 'v1': 8}","{'v1': 'E', 'v2': 'A'}",letter,
L3-44-00806-letter,L3-44-00806,letter,,,0,0,True,False,"{'v2': 6, 'v1': 0}","{'v1': 'D', 'v2': 'B'}",letter,
L3-44-00807-letter,L3-44-00807,letter,,,5,5,True,False,"{'v2': 5, 'v1': 5}","{'v1': 'U', 'v2': 'F'}",letter,
L3-44-00808-letter,L3-44-00808,letter,,,9,9,True,False,"{'v2': 7, 'v1': 9}","{'v1': 'Y', 'v2': 'N'}",letter,
L3-44-00809-letter,L3-44-00809,letter,,,2,2,True,False,"{'v2': 1, 'v1': 2}","{'v1': 'Q', 'v2': 'S'}",letter,
L3-44-00810-letter,L3-44-00810,letter,,,2,2,True,False,"{'v2': 2, 'v1': 2}","{'v1': 'X', 'v2': 'A'}",letter,
L3-44-00811-letter,L3-44-00811,letter,,,3,3,True,False,"{'v2': 0, 'v1': 3}","{'v1': 'O', 'v2': 'J'}",letter,
L3-44-00812-letter,L3-44-00812,letter,,,8,8,True,False,"{'v2': 7, 'v1': 8}","{'v1': 'P', 'v2': 'E'}",letter,
L3-44-00813-letter,L3-44-00813,letter,,,8,8,True,False,"{'v2': 6, 'v1': 8}","{'v1': 'I', 'v2': 'X'}",letter,
L3-44-00814-letter,L3-44-00814,letter,,,1,1,True,False,"{'v2': 2, 'v1': 1}","{'v1': 'O', 'v2': 'L'}",letter,
L3-44-00815-letter,L3-44-00815,letter,,,5,5,True,False,"{'v2': 1, 'v1': 5}","{'v1': 'Q', 'v2': 'Y'}",letter,
L3-44-00816-letter,L3-44-00816,letter,,,4,4,True,False,"{'v2': 0, 'v1': 4}","{'v1': 'J', 'v2': 'T'}",letter,
L3-44-00817-letter,L3-44-00817,letter,,,9,9,True,False,"{'v2': 6, 'v1': 9}","{'v1': 'W', 'v2': 'K'}",letter,
L3-44-00818-letter,L3-44-00818,letter,,,8,8,True,False,"{'v2': 0, 'v1': 8}","{'v1': 'C', 'v2': 'V'}",letter,
L3-44-00819-letter,L3-44-00819,letter,,,1,1,True,False,"{'v2': 6, 'v1': 1}","{'v1': 'E', 'v2': 'Y'}",letter,
L3-44-00820-letter,L3-44-00820,letter,,,2,2,True,False,"{'v2': 0, 'v1': 2}","{'v1': 'U', 'v2': 'Y'}",letter,
L3-44-00821-letter,L3-44-00821,letter,,,2,2,True,False,"{'v2': 1, 'v1': 2}","{'v1': 'S', 'v2': 'H'}",letter,
L3-44-00822-letter,L3-44-00822,letter,,,8,8,True,False,"{'v2': 1, 'v1': 8}","{'v1': 'N', 'v2': 'M'}",letter,
L3-44-00823-letter,L3-44-00823,letter,,,6,6,True,False,"{'v2': 5, 'v1': 6}","{'v1': 'Z', 'v2': 'F'}",letter,
L3-44-00824-letter,L3-44-00824,letter,,,4,4,True,False,"{'v2': 1, 'v1': 4}","{'v1': 'A', 'v2': 'J'}",letter,
L3-44-00825-letter,L3-44-00825,letter,,,6,6,True,False,"{'v2': 0, 'v1': 6}","{'v1': 'H', 'v2': 'P'}",letter,
L3-44-00826-letter,L3-44-00826,letter,,,8,8,True,False,"{'v2': 1, 'v1': 8}","{'v1': 'U', 'v2': 'M'}",letter,
L3-44-00827-letter,L3-44-00827,letter,,,9,9,True,False,"{'v2': 0, 'v1': 9}","{'v1': 'O', 'v2': 'X'}",letter,
L3-44-00828-letter,L3-44-00828,letter,,,6,6,True,False,"{'v2': 3, 'v1': 6}","{'v1': 'D', 'v2': 'B'}",letter,
L3-44-00829-letter,L3-44-00829,letter,,,7,7,True,False,"{'v2': 1, 'v1': 7}","{'v1': 'W', 'v2': 'T'}",letter,
L3-44-00830-letter,L3-44-00830,letter,,,1,1,True,False,"{'v2': 0, 'v1': 1}","{'v1': 'O', 'v2': 'J'}",letter,
L3-44-00831-letter,L3-44-00831,letter,,,6,6,True,False,"{'v2': 3, 'v1': 6}","{'v1': 'O', 'v2': 'Y'}",letter,
L3-44-00832-letter,L3-44-00832,letter,,,9,9,True,False,"{'v2': 0, 'v1': 9}","{'v1': 'H', 'v2': 'K'}",letter,
L3-44-00833-letter,L3-44-00833,letter,,,0,0,True,False,"{'v2': 7, 'v1': 0}","{'v1': 'F', 'v2': 'U'}",letter,
L3-44-00834-letter,L3-44-00834,letter,,,0,0,True,False,"{'v2': 7, 'v1': 0}","{'v1': 'M', 'v2': 'C'}",letter,
L3-44-00835-letter,L3-44-00835,letter,,,8,8,True,False,"{'v2': 0, 'v1': 8}","{'v1': 'H', 'v2': 'E'}",letter,
L3-44-00836-letter,L3-44-00836,letter,,,0,0,True,False,"{'v2': 0, 'v1': 0}","{'v1': 'G', 'v2': 'M'}",letter,
L3-44-00837-letter,L3-44-00837,letter,,,9,9,True,False,"{'v2': 9, 'v1': 9}","{'v1': 'W', 'v2': 'U'}",letter,
L3-44-00838-letter,L3-44-00838,letter,,,7,7,True,False,"{'v2': 5, 'v1': 7}","{'v1': 'E', 'v2': 'T'}",letter,
L3-44-00839-letter,L3-44-00839,letter,,,8,8,True,False,"{'v2': 7, 'v1': 8}","{'v1': 'Q', 'v2': 'S'}",letter,
L3-44-00840-letter,L3-44-00840,letter,,,4,4,True,False,"{'v2': 5, 'v1': 4}","{'v1': 'F', 'v2': 'O'}",letter,
L3-44-00841-letter,L3-44-00841,letter,,,7,7,True,False,"{'v2': 5, 'v1': 7}","{'v1': 'S', 'v2': 'F'}",letter,
L3-44-00842-letter,L3-44-00842,letter,,,3,3,True,False,"{'v2': 6, 'v1': 3}","{'v1': 'C', 'v2': 'T'}",letter,
L3-44-00843-letter,L3-44-00843,letter,,,3,3,True,False,"{'v2': 0, 'v1': 3}","{'v1': 'S', 'v2': 'E'}",letter,
L3-44-00844-letter,L3-44-00844,letter,,,0,0,True,False,"{'v2': 0, 'v1': 0}","{'v1': 'M', 'v2': 'T'}",letter,
L3-44-00845-letter,L3-44-00845,letter,,,0,0,True,False,"{'v2': 7, 'v1': 0}","{'v1': 'S', 'v2': 'W'}",letter,
L3-44-00846-letter,L3-44-00846,letter,,,7,7,True,False,"{'v2': 1, 'v1': 7}","{'v1': 'G', 'v2': 'V'}",letter,
L3-44-00847-letter,L3-44-00847,letter,,,2,2,True,False,"{'v2': 6, 'v1': 2}","{'v1': 'A', 'v2': 'I'}",letter,
L3-44-00848-letter,L3-44-00848,letter,,,1,1,True,False,"{'v2': 8, 'v1': 1}","{'v1': 'S', 'v2': 'N'}",letter,
L3-44-00849-letter,L3-44-00849,letter,,,2,2,True,False,"{'v2': 2, 'v1': 2}","{'v1': 'T', 'v2': 'G'}",letter,
L3-44-00850-letter,L3-44-00850,letter,,,4,4,True,False,"{'v2': 3, 'v1': 4}","{'v1': 'L', 'v2': 'E'}",letter,
L3-44-00851-letter,L3-44-00851,letter,,,0,0,True,False,"{'v2': 7, 'v1': 0}","{'v1': 'Z', 'v2': 'E'}",letter,
L3-44-00852-letter,L3-44-00852,letter,,,9,9,True,False,"{'v2': 8, 'v1': 9}","{'v1': 'N', 'v2': 'U'}",letter,
L3-44-00853-letter,L3-44-00853,letter,,,2,2,True,False,"{'v2': 6, 'v1': 2}","{'v1': 'U', 'v2': 'A'}",letter,
L3-44-00854-letter,L3-44-00854,letter,,,1,1,True,False,"{'v2': 0, 'v1': 1}","{'v1': 'H', 'v2': 'D'}",letter,
L3-44-00855-letter,L3-44-00855,letter,,,0,0,True,False,"{'v2': 5, 'v1': 0}","{'v1': 'M', 'v2': 'P'}",letter,
L3-44-00856-letter,L3-44-00856,letter,,,3,3,True,False,"{'v2': 5, 'v1': 3}","{'v1': 'Z', 'v2': 'G'}",letter,
L3-44-00857-letter,L3-44-00857,letter,,,5,5,True,False,"{'v2': 5, 'v1': 5}","{'v1': 'T', 'v2': 'Z'}",letter,
L3-44-00858-letter,L3-44-00858,letter,,,8,8,True,False,"{'v2': 7, 'v1': 8}","{'v1': 'G', 'v2': 'E'}",letter,
L3-44-00859-letter,L3-44-00859,letter,,,9,9,True,False,"{'v2': 2, 'v1': 9}","{'v1': 'J', 'v2': 'Z'}",letter,
L3-44-00860-letter,L3-44-00860,letter,,,6,6,True,False,"{'v2': 5, 'v1': 6}","{'v1': 'B', 'v2': 'M'}",letter,
L3-44-00861-letter,L3-44-00861,letter,,,8,8,True,False,"{'v2': 0, 'v1': 8}","{'v1': 'X', 'v2': 'J'}",letter,
L3-44-00862-letter,L3-44-00862,letter,,,7,7,True,False,"{'v2': 7, 'v1': 7}","{'v1': 'U', 'v2': 'F'}",letter,
L3-44-00863-letter,L3-44-00863,letter,,,8,8,True,False,"{'v2': 8, 'v1': 8}","{'v1': 'X', 'v2': 'T'}",letter,
L3-44-00864-letter,L3-44-00864,letter,,,7,7,True,False,"{'v2': 0, 'v1': 7}","{'v1': 'R', 'v2': 'E'}",letter,
L3-44-00865-letter,L3-44-00865,letter,,,7,7,True,False,"{'v2': 2, 'v1': 7}","{'v1': 'W', 'v2': 'N'}",letter,
L3-44-00866-letter,L3-44-00866,letter,,,2,2,True,False,"{'v2': 2, 'v1': 2}","{'v1': 'R', 'v2': 'T'}",letter,
L3-44-00867-letter,L3-44-00867,letter,,,2,2,True,False,"{'v2': 0, 'v1': 2}","{'v1': 'I', 'v2': 'N'}",letter,
L3-44-00868-letter,L3-44-00868,letter,,,0,0,True,False,"{'v2': 1, 'v1': 0}","{'v1': 'O', 'v2': 'F'}",letter,
L3-44-00869-letter,L3-44-00869,letter,,,4,4,True,False,"{'v2': 2, 'v1': 4}","{'v1': 'E', 'v2': 'S'}",letter,
L3-44-00870-letter,L3-44-00870,letter,,,3,3,True,False,"{'v2': 1, 'v1': 3}","{'v1': 'M', 'v2': 'Y'}",letter,
L3-44-00871-letter,L3-44-00871,letter,,,7,7,True,False,"{'v2': 2, 'v1': 7}","{'v1': 'F', 'v2': 'E'}",letter,
L3-44-00872-letter,L3-44-00872,letter,,,3,3,True,False,"{'v2': 0, 'v1': 3}","{'v1': 'D', 'v2': 'R'}",letter,
L3-44-00873-letter,L3-44-00873,letter,,,0,0,True,False,"{'v2': 5, 'v1': 0}","{'v1': 'T', 'v2': 'O'}",letter,
L3-44-00874-letter,L3-44-00874,letter,,,2,2,True,False,"{'v2': 2, 'v1': 2}","{'v1': 'X', 'v2': 'I'}",letter,
L3-44-00875-letter,L3-44-00875,letter,,,7,7,True,False,"{'v2': 5, 'v1': 7}","{'v1': 'Q', 'v2': 'F'}",letter,
L3-44-00876-letter,L3-44-00876,letter,,,5,5,True,False,"{'v2': 5, 'v1': 5}","{'v1': 'M', 'v2': 'F'}",letter,
L3-44-00877-letter,L3-44-00877,letter,,,1,1,True,False,"{'v2': 7, 'v1': 1}","{'v1': 'P', 'v2': 'C'}",letter,
L3-44-00878-letter,L3-44-00878,letter,,,9,9,True,False,"{'v2': 0, 'v1': 9}","{'v1': 'D', 'v2': 'H'}",letter,
L3-44-00879-letter,L3-44-00879,letter,,,7,7,True,False,"{'v2': 0, 'v1': 7}","{'v1': 'E', 'v2': 'X'}",letter,
L3-44-00880-letter,L3-44-00880,letter,,,6,6,True,False,"{'v2': 0, 'v1': 6}","{'v1': 'O', 'v2': 'E'}",letter,
L3-44-00881-letter,L3-44-00881,letter,,,0,0,True,False,"{'v2': 7, 'v1': 0}","{'v1': 'F', 'v2': 'D'}",letter,
L3-44-00882-letter,L3-44-00882,letter,,,2,2,True,False,"{'v2': 1, 'v1': 2}","{'v1': 'X', 'v2': 'R'}",letter,
L3-44-00883-letter,L3-44-00883,letter,,,2,2,True,False,"{'v2': 1, 'v1': 2}","{'v1': 'Y', 'v2': 'H'}",letter,
L3-44-00884-letter,L3-44-00884,letter,,,2,2,True,False,"{'v2': 1, 'v1': 2}","{'v1': 'F', 'v2': 'H'}",letter,
L3-44-00885-letter,L3-44-00885,letter,,,9,9,True,False,"{'v2': 5, 'v1': 9}","{'v1': 'T', 'v2': 'D'}",letter,
L3-44-00886-letter,L3-44-00886,letter,,,2,2,True,False,"{'v2': 3, 'v1': 2}","{'v1': 'X', 'v2': 'W'}",letter,
L3-44-00887-letter,L3-44-00887,letter,,,1,1,True,False,"{'v2': 2, 'v1': 1}","{'v1': 'D', 'v2': 'A'}",letter,
L3-44-00888-letter,L3-44-00888,letter,,,9,9,True,False,"{'v2': 5, 'v1': 9}","{'v1': 'Z', 'v2': 'N'}",letter,
L3-44-00889-letter,L3-44-00889,letter,,,5,5,True,False,"{'v2': 1, 'v1': 5}","{'v1': 'T', 'v2': 'D'}",letter,
L3-44-00890-letter,L3-44-00890,letter,,,5,5,True,False,"{'v2': 2, 'v1': 5}","{'v1': 'W', 'v2': 'L'}",letter,
L3-44-00891-letter,L3-44-00891,letter,,,8,8,True,False,"{'v2': 7, 'v1': 8}","{'v1': 'Y', 'v2': 'S'}",letter,
L3-44-00892-letter,L3-44-00892,letter,,,8,8,True,False,"{'v2': 1, 'v1': 8}","{'v1': 'R', 'v2': 'X'}",letter,
L3-44-00893-letter,L3-44-00893,letter,,,5,5,True,False,"{'v2': 3, 'v1': 5}","{'v1': 'P', 'v2': 'Y'}",letter,
L3-44-00894-letter,L3-44-00894,letter,,,5,5,True,False,"{'v2': 0, 'v1': 5}","{'v1': 'V', 'v2': 'M'}",letter,
L3-44-00895-letter,L3-44-00895,letter,,,3,3,True,False,"{'v2': 1, 'v1': 3}","{'v1': 'F', 'v2': 'M'}",letter,
L3-44-00896-letter,L3-44-00896,letter,,,9,9,True,False,"{'v2': 8, 'v1': 9}","{'v1': 'I', 'v2': 'H'}",letter,
L3-44-00897-letter,L3-44-00897,letter,,,9,9,True,False,"{'v2': 1, 'v1': 9}","{'v1': 'S', 'v2': 'C'}",letter,
L3-44-00898-letter,L3-44-00898,letter,,,7,7,True,False,"{'v2': 3, 'v1': 7}","{'v1': 'Q', 'v2': 'Z'}",letter,
L3-44-00899-letter,L3-44-00899,letter,,,6,6,True,False,"{'v2': 3, 'v1': 6}","{'v1': 'P', 'v2': 'D'}",letter,
L3-44-00900-letter,L3-44-00900,letter,,,7,7,True,False,"{'v2': 1, 'v1': 7}","{'v1': 'R', 'v2': 'H'}",letter,
L3-44-00901-letter,L3-44-00901,letter,,,5,5,True,False,"{'v2': 1, 'v1': 5}","{'v1': 'B', 'v2': 'K'}",letter,
L3-44-00902-letter,L3-44-00902,letter,,,3,3,True,False,"{'v2': 0, 'v1': 3}","{'v1': 'V', 'v2': 'T'}",letter,
L3-44-00903-letter,L3-44-00903,letter,,,6,6,True,False,"{'v2': 1, 'v1': 6}","{'v1': 'P', 'v2': 'C'}",letter,
L3-44-00904-letter,L3-44-00904,letter,,,8,8,True,False,"{'v2': 7, 'v1': 8}","{'v1': 'K', 'v2': 'G'}",letter,
L3-44-00905-letter,L3-44-00905,letter,,,9,9,True,False,"{'v2': 5, 'v1': 9}","{'v1': 'M', 'v2': 'G'}",letter,
L3-44-00906-letter,L3-44-00906,letter,,,8,8,True,False,"{'v2': 1, 'v1': 8}","{'v1': 'R', 'v2': 'A'}",letter,
L3-44-00907-letter,L3-44-00907,letter,,,1,1,True,False,"{'v2': 6, 'v1': 1}","{'v1': 'D', 'v2': 'F'}",letter,
L3-44-00908-letter,L3-44-00908,letter,,,6,6,True,False,"{'v2': 2, 'v1': 6}","{'v1': 'U', 'v2': 'E'}",letter,
L3-44-00909-letter,L3-44-00909,letter,,,6,6,True,False,"{'v2': 1, 'v1': 6}","{'v1': 'H', 'v2': 'M'}",letter,
L3-44-00910-letter,L3-44-00910,letter,,,9,9,True,False,"{'v2': 0, 'v1': 9}","{'v1': 'D', 'v2': 'R'}",letter,
L3-44-00911-letter,L3-44-00911,letter,,,7,7,True,False,"{'v2': 1, 'v1': 7}","{'v1': 'B', 'v2': 'M'}",letter,
L3-44-00912-letter,L3-44-00912,letter,,,8,8,True,False,"{'v2': 3, 'v1': 8}","{'v1': 'E', 'v2': 'P'}",letter,
L3-44-00913-letter,L3-44-00913,letter,,,2,2,True,False,"{'v2': 7, 'v1': 2}","{'v1': 'W', 'v2': 'A'}",letter,
L3-44-00914-letter,L3-44-00914,letter,,,0,0,True,False,"{'v2': 2, 'v1': 0}","{'v1': 'Y', 'v2': 'S'}",letter,
L3-44-00915-letter,L3-44-00915,letter,,,9,9,True,False,"{'v2': 6, 'v1': 9}","{'v1': 'S', 'v2': 'M'}",letter,
L3-44-00916-letter,L3-44-00916,letter,,,3,3,True,False,"{'v2': 0, 'v1': 3}","{'v1': 'Q', 'v2': 'G'}",letter,
L3-44-00917-letter,L3-44-00917,letter,,,6,6,True,False,"{'v2': 0, 'v1': 6}","{'v1': 'G', 'v2': 'E'}",letter,
L3-44-00918-letter,L3-44-00918,letter,,,1,1,True,False,"{'v2': 1, 'v1': 1}","{'v1': 'Y', 'v2': 'I'}",letter,
L3-44-00919-letter,L3-44-00919,letter,,,1,1,True,False,"{'v2': 1, 'v1': 1}","{'v1': 'T', 'v2': 'Q'}",letter,
L3-44-00920-letter,L3-44-00920,letter,,,9,9,True,False,"{'v2': 1, 'v1': 9}","{'v1': 'N', 'v2': 'Z'}",letter,
L3-44-00921-letter,L3-44-00921,letter,,,3,3,True,False,"{'v2': 5, 'v1': 3}","{'v1': 'L', 'v2': 'D'}",letter,
L3-44-00922-letter,L3-44-00922,letter,,,5,5,True,False,"{'v2': 2, 'v1': 5}","{'v1': 'N', 'v2': 'X'}",letter,
L3-44-00923-letter,L3-44-00923,letter,,,7,7,True,False,"{'v2': 1, 'v1': 7}","{'v1': 'G', 'v2': 'Z'}",letter,
L3-44-00924-letter,L3-44-00924,letter,,,9,9,True,False,"{'v2': 0, 'v1': 9}","{'v1': 'C', 'v2': 'B'}",letter,
L3-44-00925-letter,L3-44-00925,letter,,,6,6,True,False,"{'v2': 3, 'v1': 6}","{'v1': 'X', 'v2': 'W'}",letter,
L3-44-00926-letter,L3-44-00926,letter,,,3,3,True,False,"{'v2': 0, 'v1': 3}","{'v1': 'Y', 'v2': 'A'}",letter,
L3-44-00927-letter,L3-44-00927,letter,,,8,8,True,False,"{'v2': 8, 'v1': 8}","{'v1': 'B', 'v2': 'F'}",letter,
L3-44-00928-letter,L3-44-00928,letter,,,0,0,True,False,"{'v2': 0, 'v1': 0}","{'v1': 'V', 'v2': 'Y'}",letter,
L3-44-00929-letter,L3-44-00929,letter,,,4,4,True,False,"{'v2': 0, 'v1': 4}","{'v1': 'M', 'v2': 'H'}",letter,
L3-44-00930-letter,L3-44-00930,letter,,,6,6,True,False,"{'v2': 1, 'v1': 6}","{'v1': 'M', 'v2': 'E'}",letter,
L3-44-00931-letter,L3-44-00931,letter,,,6,6,True,False,"{'v2': 0, 'v1': 6}","{'v1': 'B', 'v2': 'A'}",letter,
L3-44-00932-letter,L3-44-00932,letter,,,1,1,True,False,"{'v2': 1, 'v1': 1}","{'v1': 'A', 'v2': 'T'}",letter,
L3-44-00933-letter,L3-44-00933,letter,,,9,9,True,False,"{'v2': 7, 'v1': 9}","{'v1': 'I', 'v2': 'Q'}",letter,
L3-44-00934-letter,L3-44-00934,letter,,,7,7,True,False,"{'v2': 2, 'v1': 7}","{'v1': 'R', 'v2': 'N'}",letter,
L3-44-00935-letter,L3-44-00935,letter,,,2,2,True,False,"{'v2': 5, 'v1': 2}","{'v1': 'M', 'v2': 'Q'}",letter,
L3-44-00936-letter,L3-44-00936,letter,,,7,7,True,False,"{'v2': 6, 'v1': 7}","{'v1': 'P', 'v2': 'D'}",letter,
L3-44-00937-letter,L3-44-00937,letter,,,2,2,True,False,"{'v2': 0, 'v1': 2}","{'v1': 'P', 'v2': 'T'}",letter,
L3-44-00938-letter,L3-44-00938,letter,,,8,8,True,False,"{'v2': 1, 'v1': 8}","{'v1': 'P', 'v2': 'C'}",letter,
L3-44-00939-letter,L3-44-00939,letter,,,8,8,True,False,"{'v2': 2, 'v1': 8}","{'v1': 'U', 'v2': 'B'}",letter,
L3-44-00940-letter,L3-44-00940,letter,,,7,7,True,False,"{'v2': 5, 'v1': 7}","{'v1': 'C', 'v2': 'U'}",letter,
L3-44-00941-letter,L3-44-00941,letter,,,8,8,True,False,"{'v2': 1, 'v1': 8}","{'v1': 'B', 'v2': 'D'}",letter,
L3-44-00942-letter,L3-44-00942,letter,,,6,6,True,False,"{'v2': 6, 'v1': 6}","{'v1': 'N', 'v2': 'B'}",letter,
L3-44-00943-letter,L3-44-00943,letter,,,7,7,True,False,"{'v2': 7, 'v1': 7}","{'v1': 'X', 'v2': 'V'}",letter,
L3-44-00944-letter,L3-44-00944,letter,,,4,4,True,False,"{'v2': 1, 'v1': 4}","{'v1': 'C', 'v2': 'J'}",letter,
L3-44-00945-letter,L3-44-00945,letter,,,6,6,True,False,"{'v2': 6, 'v1': 6}","{'v1': 'T', 'v2': 'E'}",letter,
L3-44-00946-letter,L3-44-00946,letter,,,7,7,True,False,"{'v2': 1, 'v1': 7}","{'v1': 'I', 'v2': 'P'}",letter,
L3-44-00947-letter,L3-44-00947,letter,,,2,2,True,False,"{'v2': 1, 'v1': 2}","{'v1': 'T', 'v2': 'D'}",letter,
L3-44-00948-letter,L3-44-00948,letter,,,0,0,True,False,"{'v2': 0, 'v1': 0}","{'v1': 'N', 'v2': 'R'}",letter,
L3-44-00949-letter,L3-44-00949,letter,,,8,8,True,False,"{'v2': 7, 'v1': 8}","{'v1': 'O', 'v2': 'X'}",letter,
L3-44-00950-letter,L3-44-00950,letter,,,5,5,True,False,"{'v2': 2, 'v1': 5}","{'v1': 'C', 'v2': 'O'}",letter,
L3-44-00951-letter,L3-44-00951,letter,,,0,0,True,False,"{'v2': 0, 'v1': 0}","{'v1': 'C', 'v2': 'Z'}",letter,
L3-44-00952-letter,L3-44-00952,letter,,,1,1,True,False,"{'v2': 8, 'v1': 1}","{'v1': 'S', 'v2': 'B'}",letter,
L3-44-00953-letter,L3-44-00953,letter,,,9,9,True,False,"{'v2': 8, 'v1': 9}","{'v1': 'Z', 'v2': 'U'}",letter,
L3-44-00954-letter,L3-44-00954,letter,,,2,2,True,False,"{'v2': 6, 'v1': 2}","{'v1': 'E', 'v2': 'Z'}",letter,
L3-44-00955-letter,L3-44-00955,letter,,,5,5,True,False,"{'v2': 2, 'v1': 5}","{'v1': 'B', 'v2': 'J'}",letter,
L3-44-00956-letter,L3-44-00956,letter,,,2,2,True,False,"{'v2': 0, 'v1': 2}","{'v1': 'H', 'v2': 'E'}",letter,
L3-44-00957-letter,L3-44-00957,letter,,,4,4,True,False,"{'v2': 3, 'v1': 4}","{'v1': 'X', 'v2': 'M'}",letter,
L3-44-00958-letter,L3-44-00958,letter,,,3,3,True,False,"{'v2': 2, 'v1': 3}","{'v1': 'T', 'v2': 'V'}",letter,
L3-44-00959-letter,L3-44-00959,letter,,,3,3,True,False,"{'v2': 3, 'v1': 3}","{'v1': 'X', 'v2': 'Z'}",letter,
L3-44-00960-letter,L3-44-00960,letter,,,9,9,True,False,"{'v2': 7, 'v1': 9}","{'v1': 'Z', 'v2': 'M'}",letter,
L3-44-00961-letter,L3-44-00961,letter,,,9,9,True,False,"{'v2': 0, 'v1': 9}","{'v1': 'P', 'v2': 'D'}",letter,
L3-44-00962-letter,L3-44-00962,letter,,,6,6,True,False,"{'v2': 6, 'v1': 6}","{'v1': 'C', 'v2': 'O'}",letter,
L3-44-00963-letter,L3-44-00963,letter,,,1,1,True,False,"{'v2': 5, 'v1': 1}","{'v1': 'J', 'v2': 'F'}",letter,
L3-44-00964-letter,L3-44-00964,letter,,,3,3,True,False,"{'v2': 5, 'v1': 3}","{'v1': 'M', 'v2': 'I'}",letter,
L3-44-00965-letter,L3-44-00965,letter,,,1,1,True,False,"{'v2': 3, 'v1': 1}","{'v1': 'Z', 'v2': 'J'}",letter,
L3-44-00966-letter,L3-44-00966,letter,,,8,8,True,False,"{'v2': 1, 'v1': 8}","{'v1': 'O', 'v2': 'N'}",letter,
L3-44-00967-letter,L3-44-00967,letter,,,1,1,True,False,"{'v2': 1, 'v1': 1}","{'v1': 'O', 'v2': 'T'}",letter,
L3-44-00968-letter,L3-44-00968,letter,,,7,7,True,False,"{'v2': 1, 'v1': 7}","{'v1': 'J', 'v2': 'D'}",letter,
L3-44-00969-letter,L3-44-00969,letter,,,3,3,True,False,"{'v2': 3, 'v1': 3}","{'v1': 'A', 'v2': 'G'}",letter,
L3-44-00970-letter,L3-44-00970,letter,,,7,7,True,False,"{'v2': 7, 'v1': 7}","{'v1': 'T', 'v2': 'P'}",letter,
L3-44-00971-letter,L3-44-00971,letter,,,1,1,True,False,"{'v2': 6, 'v1': 1}","{'v1': 'L', 'v2': 'E'}",letter,
L3-44-00972-letter,L3-44-00972,letter,,,6,6,True,False,"{'v2': 0, 'v1': 6}","{'v1': 'I', 'v2': 'M'}",letter,
L3-44-00973-letter,L3-44-00973,letter,,,0,0,True,False,"{'v2': 5, 'v1': 0}","{'v1': 'K', 'v2': 'D'}",letter,
L3-44-00974-letter,L3-44-00974,letter,,,0,0,True,False,"{'v2': 7, 'v1': 0}","{'v1': 'E', 'v2': 'M'}",letter,
L3-44-00975-letter,L3-44-00975,letter,,,5,5,True,False,"{'v2': 1, 'v1': 5}","{'v1': 'J', 'v2': 'P'}",letter,
L3-44-00976-letter,L3-44-00976,letter,,,0,0,True,False,"{'v2': 9, 'v1': 0}","{'v1': 'I', 'v2': 'E'}",letter,
L3-44-00977-letter,L3-44-00977,letter,,,2,2,True,False,"{'v2': 5, 'v1': 2}","{'v1': 'S', 'v2': 'K'}",letter,
L3-44-00978-letter,L3-44-00978,letter,,,6,6,True,False,"{'v2': 5, 'v1': 6}","{'v1': 'R', 'v2': 'B'}",letter,
L3-44-00979-letter,L3-44-00979,letter,,,3,3,True,False,"{'v2': 0, 'v1': 3}","{'v1': 'C', 'v2': 'X'}",letter,
L3-44-00980-letter,L3-44-00980,letter,,,6,6,True,False,"{'v2': 6, 'v1': 6}","{'v1': 'W', 'v2': 'G'}",letter,
L3-44-00981-letter,L3-44-00981,letter,,,1,1,True,False,"{'v2': 1, 'v1': 1}","{'v1': 'J', 'v2': 'U'}",letter,
L3-44-00982-letter,L3-44-00982,letter,,,4,4,True,False,"{'v2': 0, 'v1': 4}","{'v1': 'D', 'v2': 'B'}",letter,
L3-44-00983-letter,L3-44-00983,letter,,,0,0,True,False,"{'v2': 7, 'v1': 0}","{'v1': 'G', 'v2': 'K'}",letter,
L3-44-00984-letter,L3-44-00984,letter,,,1,1,True,False,"{'v2': 6, 'v1': 1}","{'v1': 'C', 'v2': 'G'}",letter,
L3-44-00985-letter,L3-44-00985,letter,,,3,3,True,False,"{'v2': 1, 'v1': 3}","{'v1': 'X', 'v2': 'F'}",letter,
L3-44-00986-letter,L3-44-00986,letter,,,9,9,True,False,"{'v2': 6, 'v1': 9}","{'v1': 'L', 'v2': 'A'}",letter,
L3-44-00987-letter,L3-44-00987,letter,,,1,1,True,False,"{'v2': 2, 'v1': 1}","{'v1': 'J', 'v2': 'V'}",letter,
L3-44-00988-letter,L3-44-00988,letter,,,3,3,True,False,"{'v2': 6, 'v1': 3}","{'v1': 'E', 'v2': 'P'}",letter,
L3-44-00989-letter,L3-44-00989,letter,,,9,9,True,False,"{'v2': 1, 'v1': 9}","{'v1': 'H', 'v2': 'L'}",letter,
L3-44-00990-letter,L3-44-00990,letter,,,9,9,True,False,"{'v2': 5, 'v1': 9}","{'v1': 'E', 'v2': 'O'}",letter,
L3-44-00991-letter,L3-44-00991,letter,,,8,8,True,False,"{'v2': 0, 'v1': 8}","{'v1': 'Z', 'v2': 'J'}",letter,
L3-44-00992-letter,L3-44-00992,letter,,,1,1,True,False,"{'v2': 1, 'v1': 1}","{'v1': 'Z', 'v2': 'K'}",letter,
L3-44-00993-letter,L3-44-00993,letter,,,7,7,True,False,"{'v2': 1, 'v1': 7}","{'v1': 'F', 'v2': 'P'}",letter,
L3-44-00994-letter,L3-44-00994,letter,,,1,1,True,False,"{'v2': 6, 'v1': 1}","{'v1': 'D', 'v2': 'C'}",letter,
L3-44-00995-letter,L3-44-00995,letter,,,4,4,True,False,"{'v2': 3, 'v1': 4}","{'v1': 'H', 'v2': 'S'}",letter,
L3-44-00996-letter,L3-44-00996,letter,,,1,1,True,False,"{'v2': 7, 'v1': 1}","{'v1': 'V', 'v2': 'Q'}",letter,
L3-44-00997-letter,L3-44-00997,letter,,,1,1,True,False,"{'v2': 8, 'v1': 1}","{'v1': 'U', 'v2': 'B'}",letter,
L3-44-00998-letter,L3-44-00998,letter,,,1,1,True,False,"{'v2': 1, 'v1': 1}","{'v1': 'E', 'v2': 'D'}",letter,
L3-44-00999-letter,L3-44-00999,letter,,,8,8,True,False,"{'v2': 3, 'v1': 8}","{'v1': 'Q', 'v2': 'C'}",letter,
L3-44-01000-letter,L3-44-01000,letter,,,6,6,True,False,"{'v2': 1, 'v1': 6}","{'v1': 'G', 'v2': 'Y'}",letter,
L3-44-01001-letter,L3-44-01001,letter,,,1,1,True,False,"{'v2': 1, 'v1': 1}","{'v1': 'U', 'v2': 'R'}",letter,
L3-44-01002-letter,L3-44-01002,letter,,,3,3,True,False,"{'v2': 1, 'v1': 3}","{'v1': 'U', 'v2': 'Z'}",letter,
L3-44-01003-letter,L3-44-01003,letter,,,6,6,True,False,"{'v2': 0, 'v1': 6}","{'v1': 'Q', 'v2': 'N'}",letter,
L3-44-01004-letter,L3-44-01004,letter,,,8,8,True,False,"{'v2': 5, 'v1': 8}","{'v1': 'B', 'v2': 'L'}",letter,
L3-44-01005-letter,L3-44-01005,letter,,,4,4,True,False,"{'v2': 2, 'v1': 4}","{'v1': 'S', 'v2': 'M'}",letter,
L3-44-01006-letter,L3-44-01006,letter,,,6,6,True,False,"{'v2': 5, 'v1': 6}","{'v1': 'J', 'v2': 'P'}",letter,
L3-44-01007-letter,L3-44-01007,letter,,,2,2,True,False,"{'v2': 2, 'v1': 2}","{'v1': 'C', 'v2': 'A'}",letter,
L3-44-01008-letter,L3-44-01008,letter,,,0,0,True,False,"{'v2': 8, 'v1': 0}","{'v1': 'G', 'v2': 'E'}",letter,
L3-44-01009-letter,L3-44-01009,letter,,,4,4,True,False,"{'v2': 2, 'v1': 4}","{'v1': 'A', 'v2': 'V'}",letter,
L3-44-01010-letter,L3-44-01010,letter,,,0,0,True,False,"{'v2': 0, 'v1': 0}","{'v1': 'K', 'v2': 'H'}",letter,
L3-44-01011-letter,L3-44-01011,letter,,,0,0,True,False,"{'v2': 7, 'v1': 0}","{'v1': 'C', 'v2': 'X'}",letter,
L3-44-01012-letter,L3-44-01012,letter,,,6,6,True,False,"{'v2': 1, 'v1': 6}","{'v1': 'Q', 'v2': 'A'}",letter,
L3-44-01013-letter,L3-44-01013,letter,,,4,4,True,False,"{'v2': 1, 'v1': 4}","{'v1': 'L', 'v2': 'B'}",letter,
L3-44-01014-letter,L3-44-01014,letter,,,9,9,True,False,"{'v2': 0, 'v1': 9}","{'v1': 'A', 'v2': 'F'}",letter,
L3-44-01015-letter,L3-44-01015,letter,,,3,3,True,False,"{'v2': 3, 'v1': 3}","{'v1': 'F', 'v2': 'G'}",letter,
L3-44-01016-letter,L3-44-01016,letter,,,0,0,True,False,"{'v2': 9, 'v1': 0}","{'v1': 'Y', 'v2': 'X'}",letter,
L3-44-01017-letter,L3-44-01017,letter,,,3,3,True,False,"{'v2': 0, 'v1': 3}","{'v1': 'A', 'v2': 'Q'}",letter,
L3-44-01018-letter,L3-44-01018,letter,,,2,2,True,False,"{'v2': 6, 'v1': 2}","{'v1': 'Q', 'v2': 'N'}",letter,
L3-44-01019-letter,L3-44-01019,letter,,,2,2,True,False,"{'v2': 0, 'v1': 2}","{'v1': 'N', 'v2': 'S'}",letter,
L3-44-01020-letter,L3-44-01020,letter,,,6,6,True,False,"{'v2': 5, 'v1': 6}","{'v1': 'X', 'v2': 'B'}",letter,
L3-44-01021-letter,L3-44-01021,letter,,,8,8,True,False,"{'v2': 1, 'v1': 8}","{'v1': 'W', 'v2': 'K'}",letter,
L3-44-01022-letter,L3-44-01022,letter,,,4,4,True,False,"{'v2': 0, 'v1': 4}","{'v1': 'O', 'v2': 'C'}",letter,
L3-44-01023-letter,L3-44-01023,letter,,,5,5,True,False,"{'v2': 5, 'v1': 5}","{'v1': 'I', 'v2': 'B'}",letter,
L3-44-01024-letter,L3-44-01024,letter,,,5,5,True,False,"{'v2': 5, 'v1': 5}","{'v1': 'K', 'v2': 'W'}",letter,
L3-44-01025-letter,L3-44-01025,letter,,,4,4,True,False,"{'v2': 0, 'v1': 4}","{'v1': 'Z', 'v2': 'F'}",letter,
L3-44-01026-letter,L3-44-01026,letter,,,8,8,True,False,"{'v2': 6, 'v1': 8}","{'v1': 'C', 'v2': 'W'}",letter,
L3-44-01027-letter,L3-44-01027,letter,,,3,3,True,False,"{'v2': 0, 'v1': 3}","{'v1': 'C', 'v2': 'V'}",letter,
L3-44-01028-letter,L3-44-01028,letter,,,8,8,True,False,"{'v2': 3, 'v1': 8}","{'v1': 'Y', 'v2': 'P'}",letter,
L3-44-01029-letter,L3-44-01029,letter,,,0,0,True,False,"{'v2': 0, 'v1': 0}","{'v1': 'G', 'v2': 'Y'}",letter,
L3-44-01030-letter,L3-44-01030,letter,,,6,6,True,False,"{'v2': 2, 'v1': 6}","{'v1': 'X', 'v2': 'N'}",letter,
L3-44-01031-letter,L3-44-01031,letter,,,6,6,True,False,"{'v2': 1, 'v1': 6}","{'v1': 'N', 'v2': 'J'}",letter,
L3-44-01032-letter,L3-44-01032,letter,,,7,7,True,False,"{'v2': 6, 'v1': 7}","{'v1': 'D', 'v2': 'H'}",letter,
L3-44-01033-letter,L3-44-01033,letter,,,6,6,True,False,"{'v2': 3, 'v1': 6}","{'v1': 'P', 'v2': 'L'}",letter,
L3-44-01034-letter,L3-44-01034,letter,,,8,8,True,False,"{'v2': 1, 'v1': 8}","{'v1': 'M', 'v2': 'J'}",letter,
L3-44-01035-letter,L3-44-01035,letter,,,6,6,True,False,"{'v2': 5, 'v1': 6}","{'v1': 'R', 'v2': 'S'}",letter,
L3-44-01036-letter,L3-44-01036,letter,,,9,9,True,False,"{'v2': 0, 'v1': 9}","{'v1': 'I', 'v2': 'H'}",letter,
L3-44-01037-letter,L3-44-01037,letter,,,9,9,True,False,"{'v2': 3, 'v1': 9}","{'v1': 'Q', 'v2': 'U'}",letter,
L3-44-01038-letter,L3-44-01038,letter,,,8,8,True,False,"{'v2': 0, 'v1': 8}","{'v1': 'J', 'v2': 'I'}",letter,
L3-44-01039-letter,L3-44-01039,letter,,,3,3,True,False,"{'v2': 5, 'v1': 3}","{'v1': 'R', 'v2': 'A'}",letter,
L3-44-01040-letter,L3-44-01040,letter,,,1,1,True,False,"{'v2': 8, 'v1': 1}","{'v1': 'D', 'v2': 'F'}",letter,
L3-44-01041-letter,L3-44-01041,letter,,,0,0,True,False,"{'v2': 1, 'v1': 0}","{'v1': 'O', 'v2': 'F'}",letter,
L3-44-01042-letter,L3-44-01042,letter,,,7,7,True,False,"{'v2': 0, 'v1': 7}","{'v1': 'B', 'v2': 'I'}",letter,
L3-44-01043-letter,L3-44-01043,letter,,,0,0,True,False,"{'v2': 2, 'v1': 0}","{'v1': 'M', 'v2': 'J'}",letter,
L3-44-01044-letter,L3-44-01044,letter,,,7,7,True,False,"{'v2': 1, 'v1': 7}","{'v1': 'I', 'v2': 'X'}",letter,
L3-44-01045-letter,L3-44-01045,letter,,,1,1,True,False,"{'v2': 6, 'v1': 1}","{'v1': 'C', 'v2': 'Q'}",letter,
L3-44-01046-letter,L3-44-01046,letter,,,3,3,True,False,"{'v2': 1, 'v1': 3}","{'v1': 'R', 'v2': 'I'}",letter,
L3-44-01047-letter,L3-44-01047,letter,,,6,6,True,False,"{'v2': 2, 'v1': 6}","{'v1': 'M', 'v2': 'V'}",letter,
L3-44-01048-letter,L3-44-01048,letter,,,5,5,True,False,"{'v2': 5, 'v1': 5}","{'v1': 'X', 'v2': 'S'}",letter,
L3-44-01049-letter,L3-44-01049,letter,,,1,1,True,False,"{'v2': 8, 'v1': 1}","{'v1': 'V', 'v2': 'M'}",letter,
L3-44-01050-letter,L3-44-01050,letter,,,1,1,True,False,"{'v2': 6, 'v1': 1}","{'v1': 'Z', 'v2': 'V'}",letter,
L3-44-01051-letter,L3-44-01051,letter,,,4,4,True,False,"{'v2': 0, 'v1': 4}","{'v1': 'M', 'v2': 'Z'}",letter,
L3-44-01052-letter,L3-44-01052,letter,,,3,3,True,False,"{'v2': 0, 'v1': 3}","{'v1': 'A', 'v2': 'F'}",letter,
L3-44-01053-letter,L3-44-01053,letter,,,9,9,True,False,"{'v2': 6, 'v1': 9}","{'v1': 'M', 'v2': 'U'}",letter,
L3-44-01054-letter,L3-44-01054,letter,,,1,1,True,False,"{'v2': 5, 'v1': 1}","{'v1': 'D', 'v2': 'M'}",letter,
L3-44-01055-letter,L3-44-01055,letter,,,0,0,True,False,"{'v2': 2, 'v1': 0}","{'v1': 'U', 'v2': 'Y'}",letter,
L3-44-01056-letter,L3-44-01056,letter,,,9,9,True,False,"{'v2': 6, 'v1': 9}","{'v1': 'N', 'v2': 'U'}",letter,
L3-44-01057-letter,L3-44-01057,letter,,,5,5,True,False,"{'v2': 1, 'v1': 5}","{'v1': 'E', 'v2': 'Y'}",letter,
L3-44-01058-letter,L3-44-01058,letter,,,8,8,True,False,"{'v2': 3, 'v1': 8}","{'v1': 'Q', 'v2': 'M'}",letter,
L3-44-01059-letter,L3-44-01059,letter,,,8,8,True,False,"{'v2': 0, 'v1': 8}","{'v1': 'B', 'v2': 'C'}",letter,
L3-44-01060-letter,L3-44-01060,letter,,,5,5,True,False,"{'v2': 1, 'v1': 5}","{'v1': 'P', 'v2': 'A'}",letter,
L3-44-01061-letter,L3-44-01061,letter,,,6,6,True,False,"{'v2': 2, 'v1': 6}","{'v1': 'Z', 'v2': 'Q'}",letter,
L3-44-01062-letter,L3-44-01062,letter,,,1,1,True,False,"{'v2': 1, 'v1': 1}","{'v1': 'S', 'v2': 'Q'}",letter,
L3-44-01063-letter,L3-44-01063,letter,,,8,8,True,False,"{'v2': 1, 'v1': 8}","{'v1': 'J', 'v2': 'U'}",letter,
L3-44-01064-letter,L3-44-01064,letter,,,7,7,True,False,"{'v2': 2, 'v1': 7}","{'v1': 'E', 'v2': 'J'}",letter,
L3-44-01065-letter,L3-44-01065,letter,,,9,9,True,False,"{'v2': 5, 'v1': 9}","{'v1': 'B', 'v2': 'W'}",letter,
L3-44-01066-letter,L3-44-01066,letter,,,9,9,True,False,"{'v2': 5, 'v1': 9}","{'v1': 'F', 'v2': 'H'}",letter,
L3-44-01067-letter,L3-44-01067,letter,,,8,8,True,False,"{'v2': 2, 'v1': 8}","{'v1': 'D', 'v2': 'H'}",letter,
L3-44-01068-letter,L3-44-01068,letter,,,1,1,True,False,"{'v2': 0, 'v1': 1}","{'v1': 'R', 'v2': 'D'}",letter,
L3-44-01069-letter,L3-44-01069,letter,,,8,8,True,False,"{'v2': 0, 'v1': 8}","{'v1': 'Y', 'v2': 'I'}",letter,
L3-44-01070-letter,L3-44-01070,letter,,,6,6,True,False,"{'v2': 2, 'v1': 6}","{'v1': 'T', 'v2': 'O'}",letter,
L3-44-01071-letter,L3-44-01071,letter,,,3,3,True,False,"{'v2': 1, 'v1': 3}","{'v1': 'M', 'v2': 'H'}",letter,
L3-44-01072-letter,L3-44-01072,letter,,,0,0,True,False,"{'v2': 7, 'v1': 0}","{'v1': 'K', 'v2': 'M'}",letter,
L3-44-01073-letter,L3-44-01073,letter,,,2,2,True,False,"{'v2': 2, 'v1': 2}","{'v1': 'I', 'v2': 'N'}",letter,
L3-44-01074-letter,L3-44-01074,letter,,,9,9,True,False,"{'v2': 7, 'v1': 9}","{'v1': 'M', 'v2': 'F'}",letter,
L3-44-01075-letter,L3-44-01075,letter,,,1,1,True,False,"{'v2': 0, 'v1': 1}","{'v1': 'B', 'v2': 'H'}",letter,
L3-44-01076-letter,L3-44-01076,letter,,,1,1,True,False,"{'v2': 6, 'v1': 1}","{'v1': 'Z', 'v2': 'H'}",letter,
L3-44-01077-letter,L3-44-01077,letter,,,0,0,True,False,"{'v2': 2, 'v1': 0}","{'v1': 'I', 'v2': 'A'}",letter,
L3-44-01078-letter,L3-44-01078,letter,,,3,3,True,False,"{'v2': 1, 'v1': 3}","{'v1': 'C', 'v2': 'O'}",letter,
L3-44-01079-letter,L3-44-01079,letter,,,3,3,True,False,"{'v2': 6, 'v1': 3}","{'v1': 'R', 'v2': 'G'}",letter,
L3-44-01080-letter,L3-44-01080,letter,,,7,7,True,False,"{'v2': 6, 'v1': 7}","{'v1': 'N', 'v2': 'V'}",letter,
L3-44-01081-letter,L3-44-01081,letter,,,6,6,True,False,"{'v2': 0, 'v1': 6}","{'v1': 'O', 'v2': 'U'}",letter,
L3-44-01082-letter,L3-44-01082,letter,,,2,2,True,False,"{'v2': 7, 'v1': 2}","{'v1': 'R', 'v2': 'D'}",letter,
L3-44-01083-letter,L3-44-01083,letter,,,0,0,True,False,"{'v2': 6, 'v1': 0}","{'v1': 'F', 'v2': 'G'}",letter,
L3-44-01084-letter,L3-44-01084,letter,,,0,0,True,False,"{'v2': 0, 'v1': 0}","{'v1': 'T', 'v2': 'J'}",letter,
L3-44-01085-letter,L3-44-01085,letter,,,9,9,True,False,"{'v2': 9, 'v1': 9}","{'v1': 'S', 'v2': 'E'}",letter,
L3-44-01086-letter,L3-44-01086,letter,,,5,5,True,False,"{'v2': 1, 'v1': 5}","{'v1': 'Y', 'v2': 'F'}",letter,
L3-44-01087-letter,L3-44-01087,letter,,,8,8,True,False,"{'v2': 8, 'v1': 8}","{'v1': 'H', 'v2': 'T'}",letter,
L3-44-01088-letter,L3-44-01088,letter,,,8,8,True,False,"{'v2': 1, 'v1': 8}","{'v1': 'N', 'v2': 'K'}",letter,
L3-44-01089-letter,L3-44-01089,letter,,,1,1,True,False,"{'v2': 6, 'v1': 1}","{'v1': 'V', 'v2': 'Y'}",letter,
L3-44-01090-letter,L3-44-01090,letter,,,5,5,True,False,"{'v2': 1, 'v1': 5}","{'v1': 'K', 'v2': 'R'}",letter,
L3-44-01091-letter,L3-44-01091,letter,,,6,6,True,False,"{'v2': 1, 'v1': 6}","{'v1': 'E', 'v2': 'M'}",letter,
L3-44-01092-letter,L3-44-01092,letter,,,7,7,True,False,"{'v2': 1, 'v1': 7}","{'v1': 'C', 'v2': 'U'}",letter,
L3-44-01093-letter,L3-44-01093,letter,,,4,4,True,False,"{'v2': 1, 'v1': 4}","{'v1': 'X', 'v2': 'W'}",letter,
L3-44-01094-letter,L3-44-01094,letter,,,0,0,True,False,"{'v2': 0, 'v1': 0}","{'v1': 'G', 'v2': 'J'}",letter,
L3-44-01095-letter,L3-44-01095,letter,,,9,9,True,False,"{'v2': 6, 'v1': 9}","{'v1': 'U', 'v2': 'B'}",letter,
L3-44-01096-letter,L3-44-01096,letter,,,1,1,True,False,"{'v2': 8, 'v1': 1}","{'v1': 'N', 'v2': 'S'}",letter,
L3-44-01097-letter,L3-44-01097,letter,,,8,8,True,False,"{'v2': 1, 'v1': 8}","{'v1': 'D', 'v2': 'W'}",letter,
L3-44-01098-letter,L3-44-01098,letter,,,7,7,True,False,"{'v2': 2, 'v1': 7}","{'v1': 'P', 'v2': 'F'}",letter,
L3-44-01099-letter,L3-44-01099,letter,,,2,2,True,False,"{'v2': 5, 'v1': 2}","{'v1': 'I', 'v2': 'T'}",letter,
L3-44-01100-letter,L3-44-01100,letter,,,2,2,True,False,"{'v2': 5, 'v1': 2}","{'v1': 'H', 'v2': 'C'}",letter,
L3-44-01101-letter,L3-44-01101,letter,,,6,6,True,False,"{'v2': 0, 'v1': 6}","{'v1': 'W', 'v2': 'C'}",letter,
L3-44-01102-letter,L3-44-01102,letter,,,1,1,True,False,"{'v2': 8, 'v1': 1}","{'v1': 'F', 'v2': 'M'}",letter,
L3-44-01103-letter,L3-44-01103,letter,,,0,0,True,False,"{'v2': 9, 'v1': 0}","{'v1': 'A', 'v2': 'O'}",letter,
L3-44-01104-letter,L3-44-01104,letter,,,9,9,True,False,"{'v2': 0, 'v1': 9}","{'v1': 'G', 'v2': 'X'}",letter,
L3-44-01105-letter,L3-44-01105,letter,,,5,5,True,False,"{'v2': 3, 'v1': 5}","{'v1': 'P', 'v2': 'V'}",letter,
L3-44-01106-letter,L3-44-01106,letter,,,4,4,True,False,"{'v2': 2, 'v1': 4}","{'v1': 'H', 'v2': 'Y'}",letter,
L3-44-01107-letter,L3-44-01107,letter,,,7,7,True,False,"{'v2': 7, 'v1': 7}","{'v1': 'E', 'v2': 'X'}",letter,
L3-44-01108-letter,L3-44-01108,letter,,,2,2,True,False,"{'v2': 3, 'v1': 2}","{'v1': 'K', 'v2': 'D'}",letter,
L3-44-01109-letter,L3-44-01109,letter,,,3,3,True,False,"{'v2': 0, 'v1': 3}","{'v1': 'W', 'v2': 'J'}",letter,
L3-44-01110-letter,L3-44-01110,letter,,,5,5,True,False,"{'v2': 0, 'v1': 5}","{'v1': 'Z', 'v2': 'U'}",letter,
L3-44-01111-letter,L3-44-01111,letter,,,5,5,True,False,"{'v2': 1, 'v1': 5}","{'v1': 'N', 'v2': 'V'}",letter,
L3-44-01112-letter,L3-44-01112,letter,,,0,0,True,False,"{'v2': 1, 'v1': 0}","{'v1': 'R', 'v2': 'G'}",letter,
L3-44-01113-letter,L3-44-01113,letter,,,9,9,True,False,"{'v2': 0, 'v1': 9}","{'v1': 'J', 'v2': 'R'}",letter,
L3-44-01114-letter,L3-44-01114,letter,,,6,6,True,False,"{'v2': 3, 'v1': 6}","{'v1': 'D', 'v2': 'X'}",letter,
L3-44-01115-letter,L3-44-01115,letter,,,7,7,True,False,"{'v2': 1, 'v1': 7}","{'v1': 'U', 'v2': 'T'}",letter,
L3-44-01116-letter,L3-44-01116,letter,,,8,8,True,False,"{'v2': 6, 'v1': 8}","{'v1': 'X', 'v2': 'L'}",letter,
L3-44-01117-letter,L3-44-01117,letter,,,7,7,True,False,"{'v2': 1, 'v1': 7}","{'v1': 'F', 'v2': 'W'}",letter,
L3-44-01118-letter,L3-44-01118,letter,,,4,4,True,False,"{'v2': 0, 'v1': 4}","{'v1': 'Z', 'v2': 'S'}",letter,
L3-44-01119-letter,L3-44-01119,letter,,,7,7,True,False,"{'v2': 7, 'v1': 7}","{'v1': 'G', 'v2': 'X'}",letter,
L3-44-01120-letter,L3-44-01120,letter,,,6,6,True,False,"{'v2': 1, 'v1': 6}","{'v1': 'K', 'v2': 'W'}",letter,
L3-44-01121-letter,L3-44-01121,letter,,,9,9,True,False,"{'v2': 8, 'v1': 9}","{'v1': 'B', 'v2': 'H'}",letter,
L3-44-01122-letter,L3-44-01122,letter,,,8,8,True,False,"{'v2': 0, 'v1': 8}","{'v1': 'L', 'v2': 'K'}",letter,
L3-44-01123-letter,L3-44-01123,letter,,,5,5,True,False,"{'v2': 3, 'v1': 5}","{'v1': 'F', 'v2': 'I'}",letter,
L3-44-01124-letter,L3-44-01124,letter,,,5,5,True,False,"{'v2': 5, 'v1': 5}","{'v1': 'R', 'v2': 'W'}",letter,
L3-44-01125-letter,L3-44-01125,letter,,,8,8,True,False,"{'v2': 6, 'v1': 8}","{'v1': 'J', 'v2': 'R'}",letter,
L3-44-01126-letter,L3-44-01126,letter,,,5,5,True,False,"{'v2': 1, 'v1': 5}","{'v1': 'O', 'v2': 'C'}",letter,
L3-44-01127-letter,L3-44-01127,letter,,,0,0,True,False,"{'v2': 1, 'v1': 0}","{'v1': 'N', 'v2': 'G'}",letter,
L3-44-01128-letter,L3-44-01128,letter,,,5,5,True,False,"{'v2': 1, 'v1': 5}","{'v1': 'L', 'v2': 'Z'}",letter,
L3-44-01129-letter,L3-44-01129,letter,,,5,5,True,False,"{'v2': 0, 'v1': 5}","{'v1': 'Y', 'v2': 'V'}",letter,
L3-44-01130-letter,L3-44-01130,letter,,,3,3,True,False,"{'v2': 0, 'v1': 3}","{'v1': 'D', 'v2': 'V'}",letter,
L3-44-01131-letter,L3-44-01131,letter,,,6,6,True,False,"{'v2': 5, 'v1': 6}","{'v1': 'J', 'v2': 'A'}",letter,
L3-44-01132-letter,L3-44-01132,letter,,,3,3,True,False,"{'v2': 0, 'v1': 3}","{'v1': 'C', 'v2': 'W'}",letter,
L3-44-01133-letter,L3-44-01133,letter,,,2,2,True,False,"{'v2': 3, 'v1': 2}","{'v1': 'G', 'v2': 'J'}",letter,
L3-44-01134-letter,L3-44-01134,letter,,,2,2,True,False,"{'v2': 0, 'v1': 2}","{'v1': 'Z', 'v2': 'E'}",letter,
L3-44-01135-letter,L3-44-01135,letter,,,5,5,True,False,"{'v2': 2, 'v1': 5}","{'v1': 'M', 'v2': 'P'}",letter,
L3-44-01136-letter,L3-44-01136,letter,,,6,6,True,False,"{'v2': 0, 'v1': 6}","{'v1': 'T', 'v2': 'R'}",letter,
L3-44-01137-letter,L3-44-01137,letter,,,5,5,True,False,"{'v2': 2, 'v1': 5}","{'v1': 'J', 'v2': 'N'}",letter,
L3-44-01138-letter,L3-44-01138,letter,,,6,6,True,False,"{'v2': 6, 'v1': 6}","{'v1': 'W', 'v2': 'Y'}",letter,
L3-44-01139-letter,L3-44-01139,letter,,,7,7,True,False,"{'v2': 5, 'v1': 7}","{'v1': 'V', 'v2': 'O'}",letter,
L3-44-01140-letter,L3-44-01140,letter,,,2,2,True,False,"{'v2': 7, 'v1': 2}","{'v1': 'Q', 'v2': 'W'}",letter,
L3-44-01141-letter,L3-44-01141,letter,,,2,2,True,False,"{'v2': 1, 'v1': 2}","{'v1': 'T', 'v2': 'E'}",letter,
L3-44-01142-letter,L3-44-01142,letter,,,9,9,True,False,"{'v2': 2, 'v1': 9}","{'v1': 'F', 'v2': 'O'}",letter,
L3-44-01143-letter,L3-44-01143,letter,,,3,3,True,False,"{'v2': 6, 'v1': 3}","{'v1': 'Q', 'v2': 'K'}",letter,
L3-44-01144-letter,L3-44-01144,letter,,,2,2,True,False,"{'v2': 7, 'v1': 2}","{'v1': 'O', 'v2': 'Q'}",letter,
L3-44-01145-letter,L3-44-01145,letter,,,7,7,True,False,"{'v2': 5, 'v1': 7}","{'v1': 'Z', 'v2': 'K'}",letter,
L3-44-01146-letter,L3-44-01146,letter,,,4,4,True,False,"{'v2': 0, 'v1': 4}","{'v1': 'A', 'v2': 'K'}",letter,
L3-44-01147-letter,L3-44-01147,letter,,,5,5,True,False,"{'v2': 1, 'v1': 5}","{'v1': 'O', 'v2': 'V'}",letter,
L3-44-01148-letter,L3-44-01148,letter,,,4,4,True,False,"{'v2': 1, 'v1': 4}","{'v1': 'N', 'v2': 'E'}",letter,
L3-44-01149-letter,L3-44-01149,letter,,,6,6,True,False,"{'v2': 0, 'v1': 6}","{'v1': 'D', 'v2': 'O'}",letter,
L3-44-01150-letter,L3-44-01150,letter,,,0,0,True,False,"{'v2': 7, 'v1': 0}","{'v1': 'N', 'v2': 'B'}",letter,
L3-44-01151-letter,L3-44-01151,letter,,,5,5,True,False,"{'v2': 1, 'v1': 5}","{'v1': 'L', 'v2': 'Y'}",letter,
L3-44-01152-letter,L3-44-01152,letter,,,7,7,True,False,"{'v2': 3, 'v1': 7}","{'v1': 'O', 'v2': 'E'}",letter,
L3-44-01153-letter,L3-44-01153,letter,,,6,6,True,False,"{'v2': 1, 'v1': 6}","{'v1': 'R', 'v2': 'K'}",letter,
L3-44-01154-letter,L3-44-01154,letter,,,7,7,True,False,"{'v2': 2, 'v1': 7}","{'v1': 'U', 'v2': 'X'}",letter,
L3-44-01155-letter,L3-44-01155,letter,,,2,2,True,False,"{'v2': 0, 'v1': 2}","{'v1': 'V', 'v2': 'P'}",letter,
L3-44-01156-letter,L3-44-01156,letter,,,7,7,True,False,"{'v2': 2, 'v1': 7}","{'v1': 'B', 'v2': 'A'}",letter,
L3-44-01157-letter,L3-44-01157,letter,,,4,4,True,False,"{'v2': 0, 'v1': 4}","{'v1': 'O', 'v2': 'F'}",letter,
L3-44-01158-letter,L3-44-01158,letter,,,6,6,True,False,"{'v2': 6, 'v1': 6}","{'v1': 'E', 'v2': 'L'}",letter,
L3-44-01159-letter,L3-44-01159,letter,,,1,1,True,False,"{'v2': 6, 'v1': 1}","{'v1': 'E', 'v2': 'W'}",letter,
L3-44-01160-letter,L3-44-01160,letter,,,2,2,True,False,"{'v2': 2, 'v1': 2}","{'v1': 'N', 'v2': 'M'}",letter,
L3-44-01161-letter,L3-44-01161,letter,,,3,3,True,False,"{'v2': 1, 'v1': 3}","{'v1': 'I', 'v2': 'W'}",letter,
L3-44-01162-letter,L3-44-01162,letter,,,0,0,True,False,"{'v2': 6, 'v1': 0}","{'v1': 'S', 'v2': 'M'}",letter,
L3-44-01163-letter,L3-44-01163,letter,,,2,2,True,False,"{'v2': 7, 'v1': 2}","{'v1': 'U', 'v2': 'Y'}",letter,
L3-44-01164-letter,L3-44-01164,letter,,,6,6,True,False,"{'v2': 2, 'v1': 6}","{'v1': 'R', 'v2': 'E'}",letter,
L3-44-01165-letter,L3-44-01165,letter,,,6,6,True,False,"{'v2': 0, 'v1': 6}","{'v1': 'Z', 'v2': 'S'}",letter,
L3-44-01166-letter,L3-44-01166,letter,,,6,6,True,False,"{'v2': 0, 'v1': 6}","{'v1': 'L', 'v2': 'U'}",letter,
L3-44-01167-letter,L3-44-01167,letter,,,0,0,True,False,"{'v2': 5, 'v1': 0}","{'v1': 'S', 'v2': 'D'}",letter,
L3-44-01168-letter,L3-44-01168,letter,,,1,1,True,False,"{'v2': 6, 'v1': 1}","{'v1': 'Z', 'v2': 'J'}",letter,
L3-44-01169-letter,L3-44-01169,letter,,,8,8,True,False,"{'v2': 1, 'v1': 8}","{'v1': 'F', 'v2': 'V'}",letter,
L3-44-01170-letter,L3-44-01170,letter,,,7,7,True,False,"{'v2': 7, 'v1': 7}","{'v1': 'C', 'v2': 'E'}",letter,
L3-44-01171-letter,L3-44-01171,letter,,,4,4,True,False,"{'v2': 0, 'v1': 4}","{'v1': 'Z', 'v2': 'W'}",letter,
L3-44-01172-letter,L3-44-01172,letter,,,7,7,True,False,"{'v2': 5, 'v1': 7}","{'v1': 'R', 'v2': 'N'}",letter,
L3-44-01173-letter,L3-44-01173,letter,,,4,4,True,False,"{'v2': 1, 'v1': 4}","{'v1': 'V', 'v2': 'Z'}",letter,
L3-44-01174-letter,L3-44-01174,letter,,,0,0,True,False,"{'v2': 3, 'v1': 0}","{'v1': 'U', 'v2': 'J'}",letter,
L3-44-01175-letter,L3-44-01175,letter,,,7,7,True,False,"{'v2': 7, 'v1': 7}","{'v1': 'F', 'v2': 'X'}",letter,
L3-44-01176-letter,L3-44-01176,letter,,,0,0,True,False,"{'v2': 6, 'v1': 0}","{'v1': 'O', 'v2': 'R'}",letter,
L3-44-01177-letter,L3-44-01177,letter,,,7,7,True,False,"{'v2': 3, 'v1': 7}","{'v1': 'I', 'v2': 'B'}",letter,
L3-44-01178-letter,L3-44-01178,letter,,,1,1,True,False,"{'v2': 0, 'v1': 1}","{'v1': 'L', 'v2': 'A'}",letter,
L3-44-01179-letter,L3-44-01179,letter,,,2,2,True,False,"{'v2': 2, 'v1': 2}","{'v1': 'V', 'v2': 'D'}",letter,
L3-44-01180-letter,L3-44-01180,letter,,,6,6,True,False,"{'v2': 1, 'v1': 6}","{'v1': 'F', 'v2': 'M'}",letter,
L3-44-01181-letter,L3-44-01181,letter,,,4,4,True,False,"{'v2': 5, 'v1': 4}","{'v1': 'L', 'v2': 'G'}",letter,
L3-44-01182-letter,L3-44-01182,letter,,,6,6,True,False,"{'v2': 6, 'v1': 6}","{'v1': 'C', 'v2': 'O'}",letter,
L3-44-01183-letter,L3-44-01183,letter,,,2,2,True,False,"{'v2': 3, 'v1': 2}","{'v1': 'Y', 'v2': 'S'}",letter,
L3-44-01184-letter,L3-44-01184,letter,,,1,1,True,False,"{'v2': 8, 'v1': 1}","{'v1': 'W', 'v2': 'L'}",letter,
L3-44-01185-letter,L3-44-01185,letter,,,3,3,True,False,"{'v2': 0, 'v1': 3}","{'v1': 'L', 'v2': 'U'}",letter,
L3-44-01186-letter,L3-44-01186,letter,,,0,0,True,False,"{'v2': 7, 'v1': 0}","{'v1': 'Z', 'v2': 'S'}",letter,
L3-44-01187-letter,L3-44-01187,letter,,,4,4,True,False,"{'v2': 1, 'v1': 4}","{'v1': 'Q', 'v2': 'O'}",letter,
L3-44-01188-letter,L3-44-01188,letter,,,3,3,True,False,"{'v2': 1, 'v1': 3}","{'v1': 'F', 'v2': 'R'}",letter,
L3-44-01189-letter,L3-44-01189,letter,,,8,8,True,False,"{'v2': 8, 'v1': 8}","{'v1': 'K', 'v2': 'X'}",letter,
L3-44-01190-letter,L3-44-01190,letter,,,2,2,True,False,"{'v2': 5, 'v1': 2}","{'v1': 'Y', 'v2': 'U'}",letter,
L3-44-01191-letter,L3-44-01191,letter,,,8,8,True,False,"{'v2': 1, 'v1': 8}","{'v1': 'A', 'v2': 'N'}",letter,
L3-44-01192-letter,L3-44-01192,letter,,,1,1,True,False,"{'v2': 2, 'v1': 1}","{'v1': 'E', 'v2': 'X'}",letter,
L3-44-01193-letter,L3-44-01193,letter,,,4,4,True,False,"{'v2': 1, 'v1': 4}","{'v1': 'N', 'v2': 'Z'}",letter,
L3-44-01194-letter,L3-44-01194,letter,,,3,3,True,False,"{'v2': 1, 'v1': 3}","{'v1': 'D', 'v2': 'U'}",letter,
L3-44-01195-letter,L3-44-01195,letter,,,0,0,True,False,"{'v2': 0, 'v1': 0}","{'v1': 'A', 'v2': 'X'}",letter,
L3-44-01196-letter,L3-44-01196,letter,,,7,7,True,False,"{'v2': 5, 'v1': 7}","{'v1': 'T', 'v2': 'K'}",letter,
L3-44-01197-letter,L3-44-01197,letter,,,3,3,True,False,"{'v2': 1, 'v1': 3}","{'v1': 'M', 'v2': 'E'}",letter,
L3-44-01198-letter,L3-44-01198,letter,,,6,6,True,False,"{'v2': 2, 'v1': 6}","{'v1': 'G', 'v2': 'F'}",letter,
L3-44-01199-letter,L3-44-01199,letter,,,6,6,True,False,"{'v2': 2, 'v1': 6}","{'v1': 'L', 'v2': 'O'}",letter,
L3-44-01200-letter,L3-44-01200,letter,,,9,9,True,False,"{'v2': 7, 'v1': 9}","{'v1': 'P', 'v2': 'C'}",letter,
L3-44-01201-letter,L3-44-01201,letter,,,5,5,True,False,"{'v2': 3, 'v1': 5}","{'v1': 'S', 'v2': 'N'}",letter,
L3-44-01202-letter,L3-44-01202,letter,,,2,2,True,False,"{'v2': 0, 'v1': 2}","{'v1': 'C', 'v2': 'T'}",letter,
L3-44-01203-letter,L3-44-01203,letter,,,2,2,True,False,"{'v2': 1, 'v1': 2}","{'v1': 'I', 'v2': 'D'}",letter,
L3-44-01204-letter,L3-44-01204,letter,,,3,3,True,False,"{'v2': 0, 'v1': 3}","{'v1': 'M', 'v2': 'J'}",letter,
L3-44-01205-letter,L3-44-01205,letter,,,6,6,True,False,"{'v2': 0, 'v1': 6}","{'v1': 'N', 'v2': 'S'}",letter,
L3-44-01206-letter,L3-44-01206,letter,,,6,6,True,False,"{'v2': 1, 'v1': 6}","{'v1': 'T', 'v2': 'O'}",letter,
L3-44-01207-letter,L3-44-01207,letter,,,9,9,True,False,"{'v2': 0, 'v1': 9}","{'v1': 'P', 'v2': 'V'}",letter,
L3-44-01208-letter,L3-44-01208,letter,,,1,1,True,False,"{'v2': 0, 'v1': 1}","{'v1': 'U', 'v2': 'D'}",letter,
L3-44-01209-letter,L3-44-01209,letter,,,3,3,True,False,"{'v2': 6, 'v1': 3}","{'v1': 'X', 'v2': 'K'}",letter,
L3-44-01210-letter,L3-44-01210,letter,,,4,4,True,False,"{'v2': 0, 'v1': 4}","{'v1': 'H', 'v2': 'F'}",letter,
L3-44-01211-letter,L3-44-01211,letter,,,2,2,True,False,"{'v2': 0, 'v1': 2}","{'v1': 'T', 'v2': 'B'}",letter,
L3-44-01212-letter,L3-44-01212,letter,,,1,1,True,False,"{'v2': 8, 'v1': 1}","{'v1': 'K', 'v2': 'D'}",letter,
L3-44-01213-letter,L3-44-01213,letter,,,7,7,True,False,"{'v2': 5, 'v1': 7}","{'v1': 'W', 'v2': 'G'}",letter,
L3-44-01214-letter,L3-44-01214,letter,,,4,4,True,False,"{'v2': 0, 'v1': 4}","{'v1': 'T', 'v2': 'A'}",letter,
L3-44-01215-letter,L3-44-01215,letter,,,6,6,True,False,"{'v2': 0, 'v1': 6}","{'v1': 'Z', 'v2': 'I'}",letter,
L3-44-01216-letter,L3-44-01216,letter,,,7,7,True,False,"{'v2': 1, 'v1': 7}","{'v1': 'A', 'v2': 'H'}",letter,
L3-44-01217-letter,L3-44-01217,letter,,,0,0,True,False,"{'v2': 6, 'v1': 0}","{'v1': 'F', 'v2': 'I'}",letter,
L3-44-01218-letter,L3-44-01218,letter,,,9,9,True,False,"{'v2': 3, 'v1': 9}","{'v1': 'P', 'v2': 'V'}",letter,
L3-44-01219-letter,L3-44-01219,letter,,,9,9,True,False,"{'v2': 8, 'v1': 9}","{'v1': 'F', 'v2': 'G'}",letter,
L3-44-01220-letter,L3-44-01220,letter,,,5,5,True,False,"{'v2': 5, 'v1': 5}","{'v1': 'Y', 'v2': 'M'}",letter,
L3-44-01221-letter,L3-44-01221,letter,,,3,3,True,False,"{'v2': 1, 'v1': 3}","{'v1': 'Q', 'v2': 'J'}",letter,
L3-44-01222-letter,L3-44-01222,letter,,,1,1,True,False,"{'v2': 1, 'v1': 1}","{'v1': 'A', 'v2': 'H'}",letter,
L3-44-01223-letter,L3-44-01223,letter,,,7,7,True,False,"{'v2': 6, 'v1': 7}","{'v1': 'L', 'v2': 'C'}",letter,
L3-44-01224-letter,L3-44-01224,letter,,,0,0,True,False,"{'v2': 5, 'v1': 0}","{'v1': 'W', 'v2': 'D'}",letter,
L3-44-01225-letter,L3-44-01225,letter,,,8,8,True,False,"{'v2': 5, 'v1': 8}","{'v1': 'W', 'v2': 'Z'}",letter,
L3-44-01226-letter,L3-44-01226,letter,,,4,4,True,False,"{'v2': 1, 'v1': 4}","{'v1': 'E', 'v2': 'A'}",letter,
L3-44-01227-letter,L3-44-01227,letter,,,0,0,True,False,"{'v2': 0, 'v1': 0}","{'v1': 'B', 'v2': 'I'}",letter,
L3-44-01228-letter,L3-44-01228,letter,,,7,7,True,False,"{'v2': 5, 'v1': 7}","{'v1': 'O', 'v2': 'V'}",letter,
L3-44-01229-letter,L3-44-01229,letter,,,7,7,True,False,"{'v2': 1, 'v1': 7}","{'v1': 'Z', 'v2': 'N'}",letter,
L3-44-01230-letter,L3-44-01230,letter,,,5,5,True,False,"{'v2': 1, 'v1': 5}","{'v1': 'C', 'v2': 'I'}",letter,
L3-44-01231-letter,L3-44-01231,letter,,,0,0,True,False,"{'v2': 5, 'v1': 0}","{'v1': 'A', 'v2': 'M'}",letter,
L3-44-01232-letter,L3-44-01232,letter,,,4,4,True,False,"{'v2': 3, 'v1': 4}","{'v1': 'S', 'v2': 'E'}",letter,
L3-44-01233-letter,L3-44-01233,letter,,,1,1,True,False,"{'v2': 2, 'v1': 1}","{'v1': 'J', 'v2': 'W'}",letter,
L3-44-01234-letter,L3-44-01234,letter,,,7,7,True,False,"{'v2': 7, 'v1': 7}","{'v1': 'A', 'v2': 'B'}",letter,
L3-44-01235-letter,L3-44-01235,letter,,,9,9,True,False,"{'v2': 6, 'v1': 9}","{'v1': 'K', 'v2': 'N'}",letter,
L3-44-01236-letter,L3-44-01236,letter,,,7,7,True,False,"{'v2': 1, 'v1': 7}","{'v1': 'P', 'v2': 'V'}",letter,
L3-44-01237-letter,L3-44-01237,letter,,,6,6,True,False,"{'v2': 6, 'v1': 6}","{'v1': 'Y', 'v2': 'T'}",letter,
L3-44-01238-letter,L3-44-01238,letter,,,3,3,True,False,"{'v2': 1, 'v1': 3}","{'v1': 'T', 'v2': 'V'}",letter,
L3-44-01239-letter,L3-44-01239,letter,,,7,7,True,False,"{'v2': 7, 'v1': 7}","{'v1': 'C', 'v2': 'F'}",letter,
L3-44-01240-letter,L3-44-01240,letter,,,4,4,True,False,"{'v2': 3, 'v1': 4}","{'v1': 'L', 'v2': 'Y'}",letter,
L3-44-01241-letter,L3-44-01241,letter,,,1,1,True,False,"{'v2': 0, 'v1': 1}","{'v1': 'G', 'v2': 'Q'}",letter,
L3-44-01242-letter,L3-44-01242,letter,,,1,1,True,False,"{'v2': 0, 'v1': 1}","{'v1': 'K', 'v2': 'E'}",letter,
L3-44-01243-letter,L3-44-01243,letter,,,2,2,True,False,"{'v2': 1, 'v1': 2}","{'v1': 'N', 'v2': 'P'}",letter,
L3-44-01244-letter,L3-44-01244,letter,,,2,2,True,False,"{'v2': 1, 'v1': 2}","{'v1': 'U', 'v2': 'Z'}",letter,
L3-44-01245-letter,L3-44-01245,letter,,,6,6,True,False,"{'v2': 0, 'v1': 6}","{'v1': 'C', 'v2': 'H'}",letter,
L3-44-01246-letter,L3-44-01246,letter,,,2,2,True,False,"{'v2': 5, 'v1': 2}","{'v1': 'L', 'v2': 'X'}",letter,
L3-44-01247-letter,L3-44-01247,letter,,,6,6,True,False,"{'v2': 6, 'v1': 6}","{'v1': 'F', 'v2': 'S'}",letter,
L3-44-01248-letter,L3-44-01248,letter,,,3,3,True,False,"{'v2': 1, 'v1': 3}","{'v1': 'V', 'v2': 'K'}",letter,
L3-44-01249-letter,L3-44-01249,letter,,,8,8,True,False,"{'v2': 1, 'v1': 8}","{'v1': 'J', 'v2': 'O'}",letter,
L3-44-01250-letter,L3-44-01250,letter,,,6,6,True,False,"{'v2': 2, 'v1': 6}","{'v1': 'V', 'v2': 'D'}",letter,
L3-44-01251-letter,L3-44-01251,letter,,,2,2,True,False,"{'v2': 0, 'v1': 2}","{'v1': 'E', 'v2': 'B'}",letter,
L3-44-01252-letter,L3-44-01252,letter,,,9,9,True,False,"{'v2': 6, 'v1': 9}","{'v1': 'P', 'v2': 'S'}",letter,
L3-44-01253-letter,L3-44-01253,letter,,,1,1,True,False,"{'v2': 8, 'v1': 1}","{'v1': 'I', 'v2': 'E'}",letter,
L3-44-01254-letter,L3-44-01254,letter,,,8,8,True,False,"{'v2': 1, 'v1': 8}","{'v1': 'Q', 'v2': 'D'}",letter,
L3-44-01255-letter,L3-44-01255,letter,,,2,2,True,False,"{'v2': 5, 'v1': 2}","{'v1': 'W', 'v2': 'E'}",letter,
L3-44-01256-letter,L3-44-01256,letter,,,1,1,True,False,"{'v2': 8, 'v1': 1}","{'v1': 'W', 'v2': 'R'}",letter,
L3-44-01257-letter,L3-44-01257,letter,,,3,3,True,False,"{'v2': 3, 'v1': 3}","{'v1': 'N', 'v2': 'A'}",letter,
L3-44-01258-letter,L3-44-01258,letter,,,8,8,True,False,"{'v2': 1, 'v1': 8}","{'v1': 'E', 'v2': 'B'}",letter,
L3-44-01259-letter,L3-44-01259,letter,,,9,9,True,False,"{'v2': 1, 'v1': 9}","{'v1': 'A', 'v2': 'M'}",letter,
L3-44-01260-letter,L3-44-01260,letter,,,1,1,True,False,"{'v2': 0, 'v1': 1}","{'v1': 'Y', 'v2': 'I'}",letter,
L3-44-01261-letter,L3-44-01261,letter,,,2,2,True,False,"{'v2': 7, 'v1': 2}","{'v1': 'N', 'v2': 'Q'}",letter,
L3-44-01262-letter,L3-44-01262,letter,,,7,7,True,False,"{'v2': 3, 'v1': 7}","{'v1': 'S', 'v2': 'H'}",letter,
L3-44-01263-letter,L3-44-01263,letter,,,6,6,True,False,"{'v2': 5, 'v1': 6}","{'v1': 'D', 'v2': 'N'}",letter,
L3-44-01264-letter,L3-44-01264,letter,,,9,9,True,False,"{'v2': 6, 'v1': 9}","{'v1': 'U', 'v2': 'K'}",letter,
L3-44-01265-letter,L3-44-01265,letter,,,2,2,True,False,"{'v2': 2, 'v1': 2}","{'v1': 'F', 'v2': 'N'}",letter,
L3-44-01266-letter,L3-44-01266,letter,,,4,4,True,False,"{'v2': 2, 'v1': 4}","{'v1': 'R', 'v2': 'J'}",letter,
L3-44-01267-letter,L3-44-01267,letter,,,9,9,True,False,"{'v2': 9, 'v1': 9}","{'v1': 'S', 'v2': 'G'}",letter,
L3-44-01268-letter,L3-44-01268,letter,,,4,4,True,False,"{'v2': 2, 'v1': 4}","{'v1': 'D', 'v2': 'C'}",letter,
L3-44-01269-letter,L3-44-01269,letter,,,7,7,True,False,"{'v2': 1, 'v1': 7}","{'v1': 'X', 'v2': 'T'}",letter,
L3-44-01270-letter,L3-44-01270,letter,,,6,6,True,False,"{'v2': 1, 'v1': 6}","{'v1': 'T', 'v2': 'L'}",letter,
L3-44-01271-letter,L3-44-01271,letter,,,3,3,True,False,"{'v2': 2, 'v1': 3}","{'v1': 'T', 'v2': 'D'}",letter,
L3-44-01272-letter,L3-44-01272,letter,,,6,6,True,False,"{'v2': 6, 'v1': 6}","{'v1': 'H', 'v2': 'N'}",letter,
L3-44-01273-letter,L3-44-01273,letter,,,9,9,True,False,"{'v2': 7, 'v1': 9}","{'v1': 'D', 'v2': 'E'}",letter,
L3-44-01274-letter,L3-44-01274,letter,,,2,2,True,False,"{'v2': 1, 'v1': 2}","{'v1': 'J', 'v2': 'W'}",letter,
L3-44-01275-letter,L3-44-01275,letter,,,1,1,True,False,"{'v2': 2, 'v1': 1}","{'v1': 'B', 'v2': 'N'}",letter,
L3-44-01276-letter,L3-44-01276,letter,,,9,9,True,False,"{'v2': 7, 'v1': 9}","{'v1': 'Q', 'v2': 'Y'}",letter,
L3-44-01277-letter,L3-44-01277,letter,,,9,9,True,False,"{'v2': 1, 'v1': 9}","{'v1': 'U', 'v2': 'J'}",letter,
L3-44-01278-letter,L3-44-01278,letter,,,7,7,True,False,"{'v2': 5, 'v1': 7}","{'v1': 'K', 'v2': 'W'}",letter,
L3-44-01279-letter,L3-44-01279,letter,,,5,5,True,False,"{'v2': 5, 'v1': 5}","{'v1': 'W', 'v2': 'X'}",letter,
L3-44-01280-letter,L3-44-01280,letter,,,4,4,True,False,"{'v2': 2, 'v1': 4}","{'v1': 'I', 'v2': 'P'}",letter,
L3-44-01281-letter,L3-44-01281,letter,,,0,0,True,False,"{'v2': 0, 'v1': 0}","{'v1': 'P', 'v2': 'U'}",letter,
L3-44-01282-letter,L3-44-01282,letter,,,4,4,True,False,"{'v2': 5, 'v1': 4}","{'v1': 'L', 'v2': 'W'}",letter,
L3-44-01283-letter,L3-44-01283,letter,,,9,9,True,False,"{'v2': 9, 'v1': 9}","{'v1': 'G', 'v2': 'S'}",letter,
L3-44-01284-letter,L3-44-01284,letter,,,6,6,True,False,"{'v2': 2, 'v1': 6}","{'v1': 'Q', 'v2': 'R'}",letter,
L3-44-01285-letter,L3-44-01285,letter,,,8,8,True,False,"{'v2': 2, 'v1': 8}","{'v1': 'R', 'v2': 'J'}",letter,
L3-44-01286-letter,L3-44-01286,letter,,,4,4,True,False,"{'v2': 3, 'v1': 4}","{'v1': 'T', 'v2': 'P'}",letter,
L3-44-01287-letter,L3-44-01287,letter,,,0,0,True,False,"{'v2': 9, 'v1': 0}","{'v1': 'G', 'v2': 'T'}",letter,
L3-44-01288-letter,L3-44-01288,letter,,,5,5,True,False,"{'v2': 1, 'v1': 5}","{'v1': 'S', 'v2': 'U'}",letter,
L3-44-01289-letter,L3-44-01289,letter,,,7,7,True,False,"{'v2': 7, 'v1': 7}","{'v1': 'K', 'v2': 'Q'}",letter,
L3-44-01290-letter,L3-44-01290,letter,,,7,7,True,False,"{'v2': 0, 'v1': 7}","{'v1': 'V', 'v2': 'A'}",letter,
L3-44-01291-letter,L3-44-01291,letter,,,2,2,True,False,"{'v2': 6, 'v1': 2}","{'v1': 'L', 'v2': 'X'}",letter,
L3-44-01292-letter,L3-44-01292,letter,,,8,8,True,False,"{'v2': 2, 'v1': 8}","{'v1': 'Q', 'v2': 'W'}",letter,
L3-44-01293-letter,L3-44-01293,letter,,,1,1,True,False,"{'v2': 2, 'v1': 1}","{'v1': 'U', 'v2': 'W'}",letter,
L3-44-01294-letter,L3-44-01294,letter,,,0,0,True,False,"{'v2': 0, 'v1': 0}","{'v1': 'U', 'v2': 'N'}",letter,
L3-44-01295-letter,L3-44-01295,letter,,,1,1,True,False,"{'v2': 7, 'v1': 1}","{'v1': 'E', 'v2': 'B'}",letter,
L3-44-01296-letter,L3-44-01296,letter,,,2,2,True,False,"{'v2': 0, 'v1': 2}","{'v1': 'H', 'v2': 'Z'}",letter,
L3-44-01297-letter,L3-44-01297,letter,,,1,1,True,False,"{'v2': 0, 'v1': 1}","{'v1': 'R', 'v2': 'P'}",letter,
L3-44-01298-letter,L3-44-01298,letter,,,1,1,True,False,"{'v2': 6, 'v1': 1}","{'v1': 'R', 'v2': 'T'}",letter,
L3-44-01299-letter,L3-44-01299,letter,,,0,0,True,False,"{'v2': 2, 'v1': 0}","{'v1': 'P', 'v2': 'B'}",letter,
L3-44-01300-letter,L3-44-01300,letter,,,0,0,True,False,"{'v2': 7, 'v1': 0}","{'v1': 'F', 'v2': 'A'}",letter,
L3-44-01301-letter,L3-44-01301,letter,,,8,8,True,False,"{'v2': 0, 'v1': 8}","{'v1': 'X', 'v2': 'W'}",letter,
L3-44-01302-letter,L3-44-01302,letter,,,0,0,True,False,"{'v2': 7, 'v1': 0}","{'v1': 'S', 'v2': 'F'}",letter,
L3-44-01303-letter,L3-44-01303,letter,,,8,8,True,False,"{'v2': 1, 'v1': 8}","{'v1': 'W', 'v2': 'V'}",letter,
L3-44-01304-letter,L3-44-01304,letter,,,1,1,True,False,"{'v2': 2, 'v1': 1}","{'v1': 'W', 'v2': 'V'}",letter,
L3-44-01305-letter,L3-44-01305,letter,,,4,4,True,False,"{'v2': 1, 'v1': 4}","{'v1': 'G', 'v2': 'J'}",letter,
L3-44-01306-letter,L3-44-01306,letter,,,8,8,True,False,"{'v2': 0, 'v1': 8}","{'v1': 'Q', 'v2': 'F'}",letter,
L3-44-01307-letter,L3-44-01307,letter,,,7,7,True,False,"{'v2': 1, 'v1': 7}","{'v1': 'K', 'v2': 'B'}",letter,
L3-44-01308-letter,L3-44-01308,letter,,,2,2,True,False,"{'v2': 5, 'v1': 2}","{'v1': 'E', 'v2': 'R'}",letter,
L3-44-01309-letter,L3-44-01309,letter,,,9,9,True,False,"{'v2': 0, 'v1': 9}","{'v1': 'C', 'v2': 'L'}",letter,
L3-44-01310-letter,L3-44-01310,letter,,,3,3,True,False,"{'v2': 6, 'v1': 3}","{'v1': 'B', 'v2': 'I'}",letter,
L3-44-01311-letter,L3-44-01311,letter,,,8,8,True,False,"{'v2': 6, 'v1': 8}","{'v1': 'B', 'v2': 'N'}",letter,
L3-44-01312-letter,L3-44-01312,letter,,,3,3,True,False,"{'v2': 1, 'v1': 3}","{'v1': 'I', 'v2': 'Y'}",letter,
L3-44-01313-letter,L3-44-01313,letter,,,1,1,True,False,"{'v2': 0, 'v1': 1}","{'v1': 'L', 'v2': 'H'}",letter,
L3-44-01314-letter,L3-44-01314,letter,,,4,4,True,False,"{'v2': 3, 'v1': 4}","{'v1': 'M', 'v2': 'A'}",letter,
L3-44-01315-letter,L3-44-01315,letter,,,5,5,True,False,"{'v2': 3, 'v1': 5}","{'v1': 'K', 'v2': 'A'}",letter,
L3-44-01316-letter,L3-44-01316,letter,,,2,2,True,False,"{'v2': 0, 'v1': 2}","{'v1': 'P', 'v2': 'J'}",letter,
L3-44-01317-letter,L3-44-01317,letter,,,7,7,True,False,"{'v2': 3, 'v1': 7}","{'v1': 'X', 'v2': 'E'}",letter,
L3-44-01318-letter,L3-44-01318,letter,,,3,3,True,False,"{'v2': 0, 'v1': 3}","{'v1': 'V', 'v2': 'G'}",letter,
L3-44-01319-letter,L3-44-01319,letter,,,7,7,True,False,"{'v2': 0, 'v1': 7}","{'v1': 'Q', 'v2': 'E'}",letter,
L3-44-01320-letter,L3-44-01320,letter,,,8,8,True,False,"{'v2': 0, 'v1': 8}","{'v1': 'A', 'v2': 'N'}",letter,
L3-44-01321-letter,L3-44-01321,letter,,,0,0,True,False,"{'v2': 3, 'v1': 0}","{'v1': 'R', 'v2': 'P'}",letter,
L3-44-01322-letter,L3-44-01322,letter,,,7,7,True,False,"{'v2': 0, 'v1': 7}","{'v1': 'N', 'v2': 'Z'}",letter,
L3-44-01323-letter,L3-44-01323,letter,,,1,1,True,False,"{'v2': 7, 'v1': 1}","{'v1': 'B', 'v2': 'P'}",letter,
L3-44-01324-letter,L3-44-01324,letter,,,1,1,True,False,"{'v2': 1, 'v1': 1}","{'v1': 'C', 'v2': 'U'}",letter,
L3-44-01325-letter,L3-44-01325,letter,,,9,9,True,False,"{'v2': 6, 'v1': 9}","{'v1': 'A', 'v2': 'J'}",letter,
L3-44-01326-letter,L3-44-01326,letter,,,2,2,True,False,"{'v2': 6, 'v1': 2}","{'v1': 'K', 'v2': 'T'}",letter,
L3-44-01327-letter,L3-44-01327,letter,,,5,5,True,False,"{'v2': 1, 'v1': 5}","{'v1': 'X', 'v2': 'S'}",letter,
L3-44-01328-letter,L3-44-01328,letter,,,9,9,True,False,"{'v2': 3, 'v1': 9}","{'v1': 'G', 'v2': 'L'}",letter,
L3-44-01329-letter,L3-44-01329,letter,,,4,4,True,False,"{'v2': 3, 'v1': 4}","{'v1': 'C', 'v2': 'T'}",letter,
L3-44-01330-letter,L3-44-01330,letter,,,8,8,True,False,"{'v2': 1, 'v1': 8}","{'v1': 'G', 'v2': 'D'}",letter,
L3-44-01331-letter,L3-44-01331,letter,,,5,5,True,False,"{'v2': 5, 'v1': 5}","{'v1': 'J', 'v2': 'P'}",letter,
L3-44-01332-letter,L3-44-01332,letter,,,3,3,True,False,"{'v2': 1, 'v1': 3}","{'v1': 'E', 'v2': 'M'}",letter,
L3-44-01333-letter,L3-44-01333,letter,,,8,8,True,False,"{'v2': 0, 'v1': 8}","{'v1': 'D', 'v2': 'Z'}",letter,
L3-44-01334-letter,L3-44-01334,letter,,,1,1,True,False,"{'v2': 0, 'v1': 1}","{'v1': 'U', 'v2': 'O'}",letter,
L3-44-01335-letter,L3-44-01335,letter,,,7,7,True,False,"{'v2': 0, 'v1': 7}","{'v1': 'G', 'v2': 'N'}",letter,
L3-44-01336-letter,L3-44-01336,letter,,,6,6,True,False,"{'v2': 0, 'v1': 6}","{'v1': 'X', 'v2': 'B'}",letter,
L3-44-01337-letter,L3-44-01337,letter,,,2,2,True,False,"{'v2': 1, 'v1': 2}","{'v1': 'P', 'v2': 'L'}",letter,
L3-44-01338-letter,L3-44-01338,letter,,,8,8,True,False,"{'v2': 6, 'v1': 8}","{'v1': 'G', 'v2': 'K'}",letter,
L3-44-01339-letter,L3-44-01339,letter,,,8,8,True,False,"{'v2': 1, 'v1': 8}","{'v1': 'D', 'v2': 'Z'}",letter,
L3-44-01340-letter,L3-44-01340,letter,,,7,7,True,False,"{'v2': 2, 'v1': 7}","{'v1': 'G', 'v2': 'K'}",letter,
L3-44-01341-letter,L3-44-01341,letter,,,1,1,True,False,"{'v2': 0, 'v1': 1}","{'v1': 'G', 'v2': 'E'}",letter,
L3-44-01342-letter,L3-44-01342,letter,,,8,8,True,False,"{'v2': 1, 'v1': 8}","{'v1': 'R', 'v2': 'S'}",letter,
L3-44-01343-letter,L3-44-01343,letter,,,8,8,True,False,"{'v2': 6, 'v1': 8}","{'v1': 'B', 'v2': 'I'}",letter,
L3-44-01344-letter,L3-44-01344,letter,,,0,0,True,False,"{'v2': 5, 'v1': 0}","{'v1': 'M', 'v2': 'J'}",letter,
L3-44-01345-letter,L3-44-01345,letter,,,5,5,True,False,"{'v2': 1, 'v1': 5}","{'v1': 'U', 'v2': 'O'}",letter,
L3-44-01346-letter,L3-44-01346,letter,,,7,7,True,False,"{'v2': 5, 'v1': 7}","{'v1': 'P', 'v2': 'U'}",letter,
L3-44-01347-letter,L3-44-01347,letter,,,1,1,True,False,"{'v2': 1, 'v1': 1}","{'v1': 'O', 'v2': 'C'}",letter,
L3-44-01348-letter,L3-44-01348,letter,,,2,2,True,False,"{'v2': 1, 'v1': 2}","{'v1': 'I', 'v2': 'U'}",letter,
L3-44-01349-letter,L3-44-01349,letter,,,7,7,True,False,"{'v2': 7, 'v1': 7}","{'v1': 'D', 'v2': 'Y'}",letter,
L3-44-01350-letter,L3-44-01350,letter,,,7,7,True,False,"{'v2': 2, 'v1': 7}","{'v1': 'T', 'v2': 'V'}",letter,
L3-44-01351-letter,L3-44-01351,letter,,,9,9,True,False,"{'v2': 7, 'v1': 9}","{'v1': 'R', 'v2': 'X'}",letter,
L3-44-01352-letter,L3-44-01352,letter,,,7,7,True,False,"{'v2': 1, 'v1': 7}","{'v1': 'Z', 'v2': 'S'}",letter,
L3-44-01353-letter,L3-44-01353,letter,,,7,7,True,False,"{'v2': 5, 'v1': 7}","{'v1': 'E', 'v2': 'B'}",letter,
L3-44-01354-letter,L3-44-01354,letter,,,8,8,True,False,"{'v2': 0, 'v1': 8}","{'v1': 'N', 'v2': 'S'}",letter,
L3-44-01355-letter,L3-44-01355,letter,,,0,0,True,False,"{'v2': 1, 'v1': 0}","{'v1': 'K', 'v2': 'T'}",letter,
L3-44-01356-letter,L3-44-01356,letter,,,1,1,True,False,"{'v2': 7, 'v1': 1}","{'v1': 'D', 'v2': 'O'}",letter,
L3-44-01357-letter,L3-44-01357,letter,,,4,4,True,False,"{'v2': 2, 'v1': 4}","{'v1': 'U', 'v2': 'E'}",letter,
L3-44-01358-letter,L3-44-01358,letter,,,5,5,True,False,"{'v2': 1, 'v1': 5}","{'v1': 'X', 'v2': 'C'}",letter,
L3-44-01359-letter,L3-44-01359,letter,,,3,3,True,False,"{'v2': 6, 'v1': 3}","{'v1': 'E', 'v2': 'I'}",letter,
L3-44-01360-letter,L3-44-01360,letter,,,6,6,True,False,"{'v2': 6, 'v1': 6}","{'v1': 'H', 'v2': 'L'}",letter,
L3-44-01361-letter,L3-44-01361,letter,,,4,4,True,False,"{'v2': 3, 'v1': 4}","{'v1': 'E', 'v2': 'V'}",letter,
L3-44-01362-letter,L3-44-01362,letter,,,4,4,True,False,"{'v2': 0, 'v1': 4}","{'v1': 'P', 'v2': 'N'}",letter,
L3-44-01363-letter,L3-44-01363,letter,,,5,5,True,False,"{'v2': 1, 'v1': 5}","{'v1': 'M', 'v2': 'S'}",letter,
L3-44-01364-letter,L3-44-01364,letter,,,2,2,True,False,"{'v2': 7, 'v1': 2}","{'v1': 'O', 'v2': 'F'}",letter,
L3-44-01365-letter,L3-44-01365,letter,,,1,1,True,False,"{'v2': 7, 'v1': 1}","{'v1': 'N', 'v2': 'C'}",letter,
L3-44-01366-letter,L3-44-01366,letter,,,2,2,True,False,"{'v2': 2, 'v1': 2}","{'v1': 'P', 'v2': 'Z'}",letter,
L3-44-01367-letter,L3-44-01367,letter,,,5,5,True,False,"{'v2': 2, 'v1': 5}","{'v1': 'J', 'v2': 'I'}",letter,
L3-44-01368-letter,L3-44-01368,letter,,,7,7,True,False,"{'v2': 5, 'v1': 7}","{'v1': 'S', 'v2': 'G'}",letter,
L3-44-01369-letter,L3-44-01369,letter,,,4,4,True,False,"{'v2': 3, 'v1': 4}","{'v1': 'X', 'v2': 'G'}",letter,
L3-44-01370-letter,L3-44-01370,letter,,,9,9,True,False,"{'v2': 0, 'v1': 9}","{'v1': 'C', 'v2': 'L'}",letter,
L3-44-01371-letter,L3-44-01371,letter,,,2,2,True,False,"{'v2': 5, 'v1': 2}","{'v1': 'X', 'v2': 'O'}",letter,
L3-44-01372-letter,L3-44-01372,letter,,,6,6,True,False,"{'v2': 6, 'v1': 6}","{'v1': 'A', 'v2': 'Y'}",letter,
L3-44-01373-letter,L3-44-01373,letter,,,7,7,True,False,"{'v2': 7, 'v1': 7}","{'v1': 'D', 'v2': 'N'}",letter,
L3-44-01374-letter,L3-44-01374,letter,,,5,5,True,False,"{'v2': 1, 'v1': 5}","{'v1': 'N', 'v2': 'K'}",letter,
L3-44-01375-letter,L3-44-01375,letter,,,9,9,True,False,"{'v2': 5, 'v1': 9}","{'v1': 'X', 'v2': 'W'}",letter,
L3-44-01376-letter,L3-44-01376,letter,,,8,8,True,False,"{'v2': 0, 'v1': 8}","{'v1': 'S', 'v2': 'K'}",letter,
L3-44-01377-letter,L3-44-01377,letter,,,1,1,True,False,"{'v2': 3, 'v1': 1}","{'v1': 'L', 'v2': 'E'}",letter,
L3-44-01378-letter,L3-44-01378,letter,,,0,0,True,False,"{'v2': 6, 'v1': 0}","{'v1': 'R', 'v2': 'I'}",letter,
L3-44-01379-letter,L3-44-01379,letter,,,3,3,True,False,"{'v2': 0, 'v1': 3}","{'v1': 'M', 'v2': 'O'}",letter,
L3-44-01380-letter,L3-44-01380,letter,,,2,2,True,False,"{'v2': 0, 'v1': 2}","{'v1': 'F', 'v2': 'Z'}",letter,
L3-44-01381-letter,L3-44-01381,letter,,,2,2,True,False,"{'v2': 1, 'v1': 2}","{'v1': 'E', 'v2': 'K'}",letter,
L3-44-01382-letter,L3-44-01382,letter,,,5,5,True,False,"{'v2': 3, 'v1': 5}","{'v1': 'N', 'v2': 'K'}",letter,
L3-44-01383-letter,L3-44-01383,letter,,,3,3,True,False,"{'v2': 6, 'v1': 3}","{'v1': 'I', 'v2': 'S'}",letter,
L3-44-01384-letter,L3-44-01384,letter,,,5,5,True,False,"{'v2': 0, 'v1': 5}","{'v1': 'D', 'v2': 'T'}",letter,
L3-44-01385-letter,L3-44-01385,letter,,,6,6,True,False,"{'v2': 0, 'v1': 6}","{'v1': 'W', 'v2': 'S'}",letter,
L3-44-01386-letter,L3-44-01386,letter,,,7,7,True,False,"{'v2': 0, 'v1': 7}","{'v1': 'E', 'v2': 'Y'}",letter,
L3-44-01387-letter,L3-44-01387,letter,,,5,5,True,False,"{'v2': 5, 'v1': 5}","{'v1': 'E', 'v2': 'D'}",letter,
L3-44-01388-letter,L3-44-01388,letter,,,3,3,True,False,"{'v2': 1, 'v1': 3}","{'v1': 'I', 'v2': 'T'}",letter,
L3-44-01389-letter,L3-44-01389,letter,,,3,3,True,False,"{'v2': 2, 'v1': 3}","{'v1': 'I', 'v2': 'T'}",letter,
L3-44-01390-letter,L3-44-01390,letter,,,2,2,True,False,"{'v2': 2, 'v1': 2}","{'v1': 'A', 'v2': 'Z'}",letter,
L3-44-01391-letter,L3-44-01391,letter,,,5,5,True,False,"{'v2': 1, 'v1': 5}","{'v1': 'V', 'v2': 'J'}",letter,
L3-44-01392-letter,L3-44-01392,letter,,,7,7,True,False,"{'v2': 0, 'v1': 7}","{'v1': 'B', 'v2': 'Z'}",letter,
L3-44-01393-letter,L3-44-01393,letter,,,1,1,True,False,"{'v2': 6, 'v1': 1}","{'v1': 'M', 'v2': 'F'}",letter,
L3-44-01394-letter,L3-44-01394,letter,,,7,7,True,False,"{'v2': 5, 'v1': 7}","{'v1': 'L', 'v2': 'G'}",letter,
L3-44-01395-letter,L3-44-01395,letter,,,5,5,True,False,"{'v2': 1, 'v1': 5}","{'v1': 'U', 'v2': 'N'}",letter,
L3-44-01396-letter,L3-44-01396,letter,,,4,4,True,False,"{'v2': 0, 'v1': 4}","{'v1': 'A', 'v2': 'L'}",letter,
L3-44-01397-letter,L3-44-01397,letter,,,8,8,True,False,"{'v2': 1, 'v1': 8}","{'v1': 'P', 'v2': 'Q'}",letter,
L3-44-01398-letter,L3-44-01398,letter,,,1,1,True,False,"{'v2': 2, 'v1': 1}","{'v1': 'G', 'v2': 'L'}",letter,
L3-44-01399-letter,L3-44-01399,letter,,,8,8,True,False,"{'v2': 1, 'v1': 8}","{'v1': 'I', 'v2': 'C'}",letter,
L3-44-01400-letter,L3-44-01400,letter,,,2,2,True,False,"{'v2': 0, 'v1': 2}","{'v1': 'D', 'v2': 'E'}",letter,
L3-44-01401-letter,L3-44-01401,letter,,,1,1,True,False,"{'v2': 7, 'v1': 1}","{'v1': 'O', 'v2': 'T'}",letter,
L3-44-01402-letter,L3-44-01402,letter,,,1,1,True,False,"{'v2': 2, 'v1': 1}","{'v1': 'S', 'v2': 'C'}",letter,
L3-44-01403-letter,L3-44-01403,letter,,,7,7,True,False,"{'v2': 2, 'v1': 7}","{'v1': 'G', 'v2': 'F'}",letter,
L3-44-01404-letter,L3-44-01404,letter,,,1,1,True,False,"{'v2': 0, 'v1': 1}","{'v1': 'Y', 'v2': 'J'}",letter,
L3-44-01405-letter,L3-44-01405,letter,,,8,8,True,False,"{'v2': 8, 'v1': 8}","{'v1': 'O', 'v2': 'S'}",letter,
L3-44-01406-letter,L3-44-01406,letter,,,9,9,True,False,"{'v2': 6, 'v1': 9}","{'v1': 'C', 'v2': 'S'}",letter,
L3-44-01407-letter,L3-44-01407,letter,,,4,4,True,False,"{'v2': 0, 'v1': 4}","{'v1': 'Z', 'v2': 'V'}",letter,
L3-44-01408-letter,L3-44-01408,letter,,,5,5,True,False,"{'v2': 3, 'v1': 5}","{'v1': 'N', 'v2': 'M'}",letter,
L3-44-01409-letter,L3-44-01409,letter,,,7,7,True,False,"{'v2': 2, 'v1': 7}","{'v1': 'L', 'v2': 'X'}",letter,
L3-44-01410-letter,L3-44-01410,letter,,,9,9,True,False,"{'v2': 0, 'v1': 9}","{'v1': 'I', 'v2': 'Q'}",letter,
L3-44-01411-letter,L3-44-01411,letter,,,3,3,True,False,"{'v2': 6, 'v1': 3}","{'v1': 'Y', 'v2': 'N'}",letter,
L3-44-01412-letter,L3-44-01412,letter,,,7,7,True,False,"{'v2': 0, 'v1': 7}","{'v1': 'A', 'v2': 'B'}",letter,
L3-44-01413-letter,L3-44-01413,letter,,,6,6,True,False,"{'v2': 0, 'v1': 6}","{'v1': 'G', 'v2': 'A'}",letter,
L3-44-01414-letter,L3-44-01414,letter,,,2,2,True,False,"{'v2': 1, 'v1': 2}","{'v1': 'R', 'v2': 'V'}",letter,
L3-44-01415-letter,L3-44-01415,letter,,,6,6,True,False,"{'v2': 1, 'v1': 6}","{'v1': 'Q', 'v2': 'D'}",letter,
L3-44-01416-letter,L3-44-01416,letter,,,8,8,True,False,"{'v2': 5, 'v1': 8}","{'v1': 'D', 'v2': 'Q'}",letter,
L3-44-01417-letter,L3-44-01417,letter,,,9,9,True,False,"{'v2': 7, 'v1': 9}","{'v1': 'W', 'v2': 'K'}",letter,
L3-44-01418-letter,L3-44-01418,letter,,,0,0,True,False,"{'v2': 0, 'v1': 0}","{'v1': 'R', 'v2': 'M'}",letter,
L3-44-01419-letter,L3-44-01419,letter,,,4,4,True,False,"{'v2': 0, 'v1': 4}","{'v1': 'X', 'v2': 'F'}",letter,
L3-44-01420-letter,L3-44-01420,letter,,,4,4,True,False,"{'v2': 0, 'v1': 4}","{'v1': 'G', 'v2': 'V'}",letter,
L3-44-01421-letter,L3-44-01421,letter,,,5,5,True,False,"{'v2': 5, 'v1': 5}","{'v1': 'G', 'v2': 'W'}",letter,
L3-44-01422-letter,L3-44-01422,letter,,,9,9,True,False,"{'v2': 7, 'v1': 9}","{'v1': 'R', 'v2': 'L'}",letter,
L3-44-01423-letter,L3-44-01423,letter,,,6,6,True,False,"{'v2': 0, 'v1': 6}","{'v1': 'M', 'v2': 'Z'}",letter,
L3-44-01424-letter,L3-44-01424,letter,,,1,1,True,False,"{'v2': 1, 'v1': 1}","{'v1': 'P', 'v2': 'E'}",letter,
L3-44-01425-letter,L3-44-01425,letter,,,4,4,True,False,"{'v2': 3, 'v1': 4}","{'v1': 'S', 'v2': 'R'}",letter,
L3-44-01426-letter,L3-44-01426,letter,,,9,9,True,False,"{'v2': 0, 'v1': 9}","{'v1': 'L', 'v2': 'J'}",letter,
L3-44-01427-letter,L3-44-01427,letter,,,2,2,True,False,"{'v2': 3, 'v1': 2}","{'v1': 'Q', 'v2': 'F'}",letter,
L3-44-01428-letter,L3-44-01428,letter,,,9,9,True,False,"{'v2': 8, 'v1': 9}","{'v1': 'U', 'v2': 'X'}",letter,
L3-44-01429-letter,L3-44-01429,letter,,,6,6,True,False,"{'v2': 6, 'v1': 6}","{'v1': 'V', 'v2': 'O'}",letter,
L3-44-01430-letter,L3-44-01430,letter,,,7,7,True,False,"{'v2': 2, 'v1': 7}","{'v1': 'D', 'v2': 'W'}",letter,
L3-44-01431-letter,L3-44-01431,letter,,,1,1,True,False,"{'v2': 8, 'v1': 1}","{'v1': 'R', 'v2': 'V'}",letter,
L3-44-01432-letter,L3-44-01432,letter,,,7,7,True,False,"{'v2': 2, 'v1': 7}","{'v1': 'J', 'v2': 'L'}",letter,
L3-44-01433-letter,L3-44-01433,letter,,,7,7,True,False,"{'v2': 7, 'v1': 7}","{'v1': 'L', 'v2': 'G'}",letter,
L3-44-01434-letter,L3-44-01434,letter,,,0,0,True,False,"{'v2': 1, 'v1': 0}","{'v1': 'C', 'v2': 'N'}",letter,
L3-44-01435-letter,L3-44-01435,letter,,,6,6,True,False,"{'v2': 2, 'v1': 6}","{'v1': 'M', 'v2': 'V'}",letter,
L3-44-01436-letter,L3-44-01436,letter,,,9,9,True,False,"{'v2': 7, 'v1': 9}","{'v1': 'S', 'v2': 'Y'}",letter,
L3-44-01437-letter,L3-44-01437,letter,,,5,5,True,False,"{'v2': 0, 'v1': 5}","{'v1': 'S', 'v2': 'M'}",letter,
L3-44-01438-letter,L3-44-01438,letter,,,0,0,True,False,"{'v2': 9, 'v1': 0}","{'v1': 'X', 'v2': 'T'}",letter,
L3-44-01439-letter,L3-44-01439,letter,,,8,8,True,False,"{'v2': 8, 'v1': 8}","{'v1': 'R', 'v2': 'W'}",letter,
L3-44-01440-letter,L3-44-01440,letter,,,5,5,True,False,"{'v2': 3, 'v1': 5}","{'v1': 'Y', 'v2': 'N'}",letter,
L3-44-01441-letter,L3-44-01441,letter,,,3,3,True,False,"{'v2': 0, 'v1': 3}","{'v1': 'N', 'v2': 'A'}",letter,
L3-44-01442-letter,L3-44-01442,letter,,,7,7,True,False,"{'v2': 6, 'v1': 7}","{'v1': 'G', 'v2': 'V'}",letter,
L3-44-01443-letter,L3-44-01443,letter,,,9,9,True,False,"{'v2': 3, 'v1': 9}","{'v1': 'D', 'v2': 'B'}",letter,
L3-44-01444-letter,L3-44-01444,letter,,,5,5,True,False,"{'v2': 0, 'v1': 5}","{'v1': 'Z', 'v2': 'B'}",letter,
L3-44-01445-letter,L3-44-01445,letter,,,3,3,True,False,"{'v2': 0, 'v1': 3}","{'v1': 'G', 'v2': 'T'}",letter,
L3-44-01446-letter,L3-44-01446,letter,,,8,8,True,False,"{'v2': 1, 'v1': 8}","{'v1': 'I', 'v2': 'R'}",letter,
L3-44-01447-letter,L3-44-01447,letter,,,9,9,True,False,"{'v2': 5, 'v1': 9}","{'v1': 'G', 'v2': 'D'}",letter,
L3-44-01448-letter,L3-44-01448,letter,,,0,0,True,False,"{'v2': 6, 'v1': 0}","{'v1': 'T', 'v2': 'I'}",letter,
L3-44-01449-letter,L3-44-01449,letter,,,2,2,True,False,"{'v2': 6, 'v1': 2}","{'v1': 'U', 'v2': 'P'}",letter,
L3-44-01450-letter,L3-44-01450,letter,,,9,9,True,False,"{'v2': 8, 'v1': 9}","{'v1': 'E', 'v2': 'C'}",letter,
L3-44-01451-letter,L3-44-01451,letter,,,6,6,True,False,"{'v2': 0, 'v1': 6}","{'v1': 'S', 'v2': 'E'}",letter,
L3-44-01452-letter,L3-44-01452,letter,,,3,3,True,False,"{'v2': 1, 'v1': 3}","{'v1': 'C', 'v2': 'Z'}",letter,
L3-44-01453-letter,L3-44-01453,letter,,,8,8,True,False,"{'v2': 2, 'v1': 8}","{'v1': 'L', 'v2': 'G'}",letter,
L3-44-01454-letter,L3-44-01454,letter,,,3,3,True,False,"{'v2': 1, 'v1': 3}","{'v1': 'T', 'v2': 'E'}",letter,
L3-44-01455-letter,L3-44-01455,letter,,,1,1,True,False,"{'v2': 0, 'v1': 1}","{'v1': 'F', 'v2': 'U'}",letter,
L3-44-01456-letter,L3-44-01456,letter,,,1,1,True,False,"{'v2': 0, 'v1': 1}","{'v1': 'M', 'v2': 'H'}",letter,
L3-44-01457-letter,L3-44-01457,letter,,,4,4,True,False,"{'v2': 0, 'v1': 4}","{'v1': 'E', 'v2': 'V'}",letter,
L3-44-01458-letter,L3-44-01458,letter,,,4,4,True,False,"{'v2': 1, 'v1': 4}","{'v1': 'J', 'v2': 'V'}",letter,
L3-44-01459-letter,L3-44-01459,letter,,,2,2,True,False,"{'v2': 6, 'v1': 2}","{'v1': 'I', 'v2': 'F'}",letter,
L3-44-01460-letter,L3-44-01460,letter,,,6,6,True,False,"{'v2': 0, 'v1': 6}","{'v1': 'Z', 'v2': 'P'}",letter,
L3-44-01461-letter,L3-44-01461,letter,,,4,4,True,False,"{'v2': 1, 'v1': 4}","{'v1': 'I', 'v2': 'A'}",letter,
L3-44-01462-letter,L3-44-01462,letter,,,2,2,True,False,"{'v2': 6, 'v1': 2}","{'v1': 'K', 'v2': 'P'}",letter,
L3-44-01463-letter,L3-44-01463,letter,,,5,5,True,False,"{'v2': 0, 'v1': 5}","{'v1': 'Z', 'v2': 'I'}",letter,
L3-44-01464-letter,L3-44-01464,letter,,,3,3,True,False,"{'v2': 6, 'v1': 3}","{'v1': 'I', 'v2': 'A'}",letter,
L3-44-01465-letter,L3-44-01465,letter,,,5,5,True,False,"{'v2': 2, 'v1': 5}","{'v1': 'W', 'v2': 'E'}",letter,
L3-44-01466-letter,L3-44-01466,letter,,,7,7,True,False,"{'v2': 6, 'v1': 7}","{'v1': 'L', 'v2': 'O'}",letter,
L3-44-01467-letter,L3-44-01467,letter,,,5,5,True,False,"{'v2': 1, 'v1': 5}","{'v1': 'X', 'v2': 'Q'}",letter,
L3-44-01468-letter,L3-44-01468,letter,,,2,2,True,False,"{'v2': 0, 'v1': 2}","{'v1': 'A', 'v2': 'G'}",letter,
L3-44-01469-letter,L3-44-01469,letter,,,2,2,True,False,"{'v2': 0, 'v1': 2}","{'v1': 'C', 'v2': 'A'}",letter,
L3-44-01470-letter,L3-44-01470,letter,,,6,6,True,False,"{'v2': 0, 'v1': 6}","{'v1': 'L', 'v2': 'R'}",letter,
L3-44-01471-letter,L3-44-01471,letter,,,9,9,True,False,"{'v2': 8, 'v1': 9}","{'v1': 'Z', 'v2': 'L'}",letter,
L3-44-01472-letter,L3-44-01472,letter,,,9,9,True,False,"{'v2': 0, 'v1': 9}","{'v1': 'I', 'v2': 'N'}",letter,
L3-44-01473-letter,L3-44-01473,letter,,,7,7,True,False,"{'v2': 2, 'v1': 7}","{'v1': 'I', 'v2': 'N'}",letter,
L3-44-01474-letter,L3-44-01474,letter,,,9,9,True,False,"{'v2': 6, 'v1': 9}","{'v1': 'M', 'v2': 'C'}",letter,
L3-44-01475-letter,L3-44-01475,letter,,,8,8,True,False,"{'v2': 1, 'v1': 8}","{'v1': 'C', 'v2': 'I'}",letter,
L3-44-01476-letter,L3-44-01476,letter,,,9,9,True,False,"{'v2': 5, 'v1': 9}","{'v1': 'T', 'v2': 'R'}",letter,
L3-44-01477-letter,L3-44-01477,letter,,,2,2,True,False,"{'v2': 1, 'v1': 2}","{'v1': 'X', 'v2': 'O'}",letter,
L3-44-01478-letter,L3-44-01478,letter,,,0,0,True,False,"{'v2': 7, 'v1': 0}","{'v1': 'V', 'v2': 'E'}",letter,
L3-44-01479-letter,L3-44-01479,letter,,,4,4,True,False,"{'v2': 2, 'v1': 4}","{'v1': 'E', 'v2': 'B'}",letter,
L3-44-01480-letter,L3-44-01480,letter,,,1,1,True,False,"{'v2': 1, 'v1': 1}","{'v1': 'R', 'v2': 'V'}",letter,
L3-44-01481-letter,L3-44-01481,letter,,,9,9,True,False,"{'v2': 0, 'v1': 9}","{'v1': 'T', 'v2': 'B'}",letter,
L3-44-01482-letter,L3-44-01482,letter,,,8,8,True,False,"{'v2': 1, 'v1': 8}","{'v1': 'W', 'v2': 'O'}",letter,
L3-44-01483-letter,L3-44-01483,letter,,,3,3,True,False,"{'v2': 1, 'v1': 3}","{'v1': 'F', 'v2': 'S'}",letter,
L3-44-01484-letter,L3-44-01484,letter,,,8,8,True,False,"{'v2': 5, 'v1': 8}","{'v1': 'A', 'v2': 'L'}",letter,
L3-44-01485-letter,L3-44-01485,letter,,,1,1,True,False,"{'v2': 5, 'v1': 1}","{'v1': 'J', 'v2': 'Y'}",letter,
L3-44-01486-letter,L3-44-01486,letter,,,2,2,True,False,"{'v2': 0, 'v1': 2}","{'v1': 'H', 'v2': 'O'}",letter,
L3-44-01487-letter,L3-44-01487,letter,,,9,9,True,False,"{'v2': 8, 'v1': 9}","{'v1': 'B', 'v2': 'A'}",letter,
L3-44-01488-letter,L3-44-01488,letter,,,7,7,True,False,"{'v2': 6, 'v1': 7}","{'v1': 'L', 'v2': 'D'}",letter,
L3-44-01489-letter,L3-44-01489,letter,,,1,1,True,False,"{'v2': 0, 'v1': 1}","{'v1': 'O', 'v2': 'S'}",letter,
L3-44-01490-letter,L3-44-01490,letter,,,1,1,True,False,"{'v2': 7, 'v1': 1}","{'v1': 'K', 'v2': 'G'}",letter,
L3-44-01491-letter,L3-44-01491,letter,,,8,8,True,False,"{'v2': 5, 'v1': 8}","{'v1': 'J', 'v2': 'Z'}",letter,
L3-44-01492-letter,L3-44-01492,letter,,,0,0,True,False,"{'v2': 8, 'v1': 0}","{'v1': 'S', 'v2': 'W'}",letter,
L3-44-01493-letter,L3-44-01493,letter,,,6,6,True,False,"{'v2': 1, 'v1': 6}","{'v1': 'O', 'v2': 'A'}",letter,
L3-44-01494-letter,L3-44-01494,letter,,,2,2,True,False,"{'v2': 6, 'v1': 2}","{'v1': 'R', 'v2': 'N'}",letter,
L3-44-01495-letter,L3-44-01495,letter,,,6,6,True,False,"{'v2': 5, 'v1': 6}","{'v1': 'W', 'v2': 'V'}",letter,
L3-44-01496-letter,L3-44-01496,letter,,,4,4,True,False,"{'v2': 0, 'v1': 4}","{'v1': 'X', 'v2': 'W'}",letter,
L3-44-01497-letter,L3-44-01497,letter,,,7,7,True,False,"{'v2': 6, 'v1': 7}","{'v1': 'H', 'v2': 'Z'}",letter,
L3-44-01498-letter,L3-44-01498,letter,,,1,1,True,False,"{'v2': 6, 'v1': 1}","{'v1': 'C', 'v2': 'Y'}",letter,
L3-44-01499-letter,L3-44-01499,letter,,,8,8,True,False,"{'v2': 7, 'v1': 8}","{'v1': 'L', 'v2': 'B'}",letter,
L3-44-01500-letter,L3-44-01500,letter,,,0,0,True,False,"{'v2': 1, 'v1': 0}","{'v1': 'P', 'v2': 'W'}",letter,
L3-44-01501-letter,L3-44-01501,letter,,,2,2,True,False,"{'v2': 5, 'v1': 2}","{'v1': 'V', 'v2': 'A'}",letter,
L3-44-01502-letter,L3-44-01502,letter,,,1,1,True,False,"{'v2': 7, 'v1': 1}","{'v1': 'G', 'v2': 'X'}",letter,
L3-44-01503-letter,L3-44-01503,letter,,,0,0,True,False,"{'v2': 2, 'v1': 0}","{'v1': 'K', 'v2': 'I'}",letter,
L3-44-01504-letter,L3-44-01504,letter,,,7,7,True,False,"{'v2': 1, 'v1': 7}","{'v1': 'F', 'v2': 'Y'}",letter,
L3-44-01505-letter,L3-44-01505,letter,,,5,5,True,False,"{'v2': 0, 'v1': 5}","{'v1': 'L', 'v2': 'K'}",letter,
L3-44-01506-letter,L3-44-01506,letter,,,6,6,True,False,"{'v2': 5, 'v1': 6}","{'v1': 'E', 'v2': 'A'}",letter,
L3-44-01507-letter,L3-44-01507,letter,,,7,7,True,False,"{'v2': 0, 'v1': 7}","{'v1': 'H', 'v2': 'G'}",letter,
L3-44-01508-letter,L3-44-01508,letter,,,5,5,True,False,"{'v2': 2, 'v1': 5}","{'v1': 'O', 'v2': 'H'}",letter,
L3-44-01509-letter,L3-44-01509,letter,,,8,8,True,False,"{'v2': 1, 'v1': 8}","{'v1': 'Q', 'v2': 'D'}",letter,
L3-44-01510-letter,L3-44-01510,letter,,,8,8,True,False,"{'v2': 8, 'v1': 8}","{'v1': 'H', 'v2': 'B'}",letter,
L3-44-01511-letter,L3-44-01511,letter,,,7,7,True,False,"{'v2': 2, 'v1': 7}","{'v1': 'G', 'v2': 'S'}",letter,
L3-44-01512-letter,L3-44-01512,letter,,,6,6,True,False,"{'v2': 0, 'v1': 6}","{'v1': 'A', 'v2': 'R'}",letter,
L3-44-01513-letter,L3-44-01513,letter,,,9,9,True,False,"{'v2': 5, 'v1': 9}","{'v1': 'G', 'v2': 'V'}",letter,
L3-44-01514-letter,L3-44-01514,letter,,,6,6,True,False,"{'v2': 1, 'v1': 6}","{'v1': 'T', 'v2': 'G'}",letter,
L3-44-01515-letter,L3-44-01515,letter,,,6,6,True,False,"{'v2': 1, 'v1': 6}","{'v1': 'Q', 'v2': 'C'}",letter,
L3-44-01516-letter,L3-44-01516,letter,,,4,4,True,False,"{'v2': 3, 'v1': 4}","{'v1': 'Y', 'v2': 'A'}",letter,
L3-44-01517-letter,L3-44-01517,letter,,,3,3,True,False,"{'v2': 0, 'v1': 3}","{'v1': 'D', 'v2': 'H'}",letter,
L3-44-01518-letter,L3-44-01518,letter,,,7,7,True,False,"{'v2': 5, 'v1': 7}","{'v1': 'K', 'v2': 'P'}",letter,
L3-44-01519-letter,L3-44-01519,letter,,,8,8,True,False,"{'v2': 8, 'v1': 8}","{'v1': 'N', 'v2': 'C'}",letter,
L3-44-01520-letter,L3-44-01520,letter,,,3,3,True,False,"{'v2': 1, 'v1': 3}","{'v1': 'P', 'v2': 'D'}",letter,
L3-44-01521-letter,L3-44-01521,letter,,,5,5,True,False,"{'v2': 1, 'v1': 5}","{'v1': 'U', 'v2': 'O'}",letter,
L3-44-01522-letter,L3-44-01522,letter,,,1,1,True,False,"{'v2': 1, 'v1': 1}","{'v1': 'P', 'v2': 'A'}",letter,
L3-44-01523-letter,L3-44-01523,letter,,,3,3,True,False,"{'v2': 1, 'v1': 3}","{'v1': 'S', 'v2': 'U'}",letter,
L3-44-01524-letter,L3-44-01524,letter,,,4,4,True,False,"{'v2': 0, 'v1': 4}","{'v1': 'J', 'v2': 'K'}",letter,
L3-44-01525-letter,L3-44-01525,letter,,,2,2,True,False,"{'v2': 1, 'v1': 2}","{'v1': 'Q', 'v2': 'R'}",letter,
L3-44-01526-letter,L3-44-01526,letter,,,1,1,True,False,"{'v2': 1, 'v1': 1}","{'v1': 'X', 'v2': 'L'}",letter,
L3-44-01527-letter,L3-44-01527,letter,,,0,0,True,False,"{'v2': 1, 'v1': 0}","{'v1': 'U', 'v2': 'B'}",letter,
L3-44-01528-letter,L3-44-01528,letter,,,5,5,True,False,"{'v2': 1, 'v1': 5}","{'v1': 'J', 'v2': 'C'}",letter,
L3-44-01529-letter,L3-44-01529,letter,,,9,9,True,False,"{'v2': 0, 'v1': 9}","{'v1': 'M', 'v2': 'S'}",letter,
L3-44-01530-letter,L3-44-01530,letter,,,3,3,True,False,"{'v2': 0, 'v1': 3}","{'v1': 'K', 'v2': 'U'}",letter,
L3-44-01531-letter,L3-44-01531,letter,,,2,2,True,False,"{'v2': 7, 'v1': 2}","{'v1': 'R', 'v2': 'T'}",letter,
L3-44-01532-letter,L3-44-01532,letter,,,0,0,True,False,"{'v2': 9, 'v1': 0}","{'v1': 'I', 'v2': 'W'}",letter,
L3-44-01533-letter,L3-44-01533,letter,,,7,7,True,False,"{'v2': 1, 'v1': 7}","{'v1': 'P', 'v2': 'U'}",letter,
L3-44-01534-letter,L3-44-01534,letter,,,6,6,True,False,"{'v2': 3, 'v1': 6}","{'v1': 'Y', 'v2': 'K'}",letter,
L3-44-01535-letter,L3-44-01535,letter,,,0,0,True,False,"{'v2': 0, 'v1': 0}","{'v1': 'Z', 'v2': 'R'}",letter,
L3-44-01536-letter,L3-44-01536,letter,,,0,0,True,False,"{'v2': 5, 'v1': 0}","{'v1': 'L', 'v2': 'Q'}",letter,
L3-44-01537-letter,L3-44-01537,letter,,,1,1,True,False,"{'v2': 7, 'v1': 1}","{'v1': 'A', 'v2': 'T'}",letter,
L3-44-01538-letter,L3-44-01538,letter,,,3,3,True,False,"{'v2': 2, 'v1': 3}","{'v1': 'R', 'v2': 'D'}",letter,
L3-44-01539-letter,L3-44-01539,letter,,,0,0,True,False,"{'v2': 1, 'v1': 0}","{'v1': 'C', 'v2': 'I'}",letter,
L3-44-01540-letter,L3-44-01540,letter,,,2,2,True,False,"{'v2': 0, 'v1': 2}","{'v1': 'E', 'v2': 'M'}",letter,
L3-44-01541-letter,L3-44-01541,letter,,,8,8,True,False,"{'v2': 2, 'v1': 8}","{'v1': 'J', 'v2': 'P'}",letter,
L3-44-01542-letter,L3-44-01542,letter,,,6,6,True,False,"{'v2': 3, 'v1': 6}","{'v1': 'D', 'v2': 'F'}",letter,
L3-44-01543-letter,L3-44-01543,letter,,,3,3,True,False,"{'v2': 2, 'v1': 3}","{'v1': 'F', 'v2': 'T'}",letter,
L3-44-01544-letter,L3-44-01544,letter,,,6,6,True,False,"{'v2': 6, 'v1': 6}","{'v1': 'R', 'v2': 'H'}",letter,
L3-44-01545-letter,L3-44-01545,letter,,,6,6,True,False,"{'v2': 6, 'v1': 6}","{'v1': 'V', 'v2': 'L'}",letter,
L3-44-01546-letter,L3-44-01546,letter,,,9,9,True,False,"{'v2': 7, 'v1': 9}","{'v1': 'D', 'v2': 'M'}",letter,
L3-44-01547-letter,L3-44-01547,letter,,,5,5,True,False,"{'v2': 0, 'v1': 5}","{'v1': 'G', 'v2': 'F'}",letter,
L3-44-01548-letter,L3-44-01548,letter,,,0,0,True,False,"{'v2': 5, 'v1': 0}","{'v1': 'B', 'v2': 'W'}",letter,
L3-44-01549-letter,L3-44-01549,letter,,,7,7,True,False,"{'v2': 2, 'v1': 7}","{'v1': 'Q', 'v2': 'P'}",letter,
L3-44-01550-letter,L3-44-01550,letter,,,7,7,True,False,"{'v2': 6, 'v1': 7}","{'v1': 'A', 'v2': 'B'}",letter,
L3-44-01551-letter,L3-44-01551,letter,,,7,7,True,False,"{'v2': 6, 'v1': 7}","{'v1': 'G', 'v2': 'U'}",letter,
L3-44-01552-letter,L3-44-01552,letter,,,3,3,True,False,"{'v2': 1, 'v1': 3}","{'v1': 'A', 'v2': 'D'}",letter,
L3-44-01553-letter,L3-44-01553,letter,,,1,1,True,False,"{'v2': 8, 'v1': 1}","{'v1': 'N', 'v2': 'D'}",letter,
L3-44-01554-letter,L3-44-01554,letter,,,8,8,True,False,"{'v2': 5, 'v1': 8}","{'v1': 'U', 'v2': 'J'}",letter,
L3-44-01555-letter,L3-44-01555,letter,,,9,9,True,False,"{'v2': 9, 'v1': 9}","{'v1': 'M', 'v2': 'G'}",letter,
L3-44-01556-letter,L3-44-01556,letter,,,9,9,True,False,"{'v2': 0, 'v1': 9}","{'v1': 'Y', 'v2': 'T'}",letter,
L3-44-01557-letter,L3-44-01557,letter,,,1,1,True,False,"{'v2': 1, 'v1': 1}","{'v1': 'H', 'v2': 'K'}",letter,
L3-44-01558-letter,L3-44-01558,letter,,,0,0,True,False,"{'v2': 0, 'v1': 0}","{'v1': 'J', 'v2': 'A'}",letter,
L3-44-01559-letter,L3-44-01559,letter,,,6,6,True,False,"{'v2': 1, 'v1': 6}","{'v1': 'R', 'v2': 'T'}",letter,
L3-44-01560-letter,L3-44-01560,letter,,,9,9,True,False,"{'v2': 6, 'v1': 9}","{'v1': 'T', 'v2': 'P'}",letter,
L3-44-01561-letter,L3-44-01561,letter,,,3,3,True,False,"{'v2': 1, 'v1': 3}","{'v1': 'T', 'v2': 'I'}",letter,
L3-44-01562-letter,L3-44-01562,letter,,,5,5,True,False,"{'v2': 3, 'v1': 5}","{'v1': 'G', 'v2': 'D'}",letter,
L3-44-01563-letter,L3-44-01563,letter,,,4,4,True,False,"{'v2': 1, 'v1': 4}","{'v1': 'O', 'v2': 'Q'}",letter,
L3-44-01564-letter,L3-44-01564,letter,,,9,9,True,False,"{'v2': 1, 'v1': 9}","{'v1': 'L', 'v2': 'T'}",letter,
L3-44-01565-letter,L3-44-01565,letter,,,2,2,True,False,"{'v2': 2, 'v1': 2}","{'v1': 'Y', 'v2': 'N'}",letter,
L3-44-01566-letter,L3-44-01566,letter,,,9,9,True,False,"{'v2': 2, 'v1': 9}","{'v1': 'D', 'v2': 'Q'}",letter,
L3-44-01567-letter,L3-44-01567,letter,,,2,2,True,False,"{'v2': 5, 'v1': 2}","{'v1': 'Z', 'v2': 'W'}",letter,
L3-44-01568-letter,L3-44-01568,letter,,,0,0,True,False,"{'v2': 1, 'v1': 0}","{'v1': 'W', 'v2': 'Q'}",letter,
L3-44-01569-letter,L3-44-01569,letter,,,2,2,True,False,"{'v2': 1, 'v1': 2}","{'v1': 'P', 'v2': 'I'}",letter,
L3-44-01570-letter,L3-44-01570,letter,,,8,8,True,False,"{'v2': 0, 'v1': 8}","{'v1': 'H', 'v2': 'S'}",letter,
L3-44-01571-letter,L3-44-01571,letter,,,1,1,True,False,"{'v2': 2, 'v1': 1}","{'v1': 'N', 'v2': 'H'}",letter,
L3-44-01572-letter,L3-44-01572,letter,,,1,1,True,False,"{'v2': 6, 'v1': 1}","{'v1': 'Q', 'v2': 'X'}",letter,
L3-44-01573-letter,L3-44-01573,letter,,,6,6,True,False,"{'v2': 6, 'v1': 6}","{'v1': 'P', 'v2': 'O'}",letter,
L3-44-01574-letter,L3-44-01574,letter,,,7,7,True,False,"{'v2': 1, 'v1': 7}","{'v1': 'S', 'v2': 'I'}",letter,
L3-44-01575-letter,L3-44-01575,letter,,,6,6,True,False,"{'v2': 1, 'v1': 6}","{'v1': 'S', 'v2': 'E'}",letter,
L3-44-01576-letter,L3-44-01576,letter,,,5,5,True,False,"{'v2': 3, 'v1': 5}","{'v1': 'D', 'v2': 'G'}",letter,
L3-44-01577-letter,L3-44-01577,letter,,,7,7,True,False,"{'v2': 7, 'v1': 7}","{'v1': 'H', 'v2': 'K'}",letter,
L3-44-01578-letter,L3-44-01578,letter,,,8,8,True,False,"{'v2': 0, 'v1': 8}","{'v1': 'C', 'v2': 'O'}",letter,
L3-44-01579-letter,L3-44-01579,letter,,,4,4,True,False,"{'v2': 1, 'v1': 4}","{'v1': 'W', 'v2': 'E'}",letter,
L3-44-01580-letter,L3-44-01580,letter,,,7,7,True,False,"{'v2': 2, 'v1': 7}","{'v1': 'R', 'v2': 'A'}",letter,
L3-44-01581-letter,L3-44-01581,letter,,,0,0,True,False,"{'v2': 2, 'v1': 0}","{'v1': 'N', 'v2': 'Q'}",letter,
L3-44-01582-letter,L3-44-01582,letter,,,1,1,True,False,"{'v2': 1, 'v1': 1}","{'v1': 'U', 'v2': 'Q'}",letter,
L3-44-01583-letter,L3-44-01583,letter,,,8,8,True,False,"{'v2': 5, 'v1': 8}","{'v1': 'S', 'v2': 'E'}",letter,
L3-44-01584-letter,L3-44-01584,letter,,,3,3,True,False,"{'v2': 6, 'v1': 3}","{'v1': 'W', 'v2': 'C'}",letter,
L3-44-01585-letter,L3-44-01585,letter,,,3,3,True,False,"{'v2': 5, 'v1': 3}","{'v1': 'S', 'v2': 'A'}",letter,
L3-44-01586-letter,L3-44-01586,letter,,,9,9,True,False,"{'v2': 9, 'v1': 9}","{'v1': 'I', 'v2': 'T'}",letter,
L3-44-01587-letter,L3-44-01587,letter,,,3,3,True,False,"{'v2': 2, 'v1': 3}","{'v1': 'W', 'v2': 'D'}",letter,
L3-44-01588-letter,L3-44-01588,letter,,,5,5,True,False,"{'v2': 2, 'v1': 5}","{'v1': 'N', 'v2': 'M'}",letter,
L3-44-01589-letter,L3-44-01589,letter,,,2,2,True,False,"{'v2': 1, 'v1': 2}","{'v1': 'S', 'v2': 'C'}",letter,
L3-44-01590-letter,L3-44-01590,letter,,,0,0,True,False,"{'v2': 6, 'v1': 0}","{'v1': 'E', 'v2': 'D'}",letter,
L3-44-01591-letter,L3-44-01591,letter,,,1,1,True,False,"{'v2': 1, 'v1': 1}","{'v1': 'Y', 'v2': 'O'}",letter,
L3-44-01592-letter,L3-44-01592,letter,,,6,6,True,False,"{'v2': 1, 'v1': 6}","{'v1': 'W', 'v2': 'D'}",letter,
L3-44-01593-letter,L3-44-01593,letter,,,1,1,True,False,"{'v2': 2, 'v1': 1}","{'v1': 'U', 'v2': 'Z'}",letter,
L3-44-01594-letter,L3-44-01594,letter,,,2,2,True,False,"{'v2': 5, 'v1': 2}","{'v1': 'B', 'v2': 'D'}",letter,
L3-44-01595-letter,L3-44-01595,letter,,,0,0,True,False,"{'v2': 0, 'v1': 0}","{'v1': 'N', 'v2': 'Z'}",letter,
L3-44-01596-letter,L3-44-01596,letter,,,8,8,True,False,"{'v2': 1, 'v1': 8}","{'v1': 'W', 'v2': 'F'}",letter,
L3-44-01597-letter,L3-44-01597,letter,,,8,8,True,False,"{'v2': 1, 'v1': 8}","{'v1': 'B', 'v2': 'N'}",letter,
L3-44-01598-letter,L3-44-01598,letter,,,4,4,True,False,"{'v2': 1, 'v1': 4}","{'v1': 'P', 'v2': 'X'}",letter,
L3-44-01599-letter,L3-44-01599,letter,,,1,1,True,False,"{'v2': 6, 'v1': 1}","{'v1': 'T', 'v2': 'P'}",letter,
L3-44-01600-letter,L3-44-01600,letter,,,3,3,True,False,"{'v2': 2, 'v1': 3}","{'v1': 'H', 'v2': 'J'}",letter,
L3-44-01601-letter,L3-44-01601,letter,,,1,1,True,False,"{'v2': 2, 'v1': 1}","{'v1': 'S', 'v2': 'B'}",letter,
L3-44-01602-letter,L3-44-01602,letter,,,7,7,True,False,"{'v2': 1, 'v1': 7}","{'v1': 'C', 'v2': 'Y'}",letter,
L3-44-01603-letter,L3-44-01603,letter,,,5,5,True,False,"{'v2': 5, 'v1': 5}","{'v1': 'C', 'v2': 'D'}",letter,
L3-44-01604-letter,L3-44-01604,letter,,,5,5,True,False,"{'v2': 2, 'v1': 5}","{'v1': 'I', 'v2': 'E'}",letter,
L3-44-01605-letter,L3-44-01605,letter,,,3,3,True,False,"{'v2': 1, 'v1': 3}","{'v1': 'T', 'v2': 'K'}",letter,
L3-44-01606-letter,L3-44-01606,letter,,,0,0,True,False,"{'v2': 9, 'v1': 0}","{'v1': 'X', 'v2': 'I'}",letter,
L3-44-01607-letter,L3-44-01607,letter,,,3,3,True,False,"{'v2': 6, 'v1': 3}","{'v1': 'S', 'v2': 'P'}",letter,
L3-44-01608-letter,L3-44-01608,letter,,,2,2,True,False,"{'v2': 0, 'v1': 2}","{'v1': 'L', 'v2': 'O'}",letter,
L3-44-01609-letter,L3-44-01609,letter,,,8,8,True,False,"{'v2': 1, 'v1': 8}","{'v1': 'T', 'v2': 'G'}",letter,
L3-44-01610-letter,L3-44-01610,letter,,,7,7,True,False,"{'v2': 5, 'v1': 7}","{'v1': 'C', 'v2': 'R'}",letter,
L3-44-01611-letter,L3-44-01611,letter,,,3,3,True,False,"{'v2': 2, 'v1': 3}","{'v1': 'D', 'v2': 'S'}",letter,
L3-44-01612-letter,L3-44-01612,letter,,,4,4,True,False,"{'v2': 1, 'v1': 4}","{'v1': 'E', 'v2': 'N'}",letter,
L3-44-01613-letter,L3-44-01613,letter,,,4,4,True,False,"{'v2': 2, 'v1': 4}","{'v1': 'R', 'v2': 'Y'}",letter,
L3-44-01614-letter,L3-44-01614,letter,,,4,4,True,False,"{'v2': 1, 'v1': 4}","{'v1': 'N', 'v2': 'Q'}",letter,
L3-44-01615-letter,L3-44-01615,letter,,,8,8,True,False,"{'v2': 1, 'v1': 8}","{'v1': 'Z', 'v2': 'E'}",letter,
L3-44-01616-letter,L3-44-01616,letter,,,7,7,True,False,"{'v2': 0, 'v1': 7}","{'v1': 'J', 'v2': 'R'}",letter,
L3-44-01617-letter,L3-44-01617,letter,,,8,8,True,False,"{'v2': 6, 'v1': 8}","{'v1': 'E', 'v2': 'M'}",letter,
L3-44-01618-letter,L3-44-01618,letter,,,2,2,True,False,"{'v2': 0, 'v1': 2}","{'v1': 'U', 'v2': 'G'}",letter,
L3-44-01619-letter,L3-44-01619,letter,,,6,6,True,False,"{'v2': 6, 'v1': 6}","{'v1': 'I', 'v2': 'F'}",letter,
L3-44-01620-letter,L3-44-01620,letter,,,0,0,True,False,"{'v2': 9, 'v1': 0}","{'v1': 'D', 'v2': 'Q'}",letter,
L3-44-01621-letter,L3-44-01621,letter,,,1,1,True,False,"{'v2': 0, 'v1': 1}","{'v1': 'K', 'v2': 'N'}",letter,
L3-44-01622-letter,L3-44-01622,letter,,,8,8,True,False,"{'v2': 0, 'v1': 8}","{'v1': 'L', 'v2': 'E'}",letter,
L3-44-01623-letter,L3-44-01623,letter,,,6,6,True,False,"{'v2': 0, 'v1': 6}","{'v1': 'O', 'v2': 'R'}",letter,
L3-44-01624-letter,L3-44-01624,letter,,,4,4,True,False,"{'v2': 3, 'v1': 4}","{'v1': 'G', 'v2': 'P'}",letter,
L3-44-01625-letter,L3-44-01625,letter,,,8,8,True,False,"{'v2': 8, 'v1': 8}","{'v1': 'B', 'v2': 'D'}",letter,
L3-44-01626-letter,L3-44-01626,letter,,,3,3,True,False,"{'v2': 0, 'v1': 3}","{'v1': 'L', 'v2': 'F'}",letter,
L3-44-01627-letter,L3-44-01627,letter,,,4,4,True,False,"{'v2': 0, 'v1': 4}","{'v1': 'V', 'v2': 'W'}",letter,
L3-44-01628-letter,L3-44-01628,letter,,,9,9,True,False,"{'v2': 2, 'v1': 9}","{'v1': 'S', 'v2': 'E'}",letter,
L3-44-01629-letter,L3-44-01629,letter,,,1,1,True,False,"{'v2': 7, 'v1': 1}","{'v1': 'K', 'v2': 'J'}",letter,
L3-44-01630-letter,L3-44-01630,letter,,,8,8,True,False,"{'v2': 7, 'v1': 8}","{'v1': 'V', 'v2': 'X'}",letter,
L3-44-01631-letter,L3-44-01631,letter,,,3,3,True,False,"{'v2': 0, 'v1': 3}","{'v1': 'V', 'v2': 'R'}",letter,
L3-44-01632-letter,L3-44-01632,letter,,,9,9,True,False,"{'v2': 2, 'v1': 9}","{'v1': 'W', 'v2': 'M'}",letter,
L3-44-01633-letter,L3-44-01633,letter,,,1,1,True,False,"{'v2': 7, 'v1': 1}","{'v1': 'T', 'v2': 'E'}",letter,
L3-44-01634-letter,L3-44-01634,letter,,,4,4,True,False,"{'v2': 3, 'v1': 4}","{'v1': 'K', 'v2': 'G'}",letter,
L3-44-01635-letter,L3-44-01635,letter,,,2,2,True,False,"{'v2': 2, 'v1': 2}","{'v1': 'V', 'v2': 'X'}",letter,
L3-44-01636-letter,L3-44-01636,letter,,,9,9,True,False,"{'v2': 1, 'v1': 9}","{'v1': 'M', 'v2': 'J'}",letter,
L3-44-01637-letter,L3-44-01637,letter,,,5,5,True,False,"{'v2': 3, 'v1': 5}","{'v1': 'P', 'v2': 'X'}",letter,
L3-44-01638-letter,L3-44-01638,letter,,,8,8,True,False,"{'v2': 1, 'v1': 8}","{'v1': 'Z', 'v2': 'R'}",letter,
L3-44-01639-letter,L3-44-01639,letter,,,8,8,True,False,"{'v2': 7, 'v1': 8}","{'v1': 'F', 'v2': 'T'}",letter,
L3-44-01640-letter,L3-44-01640,letter,,,5,5,True,False,"{'v2': 0, 'v1': 5}","{'v1': 'H', 'v2': 'I'}",letter,
L3-44-01641-letter,L3-44-01641,letter,,,4,4,True,False,"{'v2': 1, 'v1': 4}","{'v1': 'K', 'v2': 'J'}",letter,
L3-44-01642-letter,L3-44-01642,letter,,,3,3,True,False,"{'v2': 5, 'v1': 3}","{'v1': 'C', 'v2': 'U'}",letter,
L3-44-01643-letter,L3-44-01643,letter,,,7,7,True,False,"{'v2': 5, 'v1': 7}","{'v1': 'A', 'v2': 'S'}",letter,
L3-44-01644-letter,L3-44-01644,letter,,,5,5,True,False,"{'v2': 0, 'v1': 5}","{'v1': 'Z', 'v2': 'I'}",letter,
L3-44-01645-letter,L3-44-01645,letter,,,9,9,True,False,"{'v2': 0, 'v1': 9}","{'v1': 'R', 'v2': 'G'}",letter,
L3-44-01646-letter,L3-44-01646,letter,,,1,1,True,False,"{'v2': 2, 'v1': 1}","{'v1': 'O', 'v2': 'I'}",letter,
L3-44-01647-letter,L3-44-01647,letter,,,5,5,True,False,"{'v2': 1, 'v1': 5}","{'v1': 'N', 'v2': 'M'}",letter,
L3-44-01648-letter,L3-44-01648,letter,,,1,1,True,False,"{'v2': 7, 'v1': 1}","{'v1': 'L', 'v2': 'T'}",letter,
L3-44-01649-letter,L3-44-01649,letter,,,8,8,True,False,"{'v2': 6, 'v1': 8}","{'v1': 'E', 'v2': 'X'}",letter,
L3-44-01650-letter,L3-44-01650,letter,,,2,2,True,False,"{'v2': 1, 'v1': 2}","{'v1': 'A', 'v2': 'J'}",letter,
L3-44-01651-letter,L3-44-01651,letter,,,1,1,True,False,"{'v2': 1, 'v1': 1}","{'v1': 'N', 'v2': 'B'}",letter,
L3-44-01652-letter,L3-44-01652,letter,,,4,4,True,False,"{'v2': 5, 'v1': 4}","{'v1': 'B', 'v2': 'J'}",letter,
L3-44-01653-letter,L3-44-01653,letter,,,0,0,True,False,"{'v2': 7, 'v1': 0}","{'v1': 'Y', 'v2': 'I'}",letter,
L3-44-01654-letter,L3-44-01654,letter,,,7,7,True,False,"{'v2': 5, 'v1': 7}","{'v1': 'Q', 'v2': 'Z'}",letter,
L3-44-01655-letter,L3-44-01655,letter,,,4,4,True,False,"{'v2': 3, 'v1': 4}","{'v1': 'L', 'v2': 'V'}",letter,
L3-44-01656-letter,L3-44-01656,letter,,,7,7,True,False,"{'v2': 1, 'v1': 7}","{'v1': 'O', 'v2': 'G'}",letter,
L3-44-01657-letter,L3-44-01657,letter,,,8,8,True,False,"{'v2': 0, 'v1': 8}","{'v1': 'U', 'v2': 'J'}",letter,
L3-44-01658-letter,L3-44-01658,letter,,,5,5,True,False,"{'v2': 0, 'v1': 5}","{'v1': 'H', 'v2': 'O'}",letter,
L3-44-01659-letter,L3-44-01659,letter,,,2,2,True,False,"{'v2': 2, 'v1': 2}","{'v1': 'J', 'v2': 'F'}",letter,
L3-44-01660-letter,L3-44-01660,letter,,,1,1,True,False,"{'v2': 6, 'v1': 1}","{'v1': 'A', 'v2': 'L'}",letter,
L3-44-01661-letter,L3-44-01661,letter,,,3,3,True,False,"{'v2': 3, 'v1': 3}","{'v1': 'V', 'v2': 'H'}",letter,
L3-44-01662-letter,L3-44-01662,letter,,,1,1,True,False,"{'v2': 3, 'v1': 1}","{'v1': 'T', 'v2': 'I'}",letter,
L3-44-01663-letter,L3-44-01663,letter,,,9,9,True,False,"{'v2': 0, 'v1': 9}","{'v1': 'Y', 'v2': 'G'}",letter,
L3-44-01664-letter,L3-44-01664,letter,,,9,9,True,False,"{'v2': 9, 'v1': 9}","{'v1': 'F', 'v2': 'D'}",letter,
L3-44-01665-letter,L3-44-01665,letter,,,7,7,True,False,"{'v2': 2, 'v1': 7}","{'v1': 'I', 'v2': 'L'}",letter,
L3-44-01666-letter,L3-44-01666,letter,,,9,9,True,False,"{'v2': 9, 'v1': 9}","{'v1': 'U', 'v2': 'J'}",letter,
L3-44-01667-letter,L3-44-01667,letter,,,8,8,True,False,"{'v2': 5, 'v1': 8}","{'v1': 'R', 'v2': 'L'}",letter,
L3-44-01668-letter,L3-44-01668,letter,,,4,4,True,False,"{'v2': 0, 'v1': 4}","{'v1': 'I', 'v2': 'K'}",letter,
L3-44-01669-letter,L3-44-01669,letter,,,8,8,True,False,"{'v2': 0, 'v1': 8}","{'v1': 'T', 'v2': 'V'}",letter,
L3-44-01670-letter,L3-44-01670,letter,,,4,4,True,False,"{'v2': 0, 'v1': 4}","{'v1': 'H', 'v2': 'O'}",letter,
L3-44-01671-letter,L3-44-01671,letter,,,1,1,True,False,"{'v2': 2, 'v1': 1}","{'v1': 'V', 'v2': 'K'}",letter,
L3-44-01672-letter,L3-44-01672,letter,,,1,1,True,False,"{'v2': 7, 'v1': 1}","{'v1': 'O', 'v2': 'L'}",letter,
L3-44-01673-letter,L3-44-01673,letter,,,1,1,True,False,"{'v2': 8, 'v1': 1}","{'v1': 'H', 'v2': 'S'}",letter,
L3-44-01674-letter,L3-44-01674,letter,,,9,9,True,False,"{'v2': 6, 'v1': 9}","{'v1': 'P', 'v2': 'Z'}",letter,
L3-44-01675-letter,L3-44-01675,letter,,,9,9,True,False,"{'v2': 9, 'v1': 9}","{'v1': 'A', 'v2': 'T'}",letter,
L3-44-01676-letter,L3-44-01676,letter,,,1,1,True,False,"{'v2': 1, 'v1': 1}","{'v1': 'N', 'v2': 'F'}",letter,
L3-44-01677-letter,L3-44-01677,letter,,,2,2,True,False,"{'v2': 1, 'v1': 2}","{'v1': 'J', 'v2': 'E'}",letter,
L3-44-01678-letter,L3-44-01678,letter,,,6,6,True,False,"{'v2': 2, 'v1': 6}","{'v1': 'L', 'v2': 'A'}",letter,
L3-44-01679-letter,L3-44-01679,letter,,,3,3,True,False,"{'v2': 0, 'v1': 3}","{'v1': 'A', 'v2': 'H'}",letter,
L3-44-01680-letter,L3-44-01680,letter,,,2,2,True,False,"{'v2': 6, 'v1': 2}","{'v1': 'E', 'v2': 'V'}",letter,
L3-44-01681-letter,L3-44-01681,letter,,,2,2,True,False,"{'v2': 0, 'v1': 2}","{'v1': 'O', 'v2': 'H'}",letter,
L3-44-01682-letter,L3-44-01682,letter,,,3,3,True,False,"{'v2': 1, 'v1': 3}","{'v1': 'G', 'v2': 'D'}",letter,
L3-44-01683-letter,L3-44-01683,letter,,,2,2,True,False,"{'v2': 0, 'v1': 2}","{'v1': 'X', 'v2': 'V'}",letter,
L3-44-01684-letter,L3-44-01684,letter,,,3,3,True,False,"{'v2': 1, 'v1': 3}","{'v1': 'T', 'v2': 'Z'}",letter,
L3-44-01685-letter,L3-44-01685,letter,,,6,6,True,False,"{'v2': 5, 'v1': 6}","{'v1': 'N', 'v2': 'B'}",letter,
L3-44-01686-letter,L3-44-01686,letter,,,1,1,True,False,"{'v2': 2, 'v1': 1}","{'v1': 'F', 'v2': 'Y'}",letter,
L3-44-01687-letter,L3-44-01687,letter,,,2,2,True,False,"{'v2': 6, 'v1': 2}","{'v1': 'I', 'v2': 'N'}",letter,
L3-44-01688-letter,L3-44-01688,letter,,,1,1,True,False,"{'v2': 5, 'v1': 1}","{'v1': 'J', 'v2': 'X'}",letter,
L3-44-01689-letter,L3-44-01689,letter,,,9,9,True,False,"{'v2': 8, 'v1': 9}","{'v1': 'O', 'v2': 'D'}",letter,
L3-44-01690-letter,L3-44-01690,letter,,,9,9,True,False,"{'v2': 5, 'v1': 9}","{'v1': 'H', 'v2': 'W'}",letter,
L3-44-01691-letter,L3-44-01691,letter,,,8,8,True,False,"{'v2': 8, 'v1': 8}","{'v1': 'J', 'v2': 'T'}",letter,
L3-44-01692-letter,L3-44-01692,letter,,,0,0,True,False,"{'v2': 0, 'v1': 0}","{'v1': 'P', 'v2': 'V'}",letter,
L3-44-01693-letter,L3-44-01693,letter,,,9,9,True,False,"{'v2': 6, 'v1': 9}","{'v1': 'C', 'v2': 'G'}",letter,
L3-44-01694-letter,L3-44-01694,letter,,,4,4,True,False,"{'v2': 0, 'v1': 4}","{'v1': 'D', 'v2': 'H'}",letter,
L3-44-01695-letter,L3-44-01695,letter,,,2,2,True,False,"{'v2': 0, 'v1': 2}","{'v1': 'D', 'v2': 'N'}",letter,
L3-44-01696-letter,L3-44-01696,letter,,,5,5,True,False,"{'v2': 1, 'v1': 5}","{'v1': 'Q', 'v2': 'R'}",letter,
L3-44-01697-letter,L3-44-01697,letter,,,1,1,True,False,"{'v2': 5, 'v1': 1}","{'v1': 'Y', 'v2': 'W'}",letter,
L3-44-01698-letter,L3-44-01698,letter,,,7,7,True,False,"{'v2': 7, 'v1': 7}","{'v1': 'W', 'v2': 'N'}",letter,
L3-44-01699-letter,L3-44-01699,letter,,,4,4,True,False,"{'v2': 0, 'v1': 4}","{'v1': 'Q', 'v2': 'B'}",letter,
L3-44-01700-letter,L3-44-01700,letter,,,2,2,True,False,"{'v2': 1, 'v1': 2}","{'v1': 'C', 'v2': 'F'}",letter,
L3-44-01701-letter,L3-44-01701,letter,,,6,6,True,False,"{'v2': 3, 'v1': 6}","{'v1': 'S', 'v2': 'Q'}",letter,
L3-44-01702-letter,L3-44-01702,letter,,,0,0,True,False,"{'v2': 6, 'v1': 0}","{'v1': 'N', 'v2': 'Y'}",letter,
L3-44-01703-letter,L3-44-01703,letter,,,4,4,True,False,"{'v2': 2, 'v1': 4}","{'v1': 'S', 'v2': 'D'}",letter,
L3-44-01704-letter,L3-44-01704,letter,,,8,8,True,False,"{'v2': 8, 'v1': 8}","{'v1': 'W', 'v2': 'Q'}",letter,
L3-44-01705-letter,L3-44-01705,letter,,,1,1,True,False,"{'v2': 2, 'v1': 1}","{'v1': 'K', 'v2': 'Q'}",letter,
L3-44-01706-letter,L3-44-01706,letter,,,3,3,True,False,"{'v2': 5, 'v1': 3}","{'v1': 'J', 'v2': 'S'}",letter,
L3-44-01707-letter,L3-44-01707,letter,,,4,4,True,False,"{'v2': 0, 'v1': 4}","{'v1': 'M', 'v2': 'W'}",letter,
L3-44-01708-letter,L3-44-01708,letter,,,9,9,True,False,"{'v2': 5, 'v1': 9}","{'v1': 'T', 'v2': 'H'}",letter,
L3-44-01709-letter,L3-44-01709,letter,,,8,8,True,False,"{'v2': 5, 'v1': 8}","{'v1': 'N', 'v2': 'O'}",letter,
L3-44-01710-letter,L3-44-01710,letter,,,7,7,True,False,"{'v2': 5, 'v1': 7}","{'v1': 'D', 'v2': 'Z'}",letter,
L3-44-01711-letter,L3-44-01711,letter,,,5,5,True,False,"{'v2': 2, 'v1': 5}","{'v1': 'M', 'v2': 'P'}",letter,
L3-44-01712-letter,L3-44-01712,letter,,,0,0,True,False,"{'v2': 5, 'v1': 0}","{'v1': 'G', 'v2': 'W'}",letter,
L3-44-01713-letter,L3-44-01713,letter,,,1,1,True,False,"{'v2': 1, 'v1': 1}","{'v1': 'I', 'v2': 'X'}",letter,
L3-44-01714-letter,L3-44-01714,letter,,,1,1,True,False,"{'v2': 7, 'v1': 1}","{'v1': 'V', 'v2': 'T'}",letter,
L3-44-01715-letter,L3-44-01715,letter,,,7,7,True,False,"{'v2': 5, 'v1': 7}","{'v1': 'B', 'v2': 'G'}",letter,
L3-44-01716-letter,L3-44-01716,letter,,,8,8,True,False,"{'v2': 1, 'v1': 8}","{'v1': 'C', 'v2': 'V'}",letter,
L3-44-01717-letter,L3-44-01717,letter,,,0,0,True,False,"{'v2': 1, 'v1': 0}","{'v1': 'J', 'v2': 'F'}",letter,
L3-44-01718-letter,L3-44-01718,letter,,,7,7,True,False,"{'v2': 3, 'v1': 7}","{'v1': 'Z', 'v2': 'A'}",letter,
L3-44-01719-letter,L3-44-01719,letter,,,3,3,True,False,"{'v2': 1, 'v1': 3}","{'v1': 'M', 'v2': 'F'}",letter,
L3-44-01720-letter,L3-44-01720,letter,,,3,3,True,False,"{'v2': 1, 'v1': 3}","{'v1': 'N', 'v2': 'Q'}",letter,
L3-44-01721-letter,L3-44-01721,letter,,,9,9,True,False,"{'v2': 7, 'v1': 9}","{'v1': 'F', 'v2': 'P'}",letter,
L3-44-01722-letter,L3-44-01722,letter,,,5,5,True,False,"{'v2': 0, 'v1': 5}","{'v1': 'E', 'v2': 'A'}",letter,
L3-44-01723-letter,L3-44-01723,letter,,,1,1,True,False,"{'v2': 1, 'v1': 1}","{'v1': 'F', 'v2': 'C'}",letter,
L3-44-01724-letter,L3-44-01724,letter,,,9,9,True,False,"{'v2': 0, 'v1': 9}","{'v1': 'G', 'v2': 'H'}",letter,
L3-44-01725-letter,L3-44-01725,letter,,,2,2,True,False,"{'v2': 2, 'v1': 2}","{'v1': 'J', 'v2': 'Y'}",letter,
L3-44-01726-letter,L3-44-01726,letter,,,4,4,True,False,"{'v2': 2, 'v1': 4}","{'v1': 'Q', 'v2': 'K'}",letter,
L3-44-01727-letter,L3-44-01727,letter,,,6,6,True,False,"{'v2': 3, 'v1': 6}","{'v1': 'L', 'v2': 'J'}",letter,
L3-44-01728-letter,L3-44-01728,letter,,,1,1,True,False,"{'v2': 8, 'v1': 1}","{'v1': 'L', 'v2': 'T'}",letter,
L3-44-01729-letter,L3-44-01729,letter,,,5,5,True,False,"{'v2': 0, 'v1': 5}","{'v1': 'O', 'v2': 'N'}",letter,
L3-44-01730-letter,L3-44-01730,letter,,,9,9,True,False,"{'v2': 6, 'v1': 9}","{'v1': 'F', 'v2': 'G'}",letter,
L3-44-01731-letter,L3-44-01731,letter,,,7,7,True,False,"{'v2': 0, 'v1': 7}","{'v1': 'X', 'v2': 'P'}",letter,
L3-44-01732-letter,L3-44-01732,letter,,,3,3,True,False,"{'v2': 2, 'v1': 3}","{'v1': 'S', 'v2': 'D'}",letter,
L3-44-01733-letter,L3-44-01733,letter,,,7,7,True,False,"{'v2': 7, 'v1': 7}","{'v1': 'Z', 'v2': 'D'}",letter,
L3-44-01734-letter,L3-44-01734,letter,,,3,3,True,False,"{'v2': 0, 'v1': 3}","{'v1': 'E', 'v2': 'P'}",letter,
L3-44-01735-letter,L3-44-01735,letter,,,5,5,True,False,"{'v2': 1, 'v1': 5}","{'v1': 'Q', 'v2': 'W'}",letter,
L3-44-01736-letter,L3-44-01736,letter,,,0,0,True,False,"{'v2': 0, 'v1': 0}","{'v1': 'L', 'v2': 'O'}",letter,
L3-44-01737-letter,L3-44-01737,letter,,,7,7,True,False,"{'v2': 0, 'v1': 7}","{'v1': 'V', 'v2': 'M'}",letter,
L3-44-01738-letter,L3-44-01738,letter,,,5,5,True,False,"{'v2': 0, 'v1': 5}","{'v1': 'K', 'v2': 'D'}",letter,
L3-44-01739-letter,L3-44-01739,letter,,,5,5,True,False,"{'v2': 1, 'v1': 5}","{'v1': 'E', 'v2': 'A'}",letter,
L3-44-01740-letter,L3-44-01740,letter,,,8,8,True,False,"{'v2': 5, 'v1': 8}","{'v1': 'Q', 'v2': 'E'}",letter,
L3-44-01741-letter,L3-44-01741,letter,,,4,4,True,False,"{'v2': 2, 'v1': 4}","{'v1': 'J', 'v2': 'X'}",letter,
L3-44-01742-letter,L3-44-01742,letter,,,7,7,True,False,"{'v2': 2, 'v1': 7}","{'v1': 'N', 'v2': 'L'}",letter,
L3-44-01743-letter,L3-44-01743,letter,,,9,9,True,False,"{'v2': 8, 'v1': 9}","{'v1': 'W', 'v2': 'E'}",letter,
L3-44-01744-letter,L3-44-01744,letter,,,2,2,True,False,"{'v2': 7, 'v1': 2}","{'v1': 'O', 'v2': 'X'}",letter,
L3-44-01745-letter,L3-44-01745,letter,,,3,3,True,False,"{'v2': 0, 'v1': 3}","{'v1': 'L', 'v2': 'B'}",letter,
L3-44-01746-letter,L3-44-01746,letter,,,8,8,True,False,"{'v2': 6, 'v1': 8}","{'v1': 'E', 'v2': 'F'}",letter,
L3-44-01747-letter,L3-44-01747,letter,,,0,0,True,False,"{'v2': 0, 'v1': 0}","{'v1': 'W', 'v2': 'K'}",letter,
L3-44-01748-letter,L3-44-01748,letter,,,1,1,True,False,"{'v2': 1, 'v1': 1}","{'v1': 'M', 'v2': 'O'}",letter,
L3-44-01749-letter,L3-44-01749,letter,,,5,5,True,False,"{'v2': 0, 'v1': 5}","{'v1': 'Y', 'v2': 'Z'}",letter,
L3-44-01750-letter,L3-44-01750,letter,,,6,6,True,False,"{'v2': 3, 'v1': 6}","{'v1': 'A', 'v2': 'L'}",letter,
L3-44-01751-letter,L3-44-01751,letter,,,9,9,True,False,"{'v2': 0, 'v1': 9}","{'v1': 'B', 'v2': 'X'}",letter,
L3-44-01752-letter,L3-44-01752,letter,,,0,0,True,False,"{'v2': 9, 'v1': 0}","{'v1': 'B', 'v2': 'O'}",letter,
L3-44-01753-letter,L3-44-01753,letter,,,8,8,True,False,"{'v2': 0, 'v1': 8}","{'v1': 'Y', 'v2': 'K'}",letter,
L3-44-01754-letter,L3-44-01754,letter,,,9,9,True,False,"{'v2': 7, 'v1': 9}","{'v1': 'U', 'v2': 'M'}",letter,
L3-44-01755-letter,L3-44-01755,letter,,,5,5,True,False,"{'v2': 3, 'v1': 5}","{'v1': 'Z', 'v2': 'S'}",letter,
L3-44-01756-letter,L3-44-01756,letter,,,4,4,True,False,"{'v2': 2, 'v1': 4}","{'v1': 'G', 'v2': 'Z'}",letter,
L3-44-01757-letter,L3-44-01757,letter,,,8,8,True,False,"{'v2': 7, 'v1': 8}","{'v1': 'E', 'v2': 'Y'}",letter,
L3-44-01758-letter,L3-44-01758,letter,,,9,9,True,False,"{'v2': 5, 'v1': 9}","{'v1': 'S', 'v2': 'N'}",letter,
L3-44-01759-letter,L3-44-01759,letter,,,8,8,True,False,"{'v2': 7, 'v1': 8}","{'v1': 'X', 'v2': 'K'}",letter,
L3-44-01760-letter,L3-44-01760,letter,,,8,8,True,False,"{'v2': 1, 'v1': 8}","{'v1': 'G', 'v2': 'S'}",letter,
L3-44-01761-letter,L3-44-01761,letter,,,2,2,True,False,"{'v2': 0, 'v1': 2}","{'v1': 'R', 'v2': 'U'}",letter,
L3-44-01762-letter,L3-44-01762,letter,,,7,7,True,False,"{'v2': 0, 'v1': 7}","{'v1': 'C', 'v2': 'R'}",letter,
L3-44-01763-letter,L3-44-01763,letter,,,4,4,True,False,"{'v2': 5, 'v1': 4}","{'v1': 'V', 'v2': 'A'}",letter,
L3-44-01764-letter,L3-44-01764,letter,,,5,5,True,False,"{'v2': 2, 'v1': 5}","{'v1': 'V', 'v2': 'P'}",letter,
L3-44-01765-letter,L3-44-01765,letter,,,2,2,True,False,"{'v2': 1, 'v1': 2}","{'v1': 'Z', 'v2': 'Q'}",letter,
L3-44-01766-letter,L3-44-01766,letter,,,5,5,True,False,"{'v2': 2, 'v1': 5}","{'v1': 'Z', 'v2': 'N'}",letter,
L3-44-01767-letter,L3-44-01767,letter,,,3,3,True,False,"{'v2': 2, 'v1': 3}","{'v1': 'X', 'v2': 'A'}",letter,
L3-44-01768-letter,L3-44-01768,letter,,,7,7,True,False,"{'v2': 0, 'v1': 7}","{'v1': 'L', 'v2': 'Q'}",letter,
L3-44-01769-letter,L3-44-01769,letter,,,8,8,True,False,"{'v2': 8, 'v1': 8}","{'v1': 'I', 'v2': 'S'}",letter,
L3-44-01770-letter,L3-44-01770,letter,,,1,1,True,False,"{'v2': 0, 'v1': 1}","{'v1': 'Z', 'v2': 'C'}",letter,
L3-44-01771-letter,L3-44-01771,letter,,,3,3,True,False,"{'v2': 5, 'v1': 3}","{'v1': 'O', 'v2': 'B'}",letter,
L3-44-01772-letter,L3-44-01772,letter,,,5,5,True,False,"{'v2': 0, 'v1': 5}","{'v1': 'G', 'v2': 'L'}",letter,
L3-44-01773-letter,L3-44-01773,letter,,,5,5,True,False,"{'v2': 2, 'v1': 5}","{'v1': 'J', 'v2': 'I'}",letter,
L3-44-01774-letter,L3-44-01774,letter,,,2,2,True,False,"{'v2': 1, 'v1': 2}","{'v1': 'A', 'v2': 'F'}",letter,
L3-44-01775-letter,L3-44-01775,letter,,,3,3,True,False,"{'v2': 2, 'v1': 3}","{'v1': 'L', 'v2': 'E'}",letter,
L3-44-01776-letter,L3-44-01776,letter,,,4,4,True,False,"{'v2': 5, 'v1': 4}","{'v1': 'H', 'v2': 'P'}",letter,
L3-44-01777-letter,L3-44-01777,letter,,,5,5,True,False,"{'v2': 5, 'v1': 5}","{'v1': 'G', 'v2': 'Z'}",letter,
L3-44-01778-letter,L3-44-01778,letter,,,6,6,True,False,"{'v2': 1, 'v1': 6}","{'v1': 'T', 'v2': 'H'}",letter,
L3-44-01779-letter,L3-44-01779,letter,,,6,6,True,False,"{'v2': 0, 'v1': 6}","{'v1': 'R', 'v2': 'J'}",letter,
L3-44-01780-letter,L3-44-01780,letter,,,8,8,True,False,"{'v2': 7, 'v1': 8}","{'v1': 'W', 'v2': 'S'}",letter,
L3-44-01781-letter,L3-44-01781,letter,,,1,1,True,False,"{'v2': 0, 'v1': 1}","{'v1': 'S', 'v2': 'Y'}",letter,
L3-44-01782-letter,L3-44-01782,letter,,,7,7,True,False,"{'v2': 5, 'v1': 7}","{'v1': 'O', 'v2': 'B'}",letter,
L3-44-01783-letter,L3-44-01783,letter,,,4,4,True,False,"{'v2': 5, 'v1': 4}","{'v1': 'T', 'v2': 'D'}",letter,
L3-44-01784-letter,L3-44-01784,letter,,,1,1,True,False,"{'v2': 0, 'v1': 1}","{'v1': 'S', 'v2': 'H'}",letter,
L3-44-01785-letter,L3-44-01785,letter,,,8,8,True,False,"{'v2': 0, 'v1': 8}","{'v1': 'X', 'v2': 'H'}",letter,
L3-44-01786-letter,L3-44-01786,letter,,,2,2,True,False,"{'v2': 0, 'v1': 2}","{'v1': 'U', 'v2': 'O'}",letter,
L3-44-01787-letter,L3-44-01787,letter,,,7,7,True,False,"{'v2': 6, 'v1': 7}","{'v1': 'D', 'v2': 'Y'}",letter,
L3-44-01788-letter,L3-44-01788,letter,,,5,5,True,False,"{'v2': 0, 'v1': 5}","{'v1': 'Q', 'v2': 'A'}",letter,
L3-44-01789-letter,L3-44-01789,letter,,,8,8,True,False,"{'v2': 8, 'v1': 8}","{'v1': 'A', 'v2': 'S'}",letter,
L3-44-01790-letter,L3-44-01790,letter,,,3,3,True,False,"{'v2': 0, 'v1': 3}","{'v1': 'H', 'v2': 'J'}",letter,
L3-44-01791-letter,L3-44-01791,letter,,,3,3,True,False,"{'v2': 6, 'v1': 3}","{'v1': 'M', 'v2': 'U'}",letter,
L3-44-01792-letter,L3-44-01792,letter,,,0,0,True,False,"{'v2': 0, 'v1': 0}","{'v1': 'C', 'v2': 'O'}",letter,
L3-44-01793-letter,L3-44-01793,letter,,,4,4,True,False,"{'v2': 5, 'v1': 4}","{'v1': 'M', 'v2': 'I'}",letter,
L3-44-01794-letter,L3-44-01794,letter,,,3,3,True,False,"{'v2': 1, 'v1': 3}","{'v1': 'W', 'v2': 'S'}",letter,
L3-44-01795-letter,L3-44-01795,letter,,,0,0,True,False,"{'v2': 7, 'v1': 0}","{'v1': 'B', 'v2': 'D'}",letter,
L3-44-01796-letter,L3-44-01796,letter,,,3,3,True,False,"{'v2': 0, 'v1': 3}","{'v1': 'C', 'v2': 'H'}",letter,
L3-44-01797-letter,L3-44-01797,letter,,,8,8,True,False,"{'v2': 0, 'v1': 8}","{'v1': 'U', 'v2': 'I'}",letter,
L3-44-01798-letter,L3-44-01798,letter,,,5,5,True,False,"{'v2': 0, 'v1': 5}","{'v1': 'A', 'v2': 'S'}",letter,
L3-44-01799-letter,L3-44-01799,letter,,,2,2,True,False,"{'v2': 0, 'v1': 2}","{'v1': 'K', 'v2': 'X'}",letter,
L3-44-01800-letter,L3-44-01800,letter,,,0,0,True,False,"{'v2': 9, 'v1': 0}","{'v1': 'E', 'v2': 'I'}",letter,
L3-44-01801-letter,L3-44-01801,letter,,,6,6,True,False,"{'v2': 3, 'v1': 6}","{'v1': 'I', 'v2': 'C'}",letter,
L3-44-01802-letter,L3-44-01802,letter,,,2,2,True,False,"{'v2': 7, 'v1': 2}","{'v1': 'F', 'v2': 'O'}",letter,
L3-44-01803-letter,L3-44-01803,letter,,,2,2,True,False,"{'v2': 3, 'v1': 2}","{'v1': 'U', 'v2': 'B'}",letter,
L3-44-01804-letter,L3-44-01804,letter,,,8,8,True,False,"{'v2': 1, 'v1': 8}","{'v1': 'J', 'v2': 'Z'}",letter,
L3-44-01805-letter,L3-44-01805,letter,,,9,9,True,False,"{'v2': 6, 'v1': 9}","{'v1': 'A', 'v2': 'V'}",letter,
L3-44-01806-letter,L3-44-01806,letter,,,2,2,True,False,"{'v2': 7, 'v1': 2}","{'v1': 'S', 'v2': 'W'}",letter,
L3-44-01807-letter,L3-44-01807,letter,,,4,4,True,False,"{'v2': 5, 'v1': 4}","{'v1': 'E', 'v2': 'A'}",letter,
L3-44-01808-letter,L3-44-01808,letter,,,6,6,True,False,"{'v2': 0, 'v1': 6}","{'v1': 'J', 'v2': 'U'}",letter,
L3-44-01809-letter,L3-44-01809,letter,,,7,7,True,False,"{'v2': 7, 'v1': 7}","{'v1': 'S', 'v2': 'Y'}",letter,
L3-44-01810-letter,L3-44-01810,letter,,,5,5,True,False,"{'v2': 1, 'v1': 5}","{'v1': 'I', 'v2': 'J'}",letter,
L3-44-01811-letter,L3-44-01811,letter,,,2,2,True,False,"{'v2': 2, 'v1': 2}","{'v1': 'D', 'v2': 'V'}",letter,
L3-44-01812-letter,L3-44-01812,letter,,,8,8,True,False,"{'v2': 1, 'v1': 8}","{'v1': 'A', 'v2': 'Z'}",letter,
L3-44-01813-letter,L3-44-01813,letter,,,6,6,True,False,"{'v2': 6, 'v1': 6}","{'v1': 'G', 'v2': 'Z'}",letter,
L3-44-01814-letter,L3-44-01814,letter,,,8,8,True,False,"{'v2': 0, 'v1': 8}","{'v1': 'Z', 'v2': 'H'}",letter,
L3-44-01815-letter,L3-44-01815,letter,,,7,7,True,False,"{'v2': 1, 'v1': 7}","{'v1': 'Y', 'v2': 'C'}",letter,
L3-44-01816-letter,L3-44-01816,letter,,,5,5,True,False,"{'v2': 0, 'v1': 5}","{'v1': 'X', 'v2': 'E'}",letter,
L3-44-01817-letter,L3-44-01817,letter,,,4,4,True,False,"{'v2': 5, 'v1': 4}","{'v1': 'D', 'v2': 'H'}",letter,
L3-44-01818-letter,L3-44-01818,letter,,,4,4,True,False,"{'v2': 2, 'v1': 4}","{'v1': 'J', 'v2': 'L'}",letter,
L3-44-01819-letter,L3-44-01819,letter,,,0,0,True,False,"{'v2': 7, 'v1': 0}","{'v1': 'V', 'v2': 'K'}",letter,
L3-44-01820-letter,L3-44-01820,letter,,,8,8,True,False,"{'v2': 1, 'v1': 8}","{'v1': 'U', 'v2': 'R'}",letter,
L3-44-01821-letter,L3-44-01821,letter,,,0,0,True,False,"{'v2': 7, 'v1': 0}","{'v1': 'B', 'v2': 'J'}",letter,
L3-44-01822-letter,L3-44-01822,letter,,,3,3,True,False,"{'v2': 1, 'v1': 3}","{'v1': 'F', 'v2': 'M'}",letter,
L3-44-01823-letter,L3-44-01823,letter,,,5,5,True,False,"{'v2': 2, 'v1': 5}","{'v1': 'H', 'v2': 'C'}",letter,
L3-44-01824-letter,L3-44-01824,letter,,,0,0,True,False,"{'v2': 0, 'v1': 0}","{'v1': 'U', 'v2': 'Y'}",letter,
L3-44-01825-letter,L3-44-01825,letter,,,2,2,True,False,"{'v2': 5, 'v1': 2}","{'v1': 'A', 'v2': 'O'}",letter,
L3-44-01826-letter,L3-44-01826,letter,,,2,2,True,False,"{'v2': 1, 'v1': 2}","{'v1': 'H', 'v2': 'G'}",letter,
L3-44-01827-letter,L3-44-01827,letter,,,7,7,True,False,"{'v2': 1, 'v1': 7}","{'v1': 'K', 'v2': 'L'}",letter,
L3-44-01828-letter,L3-44-01828,letter,,,4,4,True,False,"{'v2': 2, 'v1': 4}","{'v1': 'L', 'v2': 'Z'}",letter,
L3-44-01829-letter,L3-44-01829,letter,,,4,4,True,False,"{'v2': 2, 'v1': 4}","{'v1': 'G', 'v2': 'A'}",letter,
L3-44-01830-letter,L3-44-01830,letter,,,8,8,True,False,"{'v2': 1, 'v1': 8}","{'v1': 'E', 'v2': 'C'}",letter,
L3-44-01831-letter,L3-44-01831,letter,,,8,8,True,False,"{'v2': 6, 'v1': 8}","{'v1': 'I', 'v2': 'E'}",letter,
L3-44-01832-letter,L3-44-01832,letter,,,6,6,True,False,"{'v2': 0, 'v1': 6}","{'v1': 'N', 'v2': 'K'}",letter,
L3-44-01833-letter,L3-44-01833,letter,,,2,2,True,False,"{'v2': 0, 'v1': 2}","{'v1': 'T', 'v2': 'Z'}",letter,
L3-44-01834-letter,L3-44-01834,letter,,,1,1,True,False,"{'v2': 7, 'v1': 1}","{'v1': 'R', 'v2': 'Q'}",letter,
L3-44-01835-letter,L3-44-01835,letter,,,8,8,True,False,"{'v2': 7, 'v1': 8}","{'v1': 'G', 'v2': 'Z'}",letter,
L3-44-01836-letter,L3-44-01836,letter,,,5,5,True,False,"{'v2': 2, 'v1': 5}","{'v1': 'A', 'v2': 'K'}",letter,
L3-44-01837-letter,L3-44-01837,letter,,,3,3,True,False,"{'v2': 6, 'v1': 3}","{'v1': 'K', 'v2': 'P'}",letter,
L3-44-01838-letter,L3-44-01838,letter,,,5,5,True,False,"{'v2': 0, 'v1': 5}","{'v1': 'X', 'v2': 'U'}",letter,
L3-44-01839-letter,L3-44-01839,letter,,,1,1,True,False,"{'v2': 1, 'v1': 1}","{'v1': 'N', 'v2': 'P'}",letter,
L3-44-01840-letter,L3-44-01840,letter,,,1,1,True,False,"{'v2': 0, 'v1': 1}","{'v1': 'R', 'v2': 'C'}",letter,
L3-44-01841-letter,L3-44-01841,letter,,,3,3,True,False,"{'v2': 0, 'v1': 3}","{'v1': 'K', 'v2': 'B'}",letter,
L3-44-01842-letter,L3-44-01842,letter,,,2,2,True,False,"{'v2': 6, 'v1': 2}","{'v1': 'N', 'v2': 'T'}",letter,
L3-44-01843-letter,L3-44-01843,letter,,,1,1,True,False,"{'v2': 6, 'v1': 1}","{'v1': 'S', 'v2': 'R'}",letter,
L3-44-01844-letter,L3-44-01844,letter,,,7,7,True,False,"{'v2': 1, 'v1': 7}","{'v1': 'X', 'v2': 'R'}",letter,
L3-44-01845-letter,L3-44-01845,letter,,,0,0,True,False,"{'v2': 6, 'v1': 0}","{'v1': 'A', 'v2': 'N'}",letter,
L3-44-01846-letter,L3-44-01846,letter,,,7,7,True,False,"{'v2': 0, 'v1': 7}","{'v1': 'R', 'v2': 'Y'}",letter,
L3-44-01847-letter,L3-44-01847,letter,,,0,0,True,False,"{'v2': 0, 'v1': 0}","{'v1': 'U', 'v2': 'V'}",letter,
L3-44-01848-letter,L3-44-01848,letter,,,4,4,True,False,"{'v2': 5, 'v1': 4}","{'v1': 'U', 'v2': 'X'}",letter,
L3-44-01849-letter,L3-44-01849,letter,,,5,5,True,False,"{'v2': 0, 'v1': 5}","{'v1': 'X', 'v2': 'H'}",letter,
L3-44-01850-letter,L3-44-01850,letter,,,9,9,True,False,"{'v2': 9, 'v1': 9}","{'v1': 'K', 'v2': 'X'}",letter,
L3-44-01851-letter,L3-44-01851,letter,,,5,5,True,False,"{'v2': 2, 'v1': 5}","{'v1': 'H', 'v2': 'M'}",letter,
L3-44-01852-letter,L3-44-01852,letter,,,2,2,True,False,"{'v2': 7, 'v1': 2}","{'v1': 'Z', 'v2': 'O'}",letter,
L3-44-01853-letter,L3-44-01853,letter,,,6,6,True,False,"{'v2': 1, 'v1': 6}","{'v1': 'Z', 'v2': 'Y'}",letter,
L3-44-01854-letter,L3-44-01854,letter,,,2,2,True,False,"{'v2': 5, 'v1': 2}","{'v1': 'O', 'v2': 'J'}",letter,
L3-44-01855-letter,L3-44-01855,letter,,,2,2,True,False,"{'v2': 2, 'v1': 2}","{'v1': 'N', 'v2': 'B'}",letter,
L3-44-01856-letter,L3-44-01856,letter,,,8,8,True,False,"{'v2': 1, 'v1': 8}","{'v1': 'M', 'v2': 'T'}",letter,
L3-44-01857-letter,L3-44-01857,letter,,,1,1,True,False,"{'v2': 8, 'v1': 1}","{'v1': 'Q', 'v2': 'X'}",letter,
L3-44-01858-letter,L3-44-01858,letter,,,0,0,True,False,"{'v2': 0, 'v1': 0}","{'v1': 'I', 'v2': 'G'}",letter,
L3-44-01859-letter,L3-44-01859,letter,,,9,9,True,False,"{'v2': 2, 'v1': 9}","{'v1': 'P', 'v2': 'N'}",letter,
L3-44-01860-letter,L3-44-01860,letter,,,3,3,True,False,"{'v2': 2, 'v1': 3}","{'v1': 'G', 'v2': 'Q'}",letter,
L3-44-01861-letter,L3-44-01861,letter,,,0,0,True,False,"{'v2': 7, 'v1': 0}","{'v1': 'K', 'v2': 'J'}",letter,
L3-44-01862-letter,L3-44-01862,letter,,,6,6,True,False,"{'v2': 1, 'v1': 6}","{'v1': 'H', 'v2': 'O'}",letter,
L3-44-01863-letter,L3-44-01863,letter,,,3,3,True,False,"{'v2': 0, 'v1': 3}","{'v1': 'Q', 'v2': 'G'}",letter,
L3-44-01864-letter,L3-44-01864,letter,,,5,5,True,False,"{'v2': 3, 'v1': 5}","{'v1': 'D', 'v2': 'M'}",letter,
L3-44-01865-letter,L3-44-01865,letter,,,2,2,True,False,"{'v2': 7, 'v1': 2}","{'v1': 'K', 'v2': 'S'}",letter,
L3-44-01866-letter,L3-44-01866,letter,,,0,0,True,False,"{'v2': 0, 'v1': 0}","{'v1': 'P', 'v2': 'C'}",letter,
L3-44-01867-letter,L3-44-01867,letter,,,7,7,True,False,"{'v2': 2, 'v1': 7}","{'v1': 'L', 'v2': 'F'}",letter,
L3-44-01868-letter,L3-44-01868,letter,,,2,2,True,False,"{'v2': 0, 'v1': 2}","{'v1': 'V', 'v2': 'D'}",letter,
L3-44-01869-letter,L3-44-01869,letter,,,8,8,True,False,"{'v2': 7, 'v1': 8}","{'v1': 'I', 'v2': 'K'}",letter,
L3-44-01870-letter,L3-44-01870,letter,,,2,2,True,False,"{'v2': 1, 'v1': 2}","{'v1': 'N', 'v2': 'X'}",letter,
L3-44-01871-letter,L3-44-01871,letter,,,0,0,True,False,"{'v2': 0, 'v1': 0}","{'v1': 'T', 'v2': 'U'}",letter,
L3-44-01872-letter,L3-44-01872,letter,,,3,3,True,False,"{'v2': 2, 'v1': 3}","{'v1': 'O', 'v2': 'M'}",letter,
L3-44-01873-letter,L3-44-01873,letter,,,1,1,True,False,"{'v2': 2, 'v1': 1}","{'v1': 'L', 'v2': 'B'}",letter,
L3-44-01874-letter,L3-44-01874,letter,,,8,8,True,False,"{'v2': 6, 'v1': 8}","{'v1': 'G', 'v2': 'L'}",letter,
L3-44-01875-letter,L3-44-01875,letter,,,1,1,True,False,"{'v2': 3, 'v1': 1}","{'v1': 'Q', 'v2': 'E'}",letter,
L3-44-01876-letter,L3-44-01876,letter,,,9,9,True,False,"{'v2': 8, 'v1': 9}","{'v1': 'X', 'v2': 'F'}",letter,
L3-44-01877-letter,L3-44-01877,letter,,,4,4,True,False,"{'v2': 5, 'v1': 4}","{'v1': 'E', 'v2': 'W'}",letter,
L3-44-01878-letter,L3-44-01878,letter,,,5,5,True,False,"{'v2': 0, 'v1': 5}","{'v1': 'G', 'v2': 'F'}",letter,
L3-44-01879-letter,L3-44-01879,letter,,,0,0,True,False,"{'v2': 9, 'v1': 0}","{'v1': 'S', 'v2': 'G'}",letter,
L3-44-01880-letter,L3-44-01880,letter,,,2,2,True,False,"{'v2': 0, 'v1': 2}","{'v1': 'N', 'v2': 'K'}",letter,
L3-44-01881-letter,L3-44-01881,letter,,,0,0,True,False,"{'v2': 6, 'v1': 0}","{'v1': 'E', 'v2': 'M'}",letter,
L3-44-01882-letter,L3-44-01882,letter,,,1,1,True,False,"{'v2': 8, 'v1': 1}","{'v1': 'W', 'v2': 'F'}",letter,
L3-44-01883-letter,L3-44-01883,letter,,,3,3,True,False,"{'v2': 6, 'v1': 3}","{'v1': 'I', 'v2': 'N'}",letter,
L3-44-01884-letter,L3-44-01884,letter,,,3,3,True,False,"{'v2': 3, 'v1': 3}","{'v1': 'U', 'v2': 'D'}",letter,
L3-44-01885-letter,L3-44-01885,letter,,,3,3,True,False,"{'v2': 3, 'v1': 3}","{'v1': 'K', 'v2': 'P'}",letter,
L3-44-01886-letter,L3-44-01886,letter,,,8,8,True,False,"{'v2': 6, 'v1': 8}","{'v1': 'Z', 'v2': 'K'}",letter,
L3-44-01887-letter,L3-44-01887,letter,,,5,5,True,False,"{'v2': 3, 'v1': 5}","{'v1': 'T', 'v2': 'I'}",letter,
L3-44-01888-letter,L3-44-01888,letter,,,9,9,True,False,"{'v2': 9, 'v1': 9}","{'v1': 'I', 'v2': 'O'}",letter,
L3-44-01889-letter,L3-44-01889,letter,,,1,1,True,False,"{'v2': 1, 'v1': 1}","{'v1': 'P', 'v2': 'W'}",letter,
L3-44-01890-letter,L3-44-01890,letter,,,1,1,True,False,"{'v2': 1, 'v1': 1}","{'v1': 'Z', 'v2': 'R'}",letter,
L3-44-01891-letter,L3-44-01891,letter,,,0,0,True,False,"{'v2': 0, 'v1': 0}","{'v1': 'P', 'v2': 'T'}",letter,
L3-44-01892-letter,L3-44-01892,letter,,,7,7,True,False,"{'v2': 1, 'v1': 7}","{'v1': 'R', 'v2': 'H'}",letter,
L3-44-01893-letter,L3-44-01893,letter,,,7,7,True,False,"{'v2': 0, 'v1': 7}","{'v1': 'X', 'v2': 'I'}",letter,
L3-44-01894-letter,L3-44-01894,letter,,,1,1,True,False,"{'v2': 6, 'v1': 1}","{'v1': 'B', 'v2': 'I'}",letter,
L3-44-01895-letter,L3-44-01895,letter,,,8,8,True,False,"{'v2': 3, 'v1': 8}","{'v1': 'G', 'v2': 'S'}",letter,
L3-44-01896-letter,L3-44-01896,letter,,,2,2,True,False,"{'v2': 5, 'v1': 2}","{'v1': 'D', 'v2': 'B'}",letter,
L3-44-01897-letter,L3-44-01897,letter,,,9,9,True,False,"{'v2': 5, 'v1': 9}","{'v1': 'K', 'v2': 'A'}",letter,
L3-44-01898-letter,L3-44-01898,letter,,,0,0,True,False,"{'v2': 6, 'v1': 0}","{'v1': 'O', 'v2': 'I'}",letter,
L3-44-01899-letter,L3-44-01899,letter,,,0,0,True,False,"{'v2': 6, 'v1': 0}","{'v1': 'G', 'v2': 'N'}",letter,
L3-44-01900-letter,L3-44-01900,letter,,,2,2,True,False,"{'v2': 5, 'v1': 2}","{'v1': 'K', 'v2': 'U'}",letter,
L3-44-01901-letter,L3-44-01901,letter,,,8,8,True,False,"{'v2': 1, 'v1': 8}","{'v1': 'V', 'v2': 'Q'}",letter,
L3-44-01902-letter,L3-44-01902,letter,,,4,4,True,False,"{'v2': 2, 'v1': 4}","{'v1': 'B', 'v2': 'L'}",letter,
L3-44-01903-letter,L3-44-01903,letter,,,2,2,True,False,"{'v2': 1, 'v1': 2}","{'v1': 'B', 'v2': 'L'}",letter,
L3-44-01904-letter,L3-44-01904,letter,,,9,9,True,False,"{'v2': 2, 'v1': 9}","{'v1': 'G', 'v2': 'D'}",letter,
L3-44-01905-letter,L3-44-01905,letter,,,2,2,True,False,"{'v2': 1, 'v1': 2}","{'v1': 'K', 'v2': 'U'}",letter,
L3-44-01906-letter,L3-44-01906,letter,,,2,2,True,False,"{'v2': 6, 'v1': 2}","{'v1': 'M', 'v2': 'X'}",letter,
L3-44-01907-letter,L3-44-01907,letter,,,0,0,True,False,"{'v2': 0, 'v1': 0}","{'v1': 'B', 'v2': 'T'}",letter,
L3-44-01908-letter,L3-44-01908,letter,,,7,7,True,False,"{'v2': 0, 'v1': 7}","{'v1': 'T', 'v2': 'J'}",letter,
L3-44-01909-letter,L3-44-01909,letter,,,2,2,True,False,"{'v2': 5, 'v1': 2}","{'v1': 'O', 'v2': 'K'}",letter,
L3-44-01910-letter,L3-44-01910,letter,,,2,2,True,False,"{'v2': 2, 'v1': 2}","{'v1': 'F', 'v2': 'Y'}",letter,
L3-44-01911-letter,L3-44-01911,letter,,,3,3,True,False,"{'v2': 0, 'v1': 3}","{'v1': 'E', 'v2': 'L'}",letter,
L3-44-01912-letter,L3-44-01912,letter,,,6,6,True,False,"{'v2': 0, 'v1': 6}","{'v1': 'N', 'v2': 'I'}",letter,
L3-44-01913-letter,L3-44-01913,letter,,,0,0,True,False,"{'v2': 2, 'v1': 0}","{'v1': 'T', 'v2': 'V'}",letter,
L3-44-01914-letter,L3-44-01914,letter,,,2,2,True,False,"{'v2': 5, 'v1': 2}","{'v1': 'I', 'v2': 'G'}",letter,
L3-44-01915-letter,L3-44-01915,letter,,,4,4,True,False,"{'v2': 5, 'v1': 4}","{'v1': 'R', 'v2': 'S'}",letter,
L3-44-01916-letter,L3-44-01916,letter,,,4,4,True,False,"{'v2': 5, 'v1': 4}","{'v1': 'Y', 'v2': 'S'}",letter,
L3-44-01917-letter,L3-44-01917,letter,,,0,0,True,False,"{'v2': 6, 'v1': 0}","{'v1': 'Q', 'v2': 'M'}",letter,
L3-44-01918-letter,L3-44-01918,letter,,,9,9,True,False,"{'v2': 5, 'v1': 9}","{'v1': 'J', 'v2': 'K'}",letter,
L3-44-01919-letter,L3-44-01919,letter,,,2,2,True,False,"{'v2': 7, 'v1': 2}","{'v1': 'Y', 'v2': 'K'}",letter,
L3-44-01920-letter,L3-44-01920,letter,,,4,4,True,False,"{'v2': 0, 'v1': 4}","{'v1': 'K', 'v2': 'U'}",letter,
L3-44-01921-letter,L3-44-01921,letter,,,1,1,True,False,"{'v2': 2, 'v1': 1}","{'v1': 'N', 'v2': 'R'}",letter,
L3-44-01922-letter,L3-44-01922,letter,,,9,9,True,False,"{'v2': 6, 'v1': 9}","{'v1': 'W', 'v2': 'C'}",letter,
L3-44-01923-letter,L3-44-01923,letter,,,3,3,True,False,"{'v2': 5, 'v1': 3}","{'v1': 'S', 'v2': 'J'}",letter,
L3-44-01924-letter,L3-44-01924,letter,,,3,3,True,False,"{'v2': 0, 'v1': 3}","{'v1': 'J', 'v2': 'S'}",letter,
L3-44-01925-letter,L3-44-01925,letter,,,1,1,True,False,"{'v2': 6, 'v1': 1}","{'v1': 'R', 'v2': 'T'}",letter,
L3-44-01926-letter,L3-44-01926,letter,,,0,0,True,False,"{'v2': 0, 'v1': 0}","{'v1': 'Y', 'v2': 'W'}",letter,
L3-44-01927-letter,L3-44-01927,letter,,,3,3,True,False,"{'v2': 3, 'v1': 3}","{'v1': 'B', 'v2': 'N'}",letter,
L3-44-01928-letter,L3-44-01928,letter,,,3,3,True,False,"{'v2': 1, 'v1': 3}","{'v1': 'E', 'v2': 'U'}",letter,
L3-44-01929-letter,L3-44-01929,letter,,,7,7,True,False,"{'v2': 2, 'v1': 7}","{'v1': 'E', 'v2': 'H'}",letter,
L3-44-01930-letter,L3-44-01930,letter,,,5,5,True,False,"{'v2': 2, 'v1': 5}","{'v1': 'M', 'v2': 'G'}",letter,
L3-44-01931-letter,L3-44-01931,letter,,,0,0,True,False,"{'v2': 6, 'v1': 0}","{'v1': 'Y', 'v2': 'F'}",letter,
L3-44-01932-letter,L3-44-01932,letter,,,7,7,True,False,"{'v2': 3, 'v1': 7}","{'v1': 'A', 'v2': 'Q'}",letter,
L3-44-01933-letter,L3-44-01933,letter,,,1,1,True,False,"{'v2': 2, 'v1': 1}","{'v1': 'L', 'v2': 'R'}",letter,
L3-44-01934-letter,L3-44-01934,letter,,,8,8,True,False,"{'v2': 1, 'v1': 8}","{'v1': 'M', 'v2': 'N'}",letter,
L3-44-01935-letter,L3-44-01935,letter,,,5,5,True,False,"{'v2': 3, 'v1': 5}","{'v1': 'N', 'v2': 'W'}",letter,
L3-44-01936-letter,L3-44-01936,letter,,,6,6,True,False,"{'v2': 1, 'v1': 6}","{'v1': 'F', 'v2': 'Z'}",letter,
L3-44-01937-letter,L3-44-01937,letter,,,8,8,True,False,"{'v2': 7, 'v1': 8}","{'v1': 'R', 'v2': 'K'}",letter,
L3-44-01938-letter,L3-44-01938,letter,,,6,6,True,False,"{'v2': 2, 'v1': 6}","{'v1': 'M', 'v2': 'C'}",letter,
L3-44-01939-letter,L3-44-01939,letter,,,4,4,True,False,"{'v2': 1, 'v1': 4}","{'v1': 'A', 'v2': 'T'}",letter,
L3-44-01940-letter,L3-44-01940,letter,,,6,6,True,False,"{'v2': 0, 'v1': 6}","{'v1': 'M', 'v2': 'N'}",letter,
L3-44-01941-letter,L3-44-01941,letter,,,1,1,True,False,"{'v2': 7, 'v1': 1}","{'v1': 'H', 'v2': 'P'}",letter,
L3-44-01942-letter,L3-44-01942,letter,,,3,3,True,False,"{'v2': 1, 'v1': 3}","{'v1': 'Z', 'v2': 'S'}",letter,
L3-44-01943-letter,L3-44-01943,letter,,,8,8,True,False,"{'v2': 1, 'v1': 8}","{'v1': 'D', 'v2': 'H'}",letter,
L3-44-01944-letter,L3-44-01944,letter,,,7,7,True,False,"{'v2': 1, 'v1': 7}","{'v1': 'A', 'v2': 'Y'}",letter,
L3-44-01945-letter,L3-44-01945,letter,,,7,7,True,False,"{'v2': 6, 'v1': 7}","{'v1': 'C', 'v2': 'G'}",letter,
L3-44-01946-letter,L3-44-01946,letter,,,4,4,True,False,"{'v2': 3, 'v1': 4}","{'v1': 'Q', 'v2': 'I'}",letter,
L3-44-01947-letter,L3-44-01947,letter,,,2,2,True,False,"{'v2': 0, 'v1': 2}","{'v1': 'P', 'v2': 'I'}",letter,
L3-44-01948-letter,L3-44-01948,letter,,,0,0,True,False,"{'v2': 6, 'v1': 0}","{'v1': 'F', 'v2': 'Y'}",letter,
L3-44-01949-letter,L3-44-01949,letter,,,0,0,True,False,"{'v2': 7, 'v1': 0}","{'v1': 'D', 'v2': 'P'}",letter,
L3-44-01950-letter,L3-44-01950,letter,,,4,4,True,False,"{'v2': 3, 'v1': 4}","{'v1': 'D', 'v2': 'C'}",letter,
L3-44-01951-letter,L3-44-01951,letter,,,6,6,True,False,"{'v2': 5, 'v1': 6}","{'v1': 'F', 'v2': 'R'}",letter,
L3-44-01952-letter,L3-44-01952,letter,,,3,3,True,False,"{'v2': 6, 'v1': 3}","{'v1': 'A', 'v2': 'R'}",letter,
L3-44-01953-letter,L3-44-01953,letter,,,4,4,True,False,"{'v2': 3, 'v1': 4}","{'v1': 'B', 'v2': 'U'}",letter,
L3-44-01954-letter,L3-44-01954,letter,,,1,1,True,False,"{'v2': 6, 'v1': 1}","{'v1': 'R', 'v2': 'C'}",letter,
L3-44-01955-letter,L3-44-01955,letter,,,6,6,True,False,"{'v2': 1, 'v1': 6}","{'v1': 'Z', 'v2': 'V'}",letter,
L3-44-01956-letter,L3-44-01956,letter,,,0,0,True,False,"{'v2': 7, 'v1': 0}","{'v1': 'Z', 'v2': 'H'}",letter,
L3-44-01957-letter,L3-44-01957,letter,,,6,6,True,False,"{'v2': 3, 'v1': 6}","{'v1': 'H', 'v2': 'Y'}",letter,
L3-44-01958-letter,L3-44-01958,letter,,,5,5,True,False,"{'v2': 1, 'v1': 5}","{'v1': 'Z', 'v2': 'I'}",letter,
L3-44-01959-letter,L3-44-01959,letter,,,1,1,True,False,"{'v2': 7, 'v1': 1}","{'v1': 'W', 'v2': 'D'}",letter,
L3-44-01960-letter,L3-44-01960,letter,,,4,4,True,False,"{'v2': 0, 'v1': 4}","{'v1': 'D', 'v2': 'L'}",letter,
L3-44-01961-letter,L3-44-01961,letter,,,4,4,True,False,"{'v2': 5, 'v1': 4}","{'v1': 'P', 'v2': 'U'}",letter,
L3-44-01962-letter,L3-44-01962,letter,,,1,1,True,False,"{'v2': 0, 'v1': 1}","{'v1': 'S', 'v2': 'R'}",letter,
L3-44-01963-letter,L3-44-01963,letter,,,0,0,True,False,"{'v2': 5, 'v1': 0}","{'v1': 'E', 'v2': 'X'}",letter,
L3-44-01964-letter,L3-44-01964,letter,,,4,4,True,False,"{'v2': 1, 'v1': 4}","{'v1': 'G', 'v2': 'U'}",letter,
L3-44-01965-letter,L3-44-01965,letter,,,2,2,True,False,"{'v2': 5, 'v1': 2}","{'v1': 'W', 'v2': 'D'}",letter,
L3-44-01966-letter,L3-44-01966,letter,,,9,9,True,False,"{'v2': 1, 'v1': 9}","{'v1': 'Q', 'v2': 'E'}",letter,
L3-44-01967-letter,L3-44-01967,letter,,,6,6,True,False,"{'v2': 1, 'v1': 6}","{'v1': 'E', 'v2': 'D'}",letter,
L3-44-01968-letter,L3-44-01968,letter,,,3,3,True,False,"{'v2': 1, 'v1': 3}","{'v1': 'Y', 'v2': 'Z'}",letter,
L3-44-01969-letter,L3-44-01969,letter,,,7,7,True,False,"{'v2': 7, 'v1': 7}","{'v1': 'H', 'v2': 'A'}",letter,
L3-44-01970-letter,L3-44-01970,letter,,,7,7,True,False,"{'v2': 1, 'v1': 7}","{'v1': 'P', 'v2': 'D'}",letter,
L3-44-01971-letter,L3-44-01971,letter,,,1,1,True,False,"{'v2': 1, 'v1': 1}","{'v1': 'B', 'v2': 'M'}",letter,
L3-44-01972-letter,L3-44-01972,letter,,,4,4,True,False,"{'v2': 1, 'v1': 4}","{'v1': 'P', 'v2': 'Y'}",letter,
L3-44-01973-letter,L3-44-01973,letter,,,1,1,True,False,"{'v2': 1, 'v1': 1}","{'v1': 'K', 'v2': 'B'}",letter,
L3-44-01974-letter,L3-44-01974,letter,,,3,3,True,False,"{'v2': 0, 'v1': 3}","{'v1': 'S', 'v2': 'I'}",letter,
L3-44-01975-letter,L3-44-01975,letter,,,8,8,True,False,"{'v2': 1, 'v1': 8}","{'v1': 'L', 'v2': 'N'}",letter,
L3-44-01976-letter,L3-44-01976,letter,,,3,3,True,False,"{'v2': 1, 'v1': 3}","{'v1': 'Z', 'v2': 'P'}",letter,
L3-44-01977-letter,L3-44-01977,letter,,,1,1,True,False,"{'v2': 1, 'v1': 1}","{'v1': 'R', 'v2': 'Y'}",letter,
L3-44-01978-letter,L3-44-01978,letter,,,8,8,True,False,"{'v2': 0, 'v1': 8}","{'v1': 'T', 'v2': 'V'}",letter,
L3-44-01979-letter,L3-44-01979,letter,,,9,9,True,False,"{'v2': 8, 'v1': 9}","{'v1': 'C', 'v2': 'M'}",letter,
L3-44-01980-letter,L3-44-01980,letter,,,7,7,True,False,"{'v2': 7, 'v1': 7}","{'v1': 'C', 'v2': 'O'}",letter,
L3-44-01981-letter,L3-44-01981,letter,,,7,7,True,False,"{'v2': 5, 'v1': 7}","{'v1': 'X', 'v2': 'D'}",letter,
L3-44-01982-letter,L3-44-01982,letter,,,7,7,True,False,"{'v2': 0, 'v1': 7}","{'v1': 'J', 'v2': 'E'}",letter,
L3-44-01983-letter,L3-44-01983,letter,,,6,6,True,False,"{'v2': 1, 'v1': 6}","{'v1': 'W', 'v2': 'B'}",letter,
L3-44-01984-letter,L3-44-01984,letter,,,4,4,True,False,"{'v2': 2, 'v1': 4}","{'v1': 'V', 'v2': 'T'}",letter,
L3-44-01985-letter,L3-44-01985,letter,,,2,2,True,False,"{'v2': 2, 'v1': 2}","{'v1': 'Q', 'v2': 'S'}",letter,
L3-44-01986-letter,L3-44-01986,letter,,,1,1,True,False,"{'v2': 0, 'v1': 1}","{'v1': 'I', 'v2': 'V'}",letter,
L3-44-01987-letter,L3-44-01987,letter,,,5,5,True,False,"{'v2': 1, 'v1': 5}","{'v1': 'N', 'v2': 'O'}",letter,
L3-44-01988-letter,L3-44-01988,letter,,,1,1,True,False,"{'v2': 5, 'v1': 1}","{'v1': 'C', 'v2': 'V'}",letter,
L3-44-01989-letter,L3-44-01989,letter,,,0,0,True,False,"{'v2': 0, 'v1': 0}","{'v1': 'H', 'v2': 'Y'}",letter,
L3-44-01990-letter,L3-44-01990,letter,,,4,4,True,False,"{'v2': 5, 'v1': 4}","{'v1': 'Z', 'v2': 'K'}",letter,
L3-44-01991-letter,L3-44-01991,letter,,,9,9,True,False,"{'v2': 2, 'v1': 9}","{'v1': 'X', 'v2': 'W'}",letter,
L3-44-01992-letter,L3-44-01992,letter,,,5,5,True,False,"{'v2': 2, 'v1': 5}","{'v1': 'P', 'v2': 'E'}",letter,
L3-44-01993-letter,L3-44-01993,letter,,,3,3,True,False,"{'v2': 6, 'v1': 3}","{'v1': 'C', 'v2': 'O'}",letter,
L3-44-01994-letter,L3-44-01994,letter,,,3,3,True,False,"{'v2': 3, 'v1': 3}","{'v1': 'T', 'v2': 'U'}",letter,
L3-44-01995-letter,L3-44-01995,letter,,,8,8,True,False,"{'v2': 0, 'v1': 8}","{'v1': 'R', 'v2': 'H'}",letter,
L3-44-01996-letter,L3-44-01996,letter,,,0,0,True,False,"{'v2': 6, 'v1': 0}","{'v1': 'V', 'v2': 'S'}",letter,
L3-44-01997-letter,L3-44-01997,letter,,,5,5,True,False,"{'v2': 3, 'v1': 5}","{'v1': 'K', 'v2': 'H'}",letter,
L3-44-01998-letter,L3-44-01998,letter,,,4,4,True,False,"{'v2': 2, 'v1': 4}","{'v1': 'V', 'v2': 'I'}",letter,
L3-44-01999-letter,L3-44-01999,letter,,,5,5,True,False,"{'v2': 1, 'v1': 5}","{'v1': 'X', 'v2': 'R'}",letter,
