id,set_id,condition,target,lure,answer,pred,correct,pred_is_lure,values,names,group,names_target
L3-44-00000-letter,L3-44-00000,letter,,,3,3,True,False,"{'v2': 1, 'v1': 3}","{'v1': 'S', 'v2': 'Y'}",letter,
L3-44-00001-letter,L3-44-00001,letter,,,3,3,True,False,"{'v2': 1, 'v1': 3}","{'v1': 'S', 'v2': 'G'}",letter,
L3-44-00002-letter,L3-44-00002,letter,,,7,7,True,False,"{'v2': 2, 'v1': 7}","{'v1': 'I', 'v2': 'R'}",letter,
L3-44-00003-letter,L3-44-00003,letter,,,4,4,True,False,"{'v2': 5, 'v1': 4}","{'v1': 'W', 'v2': 'C'}",letter,
L3-44-00004-letter,L3-44-00004,letter,,,5,5,True,False,"{'v2': 0, 'v1': 5}","{'v1': 'U', 'v2': 'P'}",letter,
L3-44-00005-letter,L3-44-00005,letter,,,3,3,True,False,"{'v2': 0, 'v1': 3}","{'v1': 'U', 'v2': 'C'}",letter,
L3-44-00006-letter,L3-44-00006,letter,,,4,4,True,False,"{'v2': 1, 'v1': 4}","{'v1': 'A', 'v2': 'Y'}",letter,
L3-44-00007-letter,L3-44-00007,letter,,,8,8,True,False,"{'v2': 6, 'v1': 8}","{'v1': 'W', 'v2': 'G'}",letter,
L3-44-00008-letter,L3-44-00008,letter,,,3,3,True,False,"{'v2': 0, 'v1': 3}","{'v1': 'O', 'v2': 'R'}",letter,
L3-44-00009-letter,L3-44-00009,letter,,,1,2,False,False,"{'v2': 0, 'v1': 1}","{'v1': 'N', 'v2': 'L'}",letter,
L3-44-00010-letter,L3-44-00010,letter,,,5,5,True,False,"{'v2': 3, 'v1': 5}","{'v1': 'A', 'v2': 'N'}",letter,
L3-44-00011-letter,L3-44-00011,letter,,,5,5,True,False,"{'v2': 1, 'v1': 5}","{'v1': 'X', 'v2': 'V'}",letter,
L3-44-00012-letter,L3-44-00012,letter,,,3,3,True,False,"{'v2': 0, 'v1': 3}","{'v1': 'B', 'v2': 'T'}",letter,
L3-44-00013-letter,L3-44-00013,letter,,,9,9,True,False,"{'v2': 1, 'v1': 9}","{'v1': 'F', 'v2': 'K'}",letter,
L3-44-00014-letter,L3-44-00014,letter,,,7,7,True,False,"{'v2': 0, 'v1': 7}","{'v1': 'Z', 'v2': 'A'}",letter,
L3-44-00015-letter,L3-44-00015,letter,,,9,9,True,False,"{'v2': 0, 'v1': 9}","{'v1': 'N', 'v2': 'Y'}",letter,
L3-44-00016-letter,L3-44-00016,letter,,,8,8,True,False,"{'v2': 1, 'v1': 8}","{'v1': 'H', 'v2': 'R'}",letter,
L3-44-00017-letter,L3-44-00017,letter,,,7,7,True,False,"{'v2': 2, 'v1': 7}","{'v1': 'C', 'v2': 'G'}",letter,
L3-44-00018-letter,L3-44-00018,letter,,,7,7,True,False,"{'v2': 0, 'v1': 7}","{'v1': 'U', 'v2': 'N'}",letter,
L3-44-00019-letter,L3-44-00019,letter,,,3,3,True,False,"{'v2': 5, 'v1': 3}","{'v1': 'G', 'v2': 'Q'}",letter,
L3-44-00020-letter,L3-44-00020,letter,,,1,1,True,False,"{'v2': 1, 'v1': 1}","{'v1': 'T', 'v2': 'M'}",letter,
L3-44-00021-letter,L3-44-00021,letter,,,5,5,True,False,"{'v2': 1, 'v1': 5}","{'v1': 'Q', 'v2': 'J'}",letter,
L3-44-00022-letter,L3-44-00022,letter,,,3,3,True,False,"{'v2': 5, 'v1': 3}","{'v1': 'C', 'v2': 'T'}",letter,
L3-44-00023-letter,L3-44-00023,letter,,,3,3,True,False,"{'v2': 2, 'v1': 3}","{'v1': 'C', 'v2': 'S'}",letter,
L3-44-00024-letter,L3-44-00024,letter,,,2,2,True,False,"{'v2': 1, 'v1': 2}","{'v1': 'G', 'v2': 'R'}",letter,
L3-44-00025-letter,L3-44-00025,letter,,,7,7,True,False,"{'v2': 5, 'v1': 7}","{'v1': 'Q', 'v2': 'L'}",letter,
L3-44-00026-letter,L3-44-00026,letter,,,6,6,True,False,"{'v2': 5, 'v1': 6}","{'v1': 'Y', 'v2': 'J'}",letter,
L3-44-00027-letter,L3-44-00027,letter,,,6,6,True,False,"{'v2': 0, 'v1': 6}","{'v1': 'E', 'v2': 'D'}",letter,
L3-44-00028-letter,L3-44-00028,letter,,,1,1,True,False,"{'v2': 5, 'v1': 1}","{'v1': 'T', 'v2': 'M'}",letter,
L3-44-00029-letter,L3-44-00029,letter,,,8,8,True,False,"{'v2': 3, 'v1': 8}","{'v1': 'I', 'v2': 'N'}",letter,
L3-44-00030-letter,L3-44-00030,letter,,,1,1,True,False,"{'v2': 6, 'v1': 1}","{'v1': 'V', 'v2': 'K'}",letter,
L3-44-00031-letter,L3-44-00031,letter,,,5,5,True,False,"{'v2': 1, 'v1': 5}","{'v1': 'U', 'v2': 'D'}",letter,
L3-44-00032-letter,L3-44-00032,letter,,,0,0,True,False,"{'v2': 7, 'v1': 0}","{'v1': 'Y', 'v2': 'X'}",letter,
L3-44-00033-letter,L3-44-00033,letter,,,1,1,True,False,"{'v2': 1, 'v1': 1}","{'v1': 'O', 'v2': 'D'}",letter,
L3-44-00034-letter,L3-44-00034,letter,,,2,2,True,False,"{'v2': 0, 'v1': 2}","{'v1': 'G', 'v2': 'F'}",letter,
L3-44-00035-letter,L3-44-00035,letter,,,0,0,True,False,"{'v2': 6, 'v1': 0}","{'v1': 'Y', 'v2': 'L'}",letter,
L3-44-00036-letter,L3-44-00036,letter,,,6,6,True,False,"{'v2': 3, 'v1': 6}","{'v1': 'C', 'v2': 'L'}",letter,
L3-44-00037-letter,L3-44-00037,letter,,,2,2,True,False,"{'v2': 3, 'v1': 2}","{'v1': 'A', 'v2': 'C'}",letter,
L3-44-00038-letter,L3-44-00038,letter,,,3,3,True,False,"{'v2': 5, 'v1': 3}","{'v1': 'Y', 'v2': 'C'}",letter,
L3-44-00039-letter,L3-44-00039,letter,,,7,7,True,False,"{'v2': 2, 'v1': 7}","{'v1': 'H', 'v2': 'F'}",letter,
L3-44-00040-letter,L3-44-00040,letter,,,3,3,True,False,"{'v2': 5, 'v1': 3}","{'v1': 'T', 'v2': 'Z'}",letter,
L3-44-00041-letter,L3-44-00041,letter,,,3,3,True,False,"{'v2': 1, 'v1': 3}","{'v1': 'B', 'v2': 'A'}",letter,
L3-44-00042-letter,L3-44-00042,letter,,,2,2,True,False,"{'v2': 1, 'v1': 2}","{'v1': 'F', 'v2': 'C'}",letter,
L3-44-00043-letter,L3-44-00043,letter,,,6,6,True,False,"{'v2': 6, 'v1': 6}","{'v1': 'L', 'v2': 'T'}",letter,
L3-44-00044-letter,L3-44-00044,letter,,,4,4,True,False,"{'v2': 1, 'v1': 4}","{'v1': 'S', 'v2': 'X'}",letter,
L3-44-00045-letter,L3-44-00045,letter,,,3,3,True,False,"{'v2': 0, 'v1': 3}","{'v1': 'F', 'v2': 'I'}",letter,
L3-44-00046-letter,L3-44-00046,letter,,,9,9,True,False,"{'v2': 0, 'v1': 9}","{'v1': 'R', 'v2': 'E'}",letter,
L3-44-00047-letter,L3-44-00047,letter,,,3,3,True,False,"{'v2': 5, 'v1': 3}","{'v1': 'A', 'v2': 'J'}",letter,
L3-44-00048-letter,L3-44-00048,letter,,,5,5,True,False,"{'v2': 0, 'v1': 5}","{'v1': 'R', 'v2': 'V'}",letter,
L3-44-00049-letter,L3-44-00049,letter,,,6,6,True,False,"{'v2': 6, 'v1': 6}","{'v1': 'X', 'v2': 'V'}",letter,
L3-44-00050-letter,L3-44-00050,letter,,,8,8,True,False,"{'v2': 8, 'v1': 8}","{'v1': 'D', 'v2': 'L'}",letter,
L3-44-00051-letter,L3-44-00051,letter,,,1,1,True,False,"{'v2': 7, 'v1': 1}","{'v1': 'G', 'v2': 'R'}",letter,
L3-44-00052-letter,L3-44-00052,letter,,,0,0,True,False,"{'v2': 1, 'v1': 0}","{'v1': 'F', 'v2': 'P'}",letter,
L3-44-00053-letter,L3-44-00053,letter,,,0,0,True,False,"{'v2': 9, 'v1': 0}","{'v1': 'C', 'v2': 'L'}",letter,
L3-44-00054-letter,L3-44-00054,letter,,,6,6,True,False,"{'v2': 1, 'v1': 6}","{'v1': 'X', 'v2': 'K'}",letter,
L3-44-00055-letter,L3-44-00055,letter,,,8,8,True,False,"{'v2': 2, 'v1': 8}","{'v1': 'G', 'v2': 'A'}",letter,
L3-44-00056-letter,L3-44-00056,letter,,,9,9,True,False,"{'v2': 1, 'v1': 9}","{'v1': 'O', 'v2': 'R'}",letter,
L3-44-00057-letter,L3-44-00057,letter,,,0,0,True,False,"{'v2': 1, 'v1': 0}","{'v1': 'W', 'v2': 'Q'}",letter,
L3-44-00058-letter,L3-44-00058,letter,,,4,4,True,False,"{'v2': 1, 'v1': 4}","{'v1': 'F', 'v2': 'J'}",letter,
L3-44-00059-letter,L3-44-00059,letter,,,8,8,True,False,"{'v2': 7, 'v1': 8}","{'v1': 'R', 'v2': 'Y'}",letter,
L3-44-00060-letter,L3-44-00060,letter,,,5,5,True,False,"{'v2': 2, 'v1': 5}","{'v1': 'I', 'v2': 'L'}",letter,
L3-44-00061-letter,L3-44-00061,letter,,,5,5,True,False,"{'v2': 1, 'v1': 5}","{'v1': 'I', 'v2': 'U'}",letter,
L3-44-00062-letter,L3-44-00062,letter,,,9,9,True,False,"{'v2': 0, 'v1': 9}","{'v1': 'B', 'v2': 'T'}",letter,
L3-44-00063-letter,L3-44-00063,letter,,,3,3,True,False,"{'v2': 0, 'v1': 3}","{'v1': 'K', 'v2': 'O'}",letter,
L3-44-00064-letter,L3-44-00064,letter,,,2,2,True,False,"{'v2': 7, 'v1': 2}","{'v1': 'J', 'v2': 'N'}",letter,
L3-44-00065-letter,L3-44-00065,letter,,,8,8,True,False,"{'v2': 7, 'v1': 8}","{'v1': 'I', 'v2': 'Z'}",letter,
L3-44-00066-letter,L3-44-00066,letter,,,7,7,True,False,"{'v2': 6, 'v1': 7}","{'v1': 'N', 'v2': 'P'}",letter,
L3-44-00067-letter,L3-44-00067,letter,,,6,6,True,False,"{'v2': 2, 'v1': 6}","{'v1': 'Q', 'v2': 'A'}",letter,
L3-44-00068-letter,L3-44-00068,letter,,,9,9,True,False,"{'v2': 1, 'v1': 9}","{'v1': 'I', 'v2': 'H'}",letter,
L3-44-00069-letter,L3-44-00069,letter,,,3,3,True,False,"{'v2': 6, 'v1': 3}","{'v1': 'B', 'v2': 'Z'}",letter,
L3-44-00070-letter,L3-44-00070,letter,,,4,4,True,False,"{'v2': 2, 'v1': 4}","{'v1': 'E', 'v2': 'D'}",letter,
L3-44-00071-letter,L3-44-00071,letter,,,0,0,True,False,"{'v2': 9, 'v1': 0}","{'v1': 'X', 'v2': 'G'}",letter,
L3-44-00072-letter,L3-44-00072,letter,,,8,8,True,False,"{'v2': 8, 'v1': 8}","{'v1': 'Y', 'v2': 'S'}",letter,
L3-44-00073-letter,L3-44-00073,letter,,,0,0,True,False,"{'v2': 8, 'v1': 0}","{'v1': 'U', 'v2': 'R'}",letter,
L3-44-00074-letter,L3-44-00074,letter,,,8,8,True,False,"{'v2': 0, 'v1': 8}","{'v1': 'A', 'v2': 'K'}",letter,
L3-44-00075-letter,L3-44-00075,letter,,,3,3,True,False,"{'v2': 1, 'v1': 3}","{'v1': 'P', 'v2': 'R'}",letter,
L3-44-00076-letter,L3-44-00076,letter,,,1,1,True,False,"{'v2': 6, 'v1': 1}","{'v1': 'B', 'v2': 'V'}",letter,
L3-44-00077-letter,L3-44-00077,letter,,,2,2,True,False,"{'v2': 2, 'v1': 2}","{'v1': 'F', 'v2': 'C'}",letter,
L3-44-00078-letter,L3-44-00078,letter,,,1,1,True,False,"{'v2': 8, 'v1': 1}","{'v1': 'C', 'v2': 'K'}",letter,
L3-44-00079-letter,L3-44-00079,letter,,,7,7,True,False,"{'v2': 0, 'v1': 7}","{'v1': 'R', 'v2': 'O'}",letter,
L3-44-00080-letter,L3-44-00080,letter,,,2,2,True,False,"{'v2': 5, 'v1': 2}","{'v1': 'A', 'v2': 'F'}",letter,
L3-44-00081-letter,L3-44-00081,letter,,,6,6,True,False,"{'v2': 5, 'v1': 6}","{'v1': 'X', 'v2': 'R'}",letter,
L3-44-00082-letter,L3-44-00082,letter,,,0,0,True,False,"{'v2': 6, 'v1': 0}","{'v1': 'B', 'v2': 'N'}",letter,
L3-44-00083-letter,L3-44-00083,letter,,,6,6,True,False,"{'v2': 0, 'v1': 6}","{'v1': 'D', 'v2': 'P'}",letter,
L3-44-00084-letter,L3-44-00084,letter,,,9,9,True,False,"{'v2': 0, 'v1': 9}","{'v1': 'Q', 'v2': 'E'}",letter,
L3-44-00085-letter,L3-44-00085,letter,,,2,2,True,False,"{'v2': 6, 'v1': 2}","{'v1': 'Y', 'v2': 'J'}",letter,
L3-44-00086-letter,L3-44-00086,letter,,,2,2,True,False,"{'v2': 0, 'v1': 2}","{'v1': 'B', 'v2': 'A'}",letter,
L3-44-00087-letter,L3-44-00087,letter,,,2,2,True,False,"{'v2': 2, 'v1': 2}","{'v1': 'O', 'v2': 'L'}",letter,
L3-44-00088-letter,L3-44-00088,letter,,,1,1,True,False,"{'v2': 7, 'v1': 1}","{'v1': 'R', 'v2': 'T'}",letter,
L3-44-00089-letter,L3-44-00089,letter,,,3,3,True,False,"{'v2': 0, 'v1': 3}","{'v1': 'G', 'v2': 'O'}",letter,
L3-44-00090-letter,L3-44-00090,letter,,,3,3,True,False,"{'v2': 0, 'v1': 3}","{'v1': 'I', 'v2': 'K'}",letter,
L3-44-00091-letter,L3-44-00091,letter,,,6,6,True,False,"{'v2': 0, 'v1': 6}","{'v1': 'W', 'v2': 'L'}",letter,
L3-44-00092-letter,L3-44-00092,letter,,,3,3,True,False,"{'v2': 1, 'v1': 3}","{'v1': 'Y', 'v2': 'W'}",letter,
L3-44-00093-letter,L3-44-00093,letter,,,9,9,True,False,"{'v2': 9, 'v1': 9}","{'v1': 'C', 'v2': 'T'}",letter,
L3-44-00094-letter,L3-44-00094,letter,,,4,4,True,False,"{'v2': 2, 'v1': 4}","{'v1': 'W', 'v2': 'Y'}",letter,
L3-44-00095-letter,L3-44-00095,letter,,,5,5,True,False,"{'v2': 5, 'v1': 5}","{'v1': 'V', 'v2': 'O'}",letter,
L3-44-00096-letter,L3-44-00096,letter,,,2,2,True,False,"{'v2': 2, 'v1': 2}","{'v1': 'C', 'v2': 'J'}",letter,
L3-44-00097-letter,L3-44-00097,letter,,,8,8,True,False,"{'v2': 8, 'v1': 8}","{'v1': 'Q', 'v2': 'Z'}",letter,
L3-44-00098-letter,L3-44-00098,letter,,,9,9,True,False,"{'v2': 0, 'v1': 9}","{'v1': 'U', 'v2': 'H'}",letter,
L3-44-00099-letter,L3-44-00099,letter,,,6,6,True,False,"{'v2': 0, 'v1': 6}","{'v1': 'K', 'v2': 'D'}",letter,
L3-44-00100-letter,L3-44-00100,letter,,,8,8,True,False,"{'v2': 8, 'v1': 8}","{'v1': 'N', 'v2': 'F'}",letter,
L3-44-00101-letter,L3-44-00101,letter,,,3,3,True,False,"{'v2': 3, 'v1': 3}","{'v1': 'L', 'v2': 'Y'}",letter,
L3-44-00102-letter,L3-44-00102,letter,,,9,9,True,False,"{'v2': 5, 'v1': 9}","{'v1': 'O', 'v2': 'H'}",letter,
L3-44-00103-letter,L3-44-00103,letter,,,0,0,True,False,"{'v2': 0, 'v1': 0}","{'v1': 'A', 'v2': 'E'}",letter,
L3-44-00104-letter,L3-44-00104,letter,,,0,0,True,False,"{'v2': 2, 'v1': 0}","{'v1': 'X', 'v2': 'L'}",letter,
L3-44-00105-letter,L3-44-00105,letter,,,6,6,True,False,"{'v2': 1, 'v1': 6}","{'v1': 'C', 'v2': 'A'}",letter,
L3-44-00106-letter,L3-44-00106,letter,,,1,1,True,False,"{'v2': 5, 'v1': 1}","{'v1': 'E', 'v2': 'T'}",letter,
L3-44-00107-letter,L3-44-00107,letter,,,9,9,True,False,"{'v2': 1, 'v1': 9}","{'v1': 'S', 'v2': 'Q'}",letter,
L3-44-00108-letter,L3-44-00108,letter,,,4,4,True,False,"{'v2': 5, 'v1': 4}","{'v1': 'A', 'v2': 'Q'}",letter,
L3-44-00109-letter,L3-44-00109,letter,,,4,4,True,False,"{'v2': 1, 'v1': 4}","{'v1': 'B', 'v2': 'F'}",letter,
L3-44-00110-letter,L3-44-00110,letter,,,0,0,True,False,"{'v2': 6, 'v1': 0}","{'v1': 'Z', 'v2': 'Q'}",letter,
L3-44-00111-letter,L3-44-00111,letter,,,8,8,True,False,"{'v2': 0, 'v1': 8}","{'v1': 'V', 'v2': 'G'}",letter,
L3-44-00112-letter,L3-44-00112,letter,,,7,7,True,False,"{'v2': 5, 'v1': 7}","{'v1': 'T', 'v2': 'D'}",letter,
L3-44-00113-letter,L3-44-00113,letter,,,1,1,True,False,"{'v2': 3, 'v1': 1}","{'v1': 'G', 'v2': 'X'}",letter,
L3-44-00114-letter,L3-44-00114,letter,,,6,6,True,False,"{'v2': 0, 'v1': 6}","{'v1': 'W', 'v2': 'N'}",letter,
L3-44-00115-letter,L3-44-00115,letter,,,2,2,True,False,"{'v2': 2, 'v1': 2}","{'v1': 'K', 'v2': 'X'}",letter,
L3-44-00116-letter,L3-44-00116,letter,,,4,4,True,False,"{'v2': 0, 'v1': 4}","{'v1': 'N', 'v2': 'Q'}",letter,
L3-44-00117-letter,L3-44-00117,letter,,,8,8,True,False,"{'v2': 1, 'v1': 8}","{'v1': 'H', 'v2': 'V'}",letter,
L3-44-00118-letter,L3-44-00118,letter,,,4,4,True,False,"{'v2': 1, 'v1': 4}","{'v1': 'D', 'v2': 'V'}",letter,
L3-44-00119-letter,L3-44-00119,letter,,,2,2,True,False,"{'v2': 1, 'v1': 2}","{'v1': 'N', 'v2': 'D'}",letter,
L3-44-00120-letter,L3-44-00120,letter,,,7,7,True,False,"{'v2': 6, 'v1': 7}","{'v1': 'J', 'v2': 'V'}",letter,
L3-44-00121-letter,L3-44-00121,letter,,,3,3,True,False,"{'v2': 0, 'v1': 3}","{'v1': 'L', 'v2': 'P'}",letter,
L3-44-00122-letter,L3-44-00122,letter,,,2,2,True,False,"{'v2': 2, 'v1': 2}","{'v1': 'M', 'v2': 'D'}",letter,
L3-44-00123-letter,L3-44-00123,letter,,,6,6,True,False,"{'v2': 6, 'v1': 6}","{'v1': 'X', 'v2': 'K'}",letter,
L3-44-00124-letter,L3-44-00124,letter,,,9,9,True,False,"{'v2': 6, 'v1': 9}","{'v1': 'Z', 'v2': 'I'}",letter,
L3-44-00125-letter,L3-44-00125,letter,,,5,5,True,False,"{'v2': 5, 'v1': 5}","{'v1': 'S', 'v2': 'W'}",letter,
L3-44-00126-letter,L3-44-00126,letter,,,3,3,True,False,"{'v2': 2, 'v1': 3}","{'v1': 'M', 'v2': 'I'}",letter,
L3-44-00127-letter,L3-44-00127,letter,,,6,6,True,False,"{'v2': 5, 'v1': 6}","{'v1': 'W', 'v2': 'R'}",letter,
L3-44-00128-letter,L3-44-00128,letter,,,6,6,True,False,"{'v2': 5, 'v1': 6}","{'v1': 'B', 'v2': 'W'}",letter,
L3-44-00129-letter,L3-44-00129,letter,,,0,0,True,False,"{'v2': 9, 'v1': 0}","{'v1': 'A', 'v2': 'Q'}",letter,
L3-44-00130-letter,L3-44-00130,letter,,,6,6,True,False,"{'v2': 0, 'v1': 6}","{'v1': 'H', 'v2': 'M'}",letter,
L3-44-00131-letter,L3-44-00131,letter,,,2,2,True,False,"{'v2': 0, 'v1': 2}","{'v1': 'H', 'v2': 'A'}",letter,
L3-44-00132-letter,L3-44-00132,letter,,,4,4,True,False,"{'v2': 2, 'v1': 4}","{'v1': 'C', 'v2': 'R'}",letter,
L3-44-00133-letter,L3-44-00133,letter,,,4,4,True,False,"{'v2': 0, 'v1': 4}","{'v1': 'D', 'v2': 'Q'}",letter,
L3-44-00134-letter,L3-44-00134,letter,,,7,7,True,False,"{'v2': 1, 'v1': 7}","{'v1': 'B', 'v2': 'L'}",letter,
L3-44-00135-letter,L3-44-00135,letter,,,8,8,True,False,"{'v2': 3, 'v1': 8}","{'v1': 'F', 'v2': 'Y'}",letter,
L3-44-00136-letter,L3-44-00136,letter,,,5,5,True,False,"{'v2': 0, 'v1': 5}","{'v1': 'H', 'v2': 'M'}",letter,
L3-44-00137-letter,L3-44-00137,letter,,,2,2,True,False,"{'v2': 0, 'v1': 2}","{'v1': 'G', 'v2': 'W'}",letter,
L3-44-00138-letter,L3-44-00138,letter,,,2,2,True,False,"{'v2': 0, 'v1': 2}","{'v1': 'K', 'v2': 'N'}",letter,
L3-44-00139-letter,L3-44-00139,letter,,,0,0,True,False,"{'v2': 7, 'v1': 0}","{'v1': 'W', 'v2': 'K'}",letter,
L3-44-00140-letter,L3-44-00140,letter,,,3,3,True,False,"{'v2': 1, 'v1': 3}","{'v1': 'U', 'v2': 'X'}",letter,
L3-44-00141-letter,L3-44-00141,letter,,,5,5,True,False,"{'v2': 3, 'v1': 5}","{'v1': 'A', 'v2': 'G'}",letter,
L3-44-00142-letter,L3-44-00142,letter,,,4,4,True,False,"{'v2': 3, 'v1': 4}","{'v1': 'N', 'v2': 'W'}",letter,
L3-44-00143-letter,L3-44-00143,letter,,,6,6,True,False,"{'v2': 6, 'v1': 6}","{'v1': 'M', 'v2': 'Y'}",letter,
L3-44-00144-letter,L3-44-00144,letter,,,1,1,True,False,"{'v2': 2, 'v1': 1}","{'v1': 'U', 'v2': 'H'}",letter,
L3-44-00145-letter,L3-44-00145,letter,,,9,9,True,False,"{'v2': 8, 'v1': 9}","{'v1': 'S', 'v2': 'C'}",letter,
L3-44-00146-letter,L3-44-00146,letter,,,9,9,True,False,"{'v2': 8, 'v1': 9}","{'v1': 'E', 'v2': 'A'}",letter,
L3-44-00147-letter,L3-44-00147,letter,,,9,9,True,False,"{'v2': 9, 'v1': 9}","{'v1': 'L', 'v2': 'V'}",letter,
L3-44-00148-letter,L3-44-00148,letter,,,5,5,True,False,"{'v2': 3, 'v1': 5}","{'v1': 'G', 'v2': 'E'}",letter,
L3-44-00149-letter,L3-44-00149,letter,,,1,1,True,False,"{'v2': 3, 'v1': 1}","{'v1': 'L', 'v2': 'N'}",letter,
L3-44-00150-letter,L3-44-00150,letter,,,1,1,True,False,"{'v2': 2, 'v1': 1}","{'v1': 'N', 'v2': 'L'}",letter,
L3-44-00151-letter,L3-44-00151,letter,,,8,8,True,False,"{'v2': 8, 'v1': 8}","{'v1': 'J', 'v2': 'Q'}",letter,
L3-44-00152-letter,L3-44-00152,letter,,,5,5,True,False,"{'v2': 0, 'v1': 5}","{'v1': 'M', 'v2': 'J'}",letter,
L3-44-00153-letter,L3-44-00153,letter,,,4,4,True,False,"{'v2': 2, 'v1': 4}","{'v1': 'G', 'v2': 'R'}",letter,
L3-44-00154-letter,L3-44-00154,letter,,,5,4,False,False,"{'v2': 0, 'v1': 5}","{'v1': 'N', 'v2': 'R'}",letter,
L3-44-00155-letter,L3-44-00155,letter,,,0,0,True,False,"{'v2': 1, 'v1': 0}","{'v1': 'M', 'v2': 'L'}",letter,
L3-44-00156-letter,L3-44-00156,letter,,,0,0,True,False,"{'v2': 3, 'v1': 0}","{'v1': 'N', 'v2': 'W'}",letter,
L3-44-00157-letter,L3-44-00157,letter,,,3,3,True,False,"{'v2': 2, 'v1': 3}","{'v1': 'J', 'v2': 'W'}",letter,
L3-44-00158-letter,L3-44-00158,letter,,,8,8,True,False,"{'v2': 1, 'v1': 8}","{'v1': 'T', 'v2': 'X'}",letter,
L3-44-00159-letter,L3-44-00159,letter,,,1,1,True,False,"{'v2': 1, 'v1': 1}","{'v1': 'G', 'v2': 'B'}",letter,
L3-44-00160-letter,L3-44-00160,letter,,,0,0,True,False,"{'v2': 2, 'v1': 0}","{'v1': 'L', 'v2': 'W'}",letter,
L3-44-00161-letter,L3-44-00161,letter,,,1,1,True,False,"{'v2': 0, 'v1': 1}","{'v1': 'W', 'v2': 'S'}",letter,
L3-44-00162-letter,L3-44-00162,letter,,,4,4,True,False,"{'v2': 5, 'v1': 4}","{'v1': 'C', 'v2': 'R'}",letter,
L3-44-00163-letter,L3-44-00163,letter,,,2,2,True,False,"{'v2': 1, 'v1': 2}","{'v1': 'I', 'v2': 'E'}",letter,
L3-44-00164-letter,L3-44-00164,letter,,,5,5,True,False,"{'v2': 0, 'v1': 5}","{'v1': 'K', 'v2': 'P'}",letter,
L3-44-00165-letter,L3-44-00165,letter,,,7,7,True,False,"{'v2': 1, 'v1': 7}","{'v1': 'Z', 'v2': 'O'}",letter,
L3-44-00166-letter,L3-44-00166,letter,,,6,6,True,False,"{'v2': 1, 'v1': 6}","{'v1': 'N', 'v2': 'I'}",letter,
L3-44-00167-letter,L3-44-00167,letter,,,0,0,True,False,"{'v2': 2, 'v1': 0}","{'v1': 'X', 'v2': 'F'}",letter,
L3-44-00168-letter,L3-44-00168,letter,,,4,4,True,False,"{'v2': 1, 'v1': 4}","{'v1': 'K', 'v2': 'Y'}",letter,
L3-44-00169-letter,L3-44-00169,letter,,,8,8,True,False,"{'v2': 6, 'v1': 8}","{'v1': 'U', 'v2': 'K'}",letter,
L3-44-00170-letter,L3-44-00170,letter,,,1,1,True,False,"{'v2': 7, 'v1': 1}","{'v1': 'D', 'v2': 'K'}",letter,
L3-44-00171-letter,L3-44-00171,letter,,,1,1,True,False,"{'v2': 5, 'v1': 1}","{'v1': 'O', 'v2': 'E'}",letter,
L3-44-00172-letter,L3-44-00172,letter,,,8,8,True,False,"{'v2': 0, 'v1': 8}","{'v1': 'X', 'v2': 'F'}",letter,
L3-44-00173-letter,L3-44-00173,letter,,,7,7,True,False,"{'v2': 2, 'v1': 7}","{'v1': 'I', 'v2': 'H'}",letter,
L3-44-00174-letter,L3-44-00174,letter,,,3,3,True,False,"{'v2': 1, 'v1': 3}","{'v1': 'O', 'v2': 'R'}",letter,
L3-44-00175-letter,L3-44-00175,letter,,,0,0,True,False,"{'v2': 1, 'v1': 0}","{'v1': 'R', 'v2': 'C'}",letter,
L3-44-00176-letter,L3-44-00176,letter,,,0,0,True,False,"{'v2': 6, 'v1': 0}","{'v1': 'M', 'v2': 'W'}",letter,
L3-44-00177-letter,L3-44-00177,letter,,,7,7,True,False,"{'v2': 6, 'v1': 7}","{'v1': 'S', 'v2': 'F'}",letter,
L3-44-00178-letter,L3-44-00178,letter,,,7,7,True,False,"{'v2': 1, 'v1': 7}","{'v1': 'S', 'v2': 'Z'}",letter,
L3-44-00179-letter,L3-44-00179,letter,,,6,6,True,False,"{'v2': 2, 'v1': 6}","{'v1': 'U', 'v2': 'H'}",letter,
L3-44-00180-letter,L3-44-00180,letter,,,3,3,True,False,"{'v2': 0, 'v1': 3}","{'v1': 'E', 'v2': 'G'}",letter,
L3-44-00181-letter,L3-44-00181,letter,,,2,2,True,False,"{'v2': 1, 'v1': 2}","{'v1': 'T', 'v2': 'L'}",letter,
L3-44-00182-letter,L3-44-00182,letter,,,2,2,True,False,"{'v2': 6, 'v1': 2}","{'v1': 'X', 'v2': 'N'}",letter,
L3-44-00183-letter,L3-44-00183,letter,,,6,6,True,False,"{'v2': 6, 'v1': 6}","{'v1': 'M', 'v2': 'Y'}",letter,
L3-44-00184-letter,L3-44-00184,letter,,,7,7,True,False,"{'v2': 2, 'v1': 7}","{'v1': 'V', 'v2': 'P'}",letter,
L3-44-00185-letter,L3-44-00185,letter,,,1,1,True,False,"{'v2': 7, 'v1': 1}","{'v1': 'S', 'v2': 'T'}",letter,
L3-44-00186-letter,L3-44-00186,letter,,,5,-1,False,False,"{'v2': 0, 'v1': 5}","{'v1': 'A', 'v2': 'U'}",letter,
L3-44-00187-letter,L3-44-00187,letter,,,2,2,True,False,"{'v2': 1, 'v1': 2}","{'v1': 'T', 'v2': 'B'}",letter,
L3-44-00188-letter,L3-44-00188,letter,,,5,5,True,False,"{'v2': 5, 'v1': 5}","{'v1': 'H', 'v2': 'R'}",letter,
L3-44-00189-letter,L3-44-00189,letter,,,6,6,True,False,"{'v2': 0, 'v1': 6}","{'v1': 'N', 'v2': 'U'}",letter,
L3-44-00190-letter,L3-44-00190,letter,,,2,2,True,False,"{'v2': 0, 'v1': 2}","{'v1': 'P', 'v2': 'O'}",letter,
L3-44-00191-letter,L3-44-00191,letter,,,9,9,True,False,"{'v2': 3, 'v1': 9}","{'v1': 'D', 'v2': 'Y'}",letter,
L3-44-00192-letter,L3-44-00192,letter,,,5,5,True,False,"{'v2': 0, 'v1': 5}","{'v1': 'P', 'v2': 'O'}",letter,
L3-44-00193-letter,L3-44-00193,letter,,,5,5,True,False,"{'v2': 2, 'v1': 5}","{'v1': 'S', 'v2': 'Z'}",letter,
L3-44-00194-letter,L3-44-00194,letter,,,6,6,True,False,"{'v2': 1, 'v1': 6}","{'v1': 'P', 'v2': 'D'}",letter,
L3-44-00195-letter,L3-44-00195,letter,,,5,4,False,False,"{'v2': 0, 'v1': 5}","{'v1': 'N', 'v2': 'I'}",letter,
L3-44-00196-letter,L3-44-00196,letter,,,0,0,True,False,"{'v2': 0, 'v1': 0}","{'v1': 'P', 'v2': 'H'}",letter,
L3-44-00197-letter,L3-44-00197,letter,,,6,6,True,False,"{'v2': 1, 'v1': 6}","{'v1': 'O', 'v2': 'G'}",letter,
L3-44-00198-letter,L3-44-00198,letter,,,3,3,True,False,"{'v2': 0, 'v1': 3}","{'v1': 'M', 'v2': 'T'}",letter,
L3-44-00199-letter,L3-44-00199,letter,,,2,2,True,False,"{'v2': 3, 'v1': 2}","{'v1': 'X', 'v2': 'Z'}",letter,
L3-44-00200-letter,L3-44-00200,letter,,,4,4,True,False,"{'v2': 0, 'v1': 4}","{'v1': 'K', 'v2': 'L'}",letter,
L3-44-00201-letter,L3-44-00201,letter,,,9,9,True,False,"{'v2': 1, 'v1': 9}","{'v1': 'Y', 'v2': 'T'}",letter,
L3-44-00202-letter,L3-44-00202,letter,,,5,5,True,False,"{'v2': 2, 'v1': 5}","{'v1': 'E', 'v2': 'B'}",letter,
L3-44-00203-letter,L3-44-00203,letter,,,4,4,True,False,"{'v2': 1, 'v1': 4}","{'v1': 'S', 'v2': 'Z'}",letter,
L3-44-00204-letter,L3-44-00204,letter,,,0,0,True,False,"{'v2': 0, 'v1': 0}","{'v1': 'B', 'v2': 'O'}",letter,
L3-44-00205-letter,L3-44-00205,letter,,,2,2,True,False,"{'v2': 7, 'v1': 2}","{'v1': 'R', 'v2': 'Z'}",letter,
L3-44-00206-letter,L3-44-00206,letter,,,4,4,True,False,"{'v2': 1, 'v1': 4}","{'v1': 'S', 'v2': 'Y'}",letter,
L3-44-00207-letter,L3-44-00207,letter,,,9,9,True,False,"{'v2': 2, 'v1': 9}","{'v1': 'O', 'v2': 'V'}",letter,
L3-44-00208-letter,L3-44-00208,letter,,,4,4,True,False,"{'v2': 3, 'v1': 4}","{'v1': 'X', 'v2': 'K'}",letter,
L3-44-00209-letter,L3-44-00209,letter,,,8,8,True,False,"{'v2': 6, 'v1': 8}","{'v1': 'Z', 'v2': 'L'}",letter,
L3-44-00210-letter,L3-44-00210,letter,,,2,2,True,False,"{'v2': 1, 'v1': 2}","{'v1': 'E', 'v2': 'U'}",letter,
L3-44-00211-letter,L3-44-00211,letter,,,9,9,True,False,"{'v2': 0, 'v1': 9}","{'v1': 'P', 'v2': 'U'}",letter,
L3-44-00212-letter,L3-44-00212,letter,,,0,0,True,False,"{'v2': 0, 'v1': 0}","{'v1': 'T', 'v2': 'G'}",letter,
L3-44-00213-letter,L3-44-00213,letter,,,8,8,True,False,"{'v2': 0, 'v1': 8}","{'v1': 'J', 'v2': 'X'}",letter,
L3-44-00214-letter,L3-44-00214,letter,,,2,2,True,False,"{'v2': 7, 'v1': 2}","{'v1': 'Q', 'v2': 'O'}",letter,
L3-44-00215-letter,L3-44-00215,letter,,,5,5,True,False,"{'v2': 2, 'v1': 5}","{'v1': 'H', 'v2': 'V'}",letter,
L3-44-00216-letter,L3-44-00216,letter,,,1,1,True,False,"{'v2': 1, 'v1': 1}","{'v1': 'Y', 'v2': 'P'}",letter,
L3-44-00217-letter,L3-44-00217,letter,,,4,4,True,False,"{'v2': 1, 'v1': 4}","{'v1': 'D', 'v2': 'S'}",letter,
L3-44-00218-letter,L3-44-00218,letter,,,4,4,True,False,"{'v2': 1, 'v1': 4}","{'v1': 'Y', 'v2': 'F'}",letter,
L3-44-00219-letter,L3-44-00219,letter,,,8,8,True,False,"{'v2': 2, 'v1': 8}","{'v1': 'W', 'v2': 'F'}",letter,
L3-44-00220-letter,L3-44-00220,letter,,,7,7,True,False,"{'v2': 1, 'v1': 7}","{'v1': 'O', 'v2': 'C'}",letter,
L3-44-00221-letter,L3-44-00221,letter,,,6,6,True,False,"{'v2': 3, 'v1': 6}","{'v1': 'Y', 'v2': 'I'}",letter,
L3-44-00222-letter,L3-44-00222,letter,,,6,6,True,False,"{'v2': 6, 'v1': 6}","{'v1': 'U', 'v2': 'P'}",letter,
L3-44-00223-letter,L3-44-00223,letter,,,0,0,True,False,"{'v2': 7, 'v1': 0}","{'v1': 'C', 'v2': 'U'}",letter,
L3-44-00224-letter,L3-44-00224,letter,,,1,1,True,False,"{'v2': 1, 'v1': 1}","{'v1': 'Z', 'v2': 'F'}",letter,
L3-44-00225-letter,L3-44-00225,letter,,,5,5,True,False,"{'v2': 1, 'v1': 5}","{'v1': 'D', 'v2': 'L'}",letter,
L3-44-00226-letter,L3-44-00226,letter,,,8,8,True,False,"{'v2': 1, 'v1': 8}","{'v1': 'W', 'v2': 'H'}",letter,
L3-44-00227-letter,L3-44-00227,letter,,,1,1,True,False,"{'v2': 7, 'v1': 1}","{'v1': 'N', 'v2': 'U'}",letter,
L3-44-00228-letter,L3-44-00228,letter,,,4,4,True,False,"{'v2': 2, 'v1': 4}","{'v1': 'L', 'v2': 'F'}",letter,
L3-44-00229-letter,L3-44-00229,letter,,,5,5,True,False,"{'v2': 0, 'v1': 5}","{'v1': 'E', 'v2': 'V'}",letter,
L3-44-00230-letter,L3-44-00230,letter,,,9,9,True,False,"{'v2': 7, 'v1': 9}","{'v1': 'R', 'v2': 'U'}",letter,
L3-44-00231-letter,L3-44-00231,letter,,,1,1,True,False,"{'v2': 0, 'v1': 1}","{'v1': 'K', 'v2': 'S'}",letter,
L3-44-00232-letter,L3-44-00232,letter,,,2,2,True,False,"{'v2': 1, 'v1': 2}","{'v1': 'D', 'v2': 'W'}",letter,
L3-44-00233-letter,L3-44-00233,letter,,,2,2,True,False,"{'v2': 5, 'v1': 2}","{'v1': 'B', 'v2': 'Y'}",letter,
L3-44-00234-letter,L3-44-00234,letter,,,0,0,True,False,"{'v2': 0, 'v1': 0}","{'v1': 'R', 'v2': 'B'}",letter,
L3-44-00235-letter,L3-44-00235,letter,,,9,9,True,False,"{'v2': 8, 'v1': 9}","{'v1': 'G', 'v2': 'B'}",letter,
L3-44-00236-letter,L3-44-00236,letter,,,7,7,True,False,"{'v2': 2, 'v1': 7}","{'v1': 'S', 'v2': 'L'}",letter,
L3-44-00237-letter,L3-44-00237,letter,,,8,8,True,False,"{'v2': 6, 'v1': 8}","{'v1': 'D', 'v2': 'N'}",letter,
L3-44-00238-letter,L3-44-00238,letter,,,3,3,True,False,"{'v2': 2, 'v1': 3}","{'v1': 'F', 'v2': 'Z'}",letter,
L3-44-00239-letter,L3-44-00239,letter,,,2,2,True,False,"{'v2': 0, 'v1': 2}","{'v1': 'N', 'v2': 'I'}",letter,
L3-44-00240-letter,L3-44-00240,letter,,,1,1,True,False,"{'v2': 5, 'v1': 1}","{'v1': 'L', 'v2': 'P'}",letter,
L3-44-00241-letter,L3-44-00241,letter,,,7,7,True,False,"{'v2': 2, 'v1': 7}","{'v1': 'P', 'v2': 'Z'}",letter,
L3-44-00242-letter,L3-44-00242,letter,,,2,2,True,False,"{'v2': 1, 'v1': 2}","{'v1': 'O', 'v2': 'P'}",letter,
L3-44-00243-letter,L3-44-00243,letter,,,0,0,True,False,"{'v2': 7, 'v1': 0}","{'v1': 'P', 'v2': 'G'}",letter,
L3-44-00244-letter,L3-44-00244,letter,,,6,6,True,False,"{'v2': 5, 'v1': 6}","{'v1': 'N', 'v2': 'E'}",letter,
L3-44-00245-letter,L3-44-00245,letter,,,2,2,True,False,"{'v2': 5, 'v1': 2}","{'v1': 'M', 'v2': 'D'}",letter,
L3-44-00246-letter,L3-44-00246,letter,,,6,6,True,False,"{'v2': 2, 'v1': 6}","{'v1': 'T', 'v2': 'U'}",letter,
L3-44-00247-letter,L3-44-00247,letter,,,1,1,True,False,"{'v2': 8, 'v1': 1}","{'v1': 'Y', 'v2': 'C'}",letter,
L3-44-00248-letter,L3-44-00248,letter,,,4,4,True,False,"{'v2': 0, 'v1': 4}","{'v1': 'B', 'v2': 'K'}",letter,
L3-44-00249-letter,L3-44-00249,letter,,,0,0,True,False,"{'v2': 6, 'v1': 0}","{'v1': 'L', 'v2': 'X'}",letter,
L3-44-00250-letter,L3-44-00250,letter,,,4,4,True,False,"{'v2': 1, 'v1': 4}","{'v1': 'L', 'v2': 'G'}",letter,
L3-44-00251-letter,L3-44-00251,letter,,,7,7,True,False,"{'v2': 0, 'v1': 7}","{'v1': 'N', 'v2': 'Y'}",letter,
L3-44-00252-letter,L3-44-00252,letter,,,0,0,True,False,"{'v2': 2, 'v1': 0}","{'v1': 'S', 'v2': 'V'}",letter,
L3-44-00253-letter,L3-44-00253,letter,,,1,1,True,False,"{'v2': 3, 'v1': 1}","{'v1': 'J', 'v2': 'S'}",letter,
L3-44-00254-letter,L3-44-00254,letter,,,0,0,True,False,"{'v2': 1, 'v1': 0}","{'v1': 'H', 'v2': 'Z'}",letter,
L3-44-00255-letter,L3-44-00255,letter,,,1,1,True,False,"{'v2': 2, 'v1': 1}","{'v1': 'F', 'v2': 'R'}",letter,
L3-44-00256-letter,L3-44-00256,letter,,,8,8,True,False,"{'v2': 8, 'v1': 8}","{'v1': 'T', 'v2': 'I'}",letter,
L3-44-00257-letter,L3-44-00257,letter,,,2,2,True,False,"{'v2': 2, 'v1': 2}","{'v1': 'I', 'v2': 'U'}",letter,
L3-44-00258-letter,L3-44-00258,letter,,,5,5,True,False,"{'v2': 5, 'v1': 5}","{'v1': 'R', 'v2': 'O'}",letter,
L3-44-00259-letter,L3-44-00259,letter,,,9,9,True,False,"{'v2': 0, 'v1': 9}","{'v1': 'M', 'v2': 'Q'}",letter,
L3-44-00260-letter,L3-44-00260,letter,,,4,4,True,False,"{'v2': 1, 'v1': 4}","{'v1': 'M', 'v2': 'C'}",letter,
L3-44-00261-letter,L3-44-00261,letter,,,7,7,True,False,"{'v2': 1, 'v1': 7}","{'v1': 'V', 'v2': 'W'}",letter,
L3-44-00262-letter,L3-44-00262,letter,,,7,7,True,False,"{'v2': 2, 'v1': 7}","{'v1': 'B', 'v2': 'M'}",letter,
L3-44-00263-letter,L3-44-00263,letter,,,9,9,True,False,"{'v2': 2, 'v1': 9}","{'v1': 'X', 'v2': 'Z'}",letter,
L3-44-00264-letter,L3-44-00264,letter,,,6,6,True,False,"{'v2': 6, 'v1': 6}","{'v1': 'A', 'v2': 'U'}",letter,
L3-44-00265-letter,L3-44-00265,letter,,,3,3,True,False,"{'v2': 5, 'v1': 3}","{'v1': 'L', 'v2': 'D'}",letter,
L3-44-00266-letter,L3-44-00266,letter,,,3,3,True,False,"{'v2': 1, 'v1': 3}","{'v1': 'A', 'v2': 'X'}",letter,
L3-44-00267-letter,L3-44-00267,letter,,,7,7,True,False,"{'v2': 0, 'v1': 7}","{'v1': 'Y', 'v2': 'P'}",letter,
L3-44-00268-letter,L3-44-00268,letter,,,4,4,True,False,"{'v2': 0, 'v1': 4}","{'v1': 'Z', 'v2': 'L'}",letter,
L3-44-00269-letter,L3-44-00269,letter,,,6,6,True,False,"{'v2': 0, 'v1': 6}","{'v1': 'B', 'v2': 'X'}",letter,
L3-44-00270-letter,L3-44-00270,letter,,,9,9,True,False,"{'v2': 0, 'v1': 9}","{'v1': 'W', 'v2': 'G'}",letter,
L3-44-00271-letter,L3-44-00271,letter,,,9,9,True,False,"{'v2': 2, 'v1': 9}","{'v1': 'X', 'v2': 'R'}",letter,
L3-44-00272-letter,L3-44-00272,letter,,,6,6,True,False,"{'v2': 0, 'v1': 6}","{'v1': 'Y', 'v2': 'S'}",letter,
L3-44-00273-letter,L3-44-00273,letter,,,8,8,True,False,"{'v2': 5, 'v1': 8}","{'v1': 'T', 'v2': 'L'}",letter,
L3-44-00274-letter,L3-44-00274,letter,,,7,7,True,False,"{'v2': 1, 'v1': 7}","{'v1': 'P', 'v2': 'T'}",letter,
L3-44-00275-letter,L3-44-00275,letter,,,6,6,True,False,"{'v2': 6, 'v1': 6}","{'v1': 'O', 'v2': 'L'}",letter,
L3-44-00276-letter,L3-44-00276,letter,,,4,4,True,False,"{'v2': 2, 'v1': 4}","{'v1': 'W', 'v2': 'F'}",letter,
L3-44-00277-letter,L3-44-00277,letter,,,6,6,True,False,"{'v2': 1, 'v1': 6}","{'v1': 'Q', 'v2': 'E'}",letter,
L3-44-00278-letter,L3-44-00278,letter,,,2,2,True,False,"{'v2': 7, 'v1': 2}","{'v1': 'N', 'v2': 'B'}",letter,
L3-44-00279-letter,L3-44-00279,letter,,,5,5,True,False,"{'v2': 1, 'v1': 5}","{'v1': 'N', 'v2': 'D'}",letter,
L3-44-00280-letter,L3-44-00280,letter,,,4,4,True,False,"{'v2': 2, 'v1': 4}","{'v1': 'C', 'v2': 'L'}",letter,
L3-44-00281-letter,L3-44-00281,letter,,,5,5,True,False,"{'v2': 2, 'v1': 5}","{'v1': 'S', 'v2': 'O'}",letter,
L3-44-00282-letter,L3-44-00282,letter,,,2,2,True,False,"{'v2': 6, 'v1': 2}","{'v1': 'X', 'v2': 'Z'}",letter,
L3-44-00283-letter,L3-44-00283,letter,,,8,8,True,False,"{'v2': 6, 'v1': 8}","{'v1': 'B', 'v2': 'X'}",letter,
L3-44-00284-letter,L3-44-00284,letter,,,3,3,True,False,"{'v2': 1, 'v1': 3}","{'v1': 'U', 'v2': 'E'}",letter,
L3-44-00285-letter,L3-44-00285,letter,,,9,9,True,False,"{'v2': 0, 'v1': 9}","{'v1': 'C', 'v2': 'W'}",letter,
L3-44-00286-letter,L3-44-00286,letter,,,2,2,True,False,"{'v2': 7, 'v1': 2}","{'v1': 'O', 'v2': 'B'}",letter,
L3-44-00287-letter,L3-44-00287,letter,,,2,2,True,False,"{'v2': 6, 'v1': 2}","{'v1': 'G', 'v2': 'L'}",letter,
L3-44-00288-letter,L3-44-00288,letter,,,8,8,True,False,"{'v2': 0, 'v1': 8}","{'v1': 'I', 'v2': 'W'}",letter,
L3-44-00289-letter,L3-44-00289,letter,,,3,3,True,False,"{'v2': 1, 'v1': 3}","{'v1': 'O', 'v2': 'R'}",letter,
L3-44-00290-letter,L3-44-00290,letter,,,7,7,True,False,"{'v2': 1, 'v1': 7}","{'v1': 'L', 'v2': 'H'}",letter,
L3-44-00291-letter,L3-44-00291,letter,,,5,5,True,False,"{'v2': 1, 'v1': 5}","{'v1': 'X', 'v2': 'Y'}",letter,
L3-44-00292-letter,L3-44-00292,letter,,,6,6,True,False,"{'v2': 1, 'v1': 6}","{'v1': 'O', 'v2': 'E'}",letter,
L3-44-00293-letter,L3-44-00293,letter,,,7,7,True,False,"{'v2': 0, 'v1': 7}","{'v1': 'S', 'v2': 'R'}",letter,
L3-44-00294-letter,L3-44-00294,letter,,,1,1,True,False,"{'v2': 1, 'v1': 1}","{'v1': 'R', 'v2': 'G'}",letter,
L3-44-00295-letter,L3-44-00295,letter,,,1,1,True,False,"{'v2': 1, 'v1': 1}","{'v1': 'M', 'v2': 'Q'}",letter,
L3-44-00296-letter,L3-44-00296,letter,,,1,1,True,False,"{'v2': 2, 'v1': 1}","{'v1': 'J', 'v2': 'I'}",letter,
L3-44-00297-letter,L3-44-00297,letter,,,4,4,True,False,"{'v2': 1, 'v1': 4}","{'v1': 'R', 'v2': 'I'}",letter,
L3-44-00298-letter,L3-44-00298,letter,,,6,6,True,False,"{'v2': 0, 'v1': 6}","{'v1': 'D', 'v2': 'V'}",letter,
L3-44-00299-letter,L3-44-00299,letter,,,3,3,True,False,"{'v2': 3, 'v1': 3}","{'v1': 'P', 'v2': 'U'}",letter,
L3-44-00300-letter,L3-44-00300,letter,,,7,7,True,False,"{'v2': 7, 'v1': 7}","{'v1': 'R', 'v2': 'J'}",letter,
L3-44-00301-letter,L3-44-00301,letter,,,0,0,True,False,"{'v2': 5, 'v1': 0}","{'v1': 'T', 'v2': 'R'}",letter,
L3-44-00302-letter,L3-44-00302,letter,,,0,0,True,False,"{'v2': 6, 'v1': 0}","{'v1': 'H', 'v2': 'K'}",letter,
L3-44-00303-letter,L3-44-00303,letter,,,1,1,True,False,"{'v2': 7, 'v1': 1}","{'v1': 'Q', 'v2': 'U'}",letter,
L3-44-00304-letter,L3-44-00304,letter,,,3,3,True,False,"{'v2': 0, 'v1': 3}","{'v1': 'T', 'v2': 'Y'}",letter,
L3-44-00305-letter,L3-44-00305,letter,,,4,4,True,False,"{'v2': 0, 'v1': 4}","{'v1': 'X', 'v2': 'M'}",letter,
L3-44-00306-letter,L3-44-00306,letter,,,6,6,True,False,"{'v2': 6, 'v1': 6}","{'v1': 'T', 'v2': 'O'}",letter,
L3-44-00307-letter,L3-44-00307,letter,,,7,7,True,False,"{'v2': 1, 'v1': 7}","{'v1': 'A', 'v2': 'R'}",letter,
L3-44-00308-letter,L3-44-00308,letter,,,3,3,True,False,"{'v2': 2, 'v1': 3}","{'v1': 'A', 'v2': 'K'}",letter,
L3-44-00309-letter,L3-44-00309,letter,,,9,9,True,False,"{'v2': 6, 'v1': 9}","{'v1': 'B', 'v2': 'J'}",letter,
L3-44-00310-letter,L3-44-00310,letter,,,9,9,True,False,"{'v2': 0, 'v1': 9}","{'v1': 'C', 'v2': 'R'}",letter,
L3-44-00311-letter,L3-44-00311,letter,,,2,2,True,False,"{'v2': 5, 'v1': 2}","{'v1': 'R', 'v2': 'Q'}",letter,
L3-44-00312-letter,L3-44-00312,letter,,,9,9,True,False,"{'v2': 1, 'v1': 9}","{'v1': 'E', 'v2': 'R'}",letter,
L3-44-00313-letter,L3-44-00313,letter,,,3,3,True,False,"{'v2': 2, 'v1': 3}","{'v1': 'N', 'v2': 'W'}",letter,
L3-44-00314-letter,L3-44-00314,letter,,,6,6,True,False,"{'v2': 1, 'v1': 6}","{'v1': 'V', 'v2': 'F'}",letter,
L3-44-00315-letter,L3-44-00315,letter,,,1,1,True,False,"{'v2': 1, 'v1': 1}","{'v1': 'V', 'v2': 'P'}",letter,
L3-44-00316-letter,L3-44-00316,letter,,,1,1,True,False,"{'v2': 1, 'v1': 1}","{'v1': 'L', 'v2': 'I'}",letter,
L3-44-00317-letter,L3-44-00317,letter,,,6,6,True,False,"{'v2': 5, 'v1': 6}","{'v1': 'Z', 'v2': 'T'}",letter,
L3-44-00318-letter,L3-44-00318,letter,,,9,9,True,False,"{'v2': 0, 'v1': 9}","{'v1': 'N', 'v2': 'Z'}",letter,
L3-44-00319-letter,L3-44-00319,letter,,,8,8,True,False,"{'v2': 1, 'v1': 8}","{'v1': 'P', 'v2': 'K'}",letter,
L3-44-00320-letter,L3-44-00320,letter,,,4,4,True,False,"{'v2': 3, 'v1': 4}","{'v1': 'Y', 'v2': 'F'}",letter,
L3-44-00321-letter,L3-44-00321,letter,,,1,1,True,False,"{'v2': 0, 'v1': 1}","{'v1': 'P', 'v2': 'V'}",letter,
L3-44-00322-letter,L3-44-00322,letter,,,9,9,True,False,"{'v2': 0, 'v1': 9}","{'v1': 'I', 'v2': 'C'}",letter,
L3-44-00323-letter,L3-44-00323,letter,,,4,4,True,False,"{'v2': 0, 'v1': 4}","{'v1': 'L', 'v2': 'S'}",letter,
L3-44-00324-letter,L3-44-00324,letter,,,8,8,True,False,"{'v2': 0, 'v1': 8}","{'v1': 'L', 'v2': 'W'}",letter,
L3-44-00325-letter,L3-44-00325,letter,,,7,7,True,False,"{'v2': 1, 'v1': 7}","{'v1': 'B', 'v2': 'F'}",letter,
L3-44-00326-letter,L3-44-00326,letter,,,7,7,True,False,"{'v2': 7, 'v1': 7}","{'v1': 'I', 'v2': 'N'}",letter,
L3-44-00327-letter,L3-44-00327,letter,,,8,8,True,False,"{'v2': 1, 'v1': 8}","{'v1': 'Z', 'v2': 'C'}",letter,
L3-44-00328-letter,L3-44-00328,letter,,,2,2,True,False,"{'v2': 1, 'v1': 2}","{'v1': 'C', 'v2': 'G'}",letter,
L3-44-00329-letter,L3-44-00329,letter,,,6,6,True,False,"{'v2': 3, 'v1': 6}","{'v1': 'V', 'v2': 'T'}",letter,
L3-44-00330-letter,L3-44-00330,letter,,,4,4,True,False,"{'v2': 2, 'v1': 4}","{'v1': 'C', 'v2': 'B'}",letter,
L3-44-00331-letter,L3-44-00331,letter,,,6,6,True,False,"{'v2': 6, 'v1': 6}","{'v1': 'B', 'v2': 'X'}",letter,
L3-44-00332-letter,L3-44-00332,letter,,,7,7,True,False,"{'v2': 1, 'v1': 7}","{'v1': 'A', 'v2': 'M'}",letter,
L3-44-00333-letter,L3-44-00333,letter,,,5,5,True,False,"{'v2': 3, 'v1': 5}","{'v1': 'Q', 'v2': 'T'}",letter,
L3-44-00334-letter,L3-44-00334,letter,,,2,2,True,False,"{'v2': 1, 'v1': 2}","{'v1': 'H', 'v2': 'T'}",letter,
L3-44-00335-letter,L3-44-00335,letter,,,8,8,True,False,"{'v2': 1, 'v1': 8}","{'v1': 'J', 'v2': 'M'}",letter,
L3-44-00336-letter,L3-44-00336,letter,,,0,0,True,False,"{'v2': 5, 'v1': 0}","{'v1': 'Z', 'v2': 'N'}",letter,
L3-44-00337-letter,L3-44-00337,letter,,,1,1,True,False,"{'v2': 2, 'v1': 1}","{'v1': 'Q', 'v2': 'K'}",letter,
L3-44-00338-letter,L3-44-00338,letter,,,4,4,True,False,"{'v2': 2, 'v1': 4}","{'v1': 'B', 'v2': 'D'}",letter,
L3-44-00339-letter,L3-44-00339,letter,,,5,5,True,False,"{'v2': 0, 'v1': 5}","{'v1': 'C', 'v2': 'K'}",letter,
L3-44-00340-letter,L3-44-00340,letter,,,0,0,True,False,"{'v2': 7, 'v1': 0}","{'v1': 'W', 'v2': 'T'}",letter,
L3-44-00341-letter,L3-44-00341,letter,,,1,1,True,False,"{'v2': 2, 'v1': 1}","{'v1': 'F', 'v2': 'C'}",letter,
L3-44-00342-letter,L3-44-00342,letter,,,1,1,True,False,"{'v2': 1, 'v1': 1}","{'v1': 'A', 'v2': 'C'}",letter,
L3-44-00343-letter,L3-44-00343,letter,,,5,5,True,False,"{'v2': 1, 'v1': 5}","{'v1': 'S', 'v2': 'Y'}",letter,
L3-44-00344-letter,L3-44-00344,letter,,,2,2,True,False,"{'v2': 3, 'v1': 2}","{'v1': 'X', 'v2': 'H'}",letter,
L3-44-00345-letter,L3-44-00345,letter,,,6,6,True,False,"{'v2': 6, 'v1': 6}","{'v1': 'G', 'v2': 'Y'}",letter,
L3-44-00346-letter,L3-44-00346,letter,,,2,2,True,False,"{'v2': 0, 'v1': 2}","{'v1': 'Q', 'v2': 'U'}",letter,
L3-44-00347-letter,L3-44-00347,letter,,,8,8,True,False,"{'v2': 5, 'v1': 8}","{'v1': 'D', 'v2': 'O'}",letter,
L3-44-00348-letter,L3-44-00348,letter,,,8,8,True,False,"{'v2': 7, 'v1': 8}","{'v1': 'T', 'v2': 'J'}",letter,
L3-44-00349-letter,L3-44-00349,letter,,,4,4,True,False,"{'v2': 0, 'v1': 4}","{'v1': 'X', 'v2': 'O'}",letter,
L3-44-00350-letter,L3-44-00350,letter,,,7,7,True,False,"{'v2': 7, 'v1': 7}","{'v1': 'H', 'v2': 'M'}",letter,
L3-44-00351-letter,L3-44-00351,letter,,,9,9,True,False,"{'v2': 7, 'v1': 9}","{'v1': 'K', 'v2': 'E'}",letter,
L3-44-00352-letter,L3-44-00352,letter,,,7,7,True,False,"{'v2': 2, 'v1': 7}","{'v1': 'O', 'v2': 'N'}",letter,
L3-44-00353-letter,L3-44-00353,letter,,,9,9,True,False,"{'v2': 1, 'v1': 9}","{'v1': 'O', 'v2': 'Q'}",letter,
L3-44-00354-letter,L3-44-00354,letter,,,8,8,True,False,"{'v2': 8, 'v1': 8}","{'v1': 'Q', 'v2': 'Z'}",letter,
L3-44-00355-letter,L3-44-00355,letter,,,1,1,True,False,"{'v2': 5, 'v1': 1}","{'v1': 'B', 'v2': 'W'}",letter,
L3-44-00356-letter,L3-44-00356,letter,,,4,4,True,False,"{'v2': 5, 'v1': 4}","{'v1': 'Y', 'v2': 'W'}",letter,
L3-44-00357-letter,L3-44-00357,letter,,,3,3,True,False,"{'v2': 1, 'v1': 3}","{'v1': 'C', 'v2': 'W'}",letter,
L3-44-00358-letter,L3-44-00358,letter,,,5,5,True,False,"{'v2': 3, 'v1': 5}","{'v1': 'F', 'v2': 'L'}",letter,
L3-44-00359-letter,L3-44-00359,letter,,,6,6,True,False,"{'v2': 6, 'v1': 6}","{'v1': 'E', 'v2': 'T'}",letter,
L3-44-00360-letter,L3-44-00360,letter,,,9,9,True,False,"{'v2': 0, 'v1': 9}","{'v1': 'O', 'v2': 'J'}",letter,
L3-44-00361-letter,L3-44-00361,letter,,,7,7,True,False,"{'v2': 0, 'v1': 7}","{'v1': 'L', 'v2': 'K'}",letter,
L3-44-00362-letter,L3-44-00362,letter,,,2,2,True,False,"{'v2': 0, 'v1': 2}","{'v1': 'R', 'v2': 'P'}",letter,
L3-44-00363-letter,L3-44-00363,letter,,,8,8,True,False,"{'v2': 1, 'v1': 8}","{'v1': 'I', 'v2': 'P'}",letter,
L3-44-00364-letter,L3-44-00364,letter,,,3,3,True,False,"{'v2': 2, 'v1': 3}","{'v1': 'U', 'v2': 'C'}",letter,
L3-44-00365-letter,L3-44-00365,letter,,,1,1,True,False,"{'v2': 6, 'v1': 1}","{'v1': 'B', 'v2': 'E'}",letter,
L3-44-00366-letter,L3-44-00366,letter,,,9,9,True,False,"{'v2': 0, 'v1': 9}","{'v1': 'F', 'v2': 'J'}",letter,
L3-44-00367-letter,L3-44-00367,letter,,,9,9,True,False,"{'v2': 7, 'v1': 9}","{'v1': 'A', 'v2': 'P'}",letter,
L3-44-00368-letter,L3-44-00368,letter,,,5,5,True,False,"{'v2': 1, 'v1': 5}","{'v1': 'R', 'v2': 'G'}",letter,
L3-44-00369-letter,L3-44-00369,letter,,,8,8,True,False,"{'v2': 5, 'v1': 8}","{'v1': 'Y', 'v2': 'K'}",letter,
L3-44-00370-letter,L3-44-00370,letter,,,6,6,True,False,"{'v2': 1, 'v1': 6}","{'v1': 'A', 'v2': 'N'}",letter,
L3-44-00371-letter,L3-44-00371,letter,,,1,1,True,False,"{'v2': 6, 'v1': 1}","{'v1': 'N', 'v2': 'V'}",letter,
L3-44-00372-letter,L3-44-00372,letter,,,9,9,True,False,"{'v2': 9, 'v1': 9}","{'v1': 'S', 'v2': 'C'}",letter,
L3-44-00373-letter,L3-44-00373,letter,,,2,2,True,False,"{'v2': 7, 'v1': 2}","{'v1': 'P', 'v2': 'Z'}",letter,
L3-44-00374-letter,L3-44-00374,letter,,,7,7,True,False,"{'v2': 5, 'v1': 7}","{'v1': 'H', 'v2': 'C'}",letter,
L3-44-00375-letter,L3-44-00375,letter,,,0,0,True,False,"{'v2': 8, 'v1': 0}","{'v1': 'K', 'v2': 'B'}",letter,
L3-44-00376-letter,L3-44-00376,letter,,,2,2,True,False,"{'v2': 0, 'v1': 2}","{'v1': 'V', 'v2': 'A'}",letter,
L3-44-00377-letter,L3-44-00377,letter,,,8,8,True,False,"{'v2': 8, 'v1': 8}","{'v1': 'W', 'v2': 'U'}",letter,
L3-44-00378-letter,L3-44-00378,letter,,,0,0,True,False,"{'v2': 9, 'v1': 0}","{'v1': 'P', 'v2': 'S'}",letter,
L3-44-00379-letter,L3-44-00379,letter,,,2,2,True,False,"{'v2': 0, 'v1': 2}","{'v1': 'U', 'v2': 'H'}",letter,
L3-44-00380-letter,L3-44-00380,letter,,,5,5,True,False,"{'v2': 5, 'v1': 5}","{'v1': 'E', 'v2': 'Q'}",letter,
L3-44-00381-letter,L3-44-00381,letter,,,0,0,True,False,"{'v2': 6, 'v1': 0}","{'v1': 'P', 'v2': 'A'}",letter,
L3-44-00382-letter,L3-44-00382,letter,,,7,7,True,False,"{'v2': 1, 'v1': 7}","{'v1': 'K', 'v2': 'N'}",letter,
L3-44-00383-letter,L3-44-00383,letter,,,8,8,True,False,"{'v2': 6, 'v1': 8}","{'v1': 'W', 'v2': 'U'}",letter,
L3-44-00384-letter,L3-44-00384,letter,,,6,6,True,False,"{'v2': 0, 'v1': 6}","{'v1': 'J', 'v2': 'Y'}",letter,
L3-44-00385-letter,L3-44-00385,letter,,,3,3,True,False,"{'v2': 2, 'v1': 3}","{'v1': 'T', 'v2': 'V'}",letter,
L3-44-00386-letter,L3-44-00386,letter,,,8,8,True,False,"{'v2': 2, 'v1': 8}","{'v1': 'E', 'v2': 'G'}",letter,
L3-44-00387-letter,L3-44-00387,letter,,,3,3,True,False,"{'v2': 6, 'v1': 3}","{'v1': 'M', 'v2': 'H'}",letter,
L3-44-00388-letter,L3-44-00388,letter,,,4,4,True,False,"{'v2': 0, 'v1': 4}","{'v1': 'G', 'v2': 'T'}",letter,
L3-44-00389-letter,L3-44-00389,letter,,,3,3,True,False,"{'v2': 2, 'v1': 3}","{'v1': 'J', 'v2': 'T'}",letter,
L3-44-00390-letter,L3-44-00390,letter,,,7,7,True,False,"{'v2': 7, 'v1': 7}","{'v1': 'V', 'v2': 'L'}",letter,
L3-44-00391-letter,L3-44-00391,letter,,,3,3,True,False,"{'v2': 3, 'v1': 3}","{'v1': 'W', 'v2': 'M'}",letter,
L3-44-00392-letter,L3-44-00392,letter,,,3,3,True,False,"{'v2': 6, 'v1': 3}","{'v1': 'V', 'v2': 'W'}",letter,
L3-44-00393-letter,L3-44-00393,letter,,,5,5,True,False,"{'v2': 2, 'v1': 5}","{'v1': 'E', 'v2': 'J'}",letter,
L3-44-00394-letter,L3-44-00394,letter,,,2,2,True,False,"{'v2': 7, 'v1': 2}","{'v1': 'D', 'v2': 'R'}",letter,
L3-44-00395-letter,L3-44-00395,letter,,,0,0,True,False,"{'v2': 2, 'v1': 0}","{'v1': 'B', 'v2': 'Q'}",letter,
L3-44-00396-letter,L3-44-00396,letter,,,4,4,True,False,"{'v2': 1, 'v1': 4}","{'v1': 'F', 'v2': 'H'}",letter,
L3-44-00397-letter,L3-44-00397,letter,,,3,3,True,False,"{'v2': 5, 'v1': 3}","{'v1': 'R', 'v2': 'G'}",letter,
L3-44-00398-letter,L3-44-00398,letter,,,6,6,True,False,"{'v2': 2, 'v1': 6}","{'v1': 'I', 'v2': 'A'}",letter,
L3-44-00399-letter,L3-44-00399,letter,,,5,5,True,False,"{'v2': 3, 'v1': 5}","{'v1': 'L', 'v2': 'G'}",letter,
L3-44-00400-letter,L3-44-00400,letter,,,8,8,True,False,"{'v2': 6, 'v1': 8}","{'v1': 'D', 'v2': 'Z'}",letter,
L3-44-00401-letter,L3-44-00401,letter,,,4,4,True,False,"{'v2': 1, 'v1': 4}","{'v1': 'T', 'v2': 'E'}",letter,
L3-44-00402-letter,L3-44-00402,letter,,,2,2,True,False,"{'v2': 1, 'v1': 2}","{'v1': 'Y', 'v2': 'E'}",letter,
L3-44-00403-letter,L3-44-00403,letter,,,8,8,True,False,"{'v2': 7, 'v1': 8}","{'v1': 'Y', 'v2': 'K'}",letter,
L3-44-00404-letter,L3-44-00404,letter,,,0,0,True,False,"{'v2': 1, 'v1': 0}","{'v1': 'F', 'v2': 'L'}",letter,
L3-44-00405-letter,L3-44-00405,letter,,,1,1,True,False,"{'v2': 6, 'v1': 1}","{'v1': 'R', 'v2': 'S'}",letter,
L3-44-00406-letter,L3-44-00406,letter,,,5,5,True,False,"{'v2': 2, 'v1': 5}","{'v1': 'U', 'v2': 'Y'}",letter,
L3-44-00407-letter,L3-44-00407,letter,,,4,4,True,False,"{'v2': 0, 'v1': 4}","{'v1': 'F', 'v2': 'O'}",letter,
L3-44-00408-letter,L3-44-00408,letter,,,4,4,True,False,"{'v2': 5, 'v1': 4}","{'v1': 'Q', 'v2': 'L'}",letter,
L3-44-00409-letter,L3-44-00409,letter,,,3,3,True,False,"{'v2': 6, 'v1': 3}","{'v1': 'W', 'v2': 'C'}",letter,
L3-44-00410-letter,L3-44-00410,letter,,,9,9,True,False,"{'v2': 3, 'v1': 9}","{'v1': 'Y', 'v2': 'A'}",letter,
L3-44-00411-letter,L3-44-00411,letter,,,7,7,True,False,"{'v2': 1, 'v1': 7}","{'v1': 'N', 'v2': 'W'}",letter,
L3-44-00412-letter,L3-44-00412,letter,,,3,3,True,False,"{'v2': 0, 'v1': 3}","{'v1': 'N', 'v2': 'W'}",letter,
L3-44-00413-letter,L3-44-00413,letter,,,3,3,True,False,"{'v2': 1, 'v1': 3}","{'v1': 'U', 'v2': 'B'}",letter,
L3-44-00414-letter,L3-44-00414,letter,,,1,1,True,False,"{'v2': 3, 'v1': 1}","{'v1': 'L', 'v2': 'Q'}",letter,
L3-44-00415-letter,L3-44-00415,letter,,,9,9,True,False,"{'v2': 6, 'v1': 9}","{'v1': 'Z', 'v2': 'L'}",letter,
L3-44-00416-letter,L3-44-00416,letter,,,4,4,True,False,"{'v2': 2, 'v1': 4}","{'v1': 'T', 'v2': 'K'}",letter,
L3-44-00417-letter,L3-44-00417,letter,,,5,5,True,False,"{'v2': 0, 'v1': 5}","{'v1': 'W', 'v2': 'Q'}",letter,
L3-44-00418-letter,L3-44-00418,letter,,,2,2,True,False,"{'v2': 0, 'v1': 2}","{'v1': 'E', 'v2': 'U'}",letter,
L3-44-00419-letter,L3-44-00419,letter,,,0,-1,False,False,"{'v2': 1, 'v1': 0}","{'v1': 'C', 'v2': 'Y'}",letter,
L3-44-00420-letter,L3-44-00420,letter,,,3,3,True,False,"{'v2': 5, 'v1': 3}","{'v1': 'M', 'v2': 'C'}",letter,
L3-44-00421-letter,L3-44-00421,letter,,,2,2,True,False,"{'v2': 5, 'v1': 2}","{'v1': 'Q', 'v2': 'S'}",letter,
L3-44-00422-letter,L3-44-00422,letter,,,6,6,True,False,"{'v2': 3, 'v1': 6}","{'v1': 'M', 'v2': 'H'}",letter,
L3-44-00423-letter,L3-44-00423,letter,,,2,2,True,False,"{'v2': 3, 'v1': 2}","{'v1': 'W', 'v2': 'C'}",letter,
L3-44-00424-letter,L3-44-00424,letter,,,1,1,True,False,"{'v2': 5, 'v1': 1}","{'v1': 'K', 'v2': 'Y'}",letter,
L3-44-00425-letter,L3-44-00425,letter,,,8,8,True,False,"{'v2': 0, 'v1': 8}","{'v1': 'E', 'v2': 'L'}",letter,
L3-44-00426-letter,L3-44-00426,letter,,,4,4,True,False,"{'v2': 1, 'v1': 4}","{'v1': 'H', 'v2': 'U'}",letter,
L3-44-00427-letter,L3-44-00427,letter,,,4,4,True,False,"{'v2': 5, 'v1': 4}","{'v1': 'X', 'v2': 'D'}",letter,
L3-44-00428-letter,L3-44-00428,letter,,,4,4,True,False,"{'v2': 2, 'v1': 4}","{'v1': 'B', 'v2': 'U'}",letter,
L3-44-00429-letter,L3-44-00429,letter,,,1,1,True,False,"{'v2': 7, 'v1': 1}","{'v1': 'I', 'v2': 'E'}",letter,
L3-44-00430-letter,L3-44-00430,letter,,,1,1,True,False,"{'v2': 5, 'v1': 1}","{'v1': 'R', 'v2': 'C'}",letter,
L3-44-00431-letter,L3-44-00431,letter,,,1,1,True,False,"{'v2': 1, 'v1': 1}","{'v1': 'Q', 'v2': 'J'}",letter,
L3-44-00432-letter,L3-44-00432,letter,,,7,7,True,False,"{'v2': 3, 'v1': 7}","{'v1': 'U', 'v2': 'V'}",letter,
L3-44-00433-letter,L3-44-00433,letter,,,6,6,True,False,"{'v2': 1, 'v1': 6}","{'v1': 'B', 'v2': 'M'}",letter,
L3-44-00434-letter,L3-44-00434,letter,,,1,1,True,False,"{'v2': 6, 'v1': 1}","{'v1': 'D', 'v2': 'Z'}",letter,
L3-44-00435-letter,L3-44-00435,letter,,,8,8,True,False,"{'v2': 8, 'v1': 8}","{'v1': 'S', 'v2': 'M'}",letter,
L3-44-00436-letter,L3-44-00436,letter,,,2,2,True,False,"{'v2': 2, 'v1': 2}","{'v1': 'R', 'v2': 'H'}",letter,
L3-44-00437-letter,L3-44-00437,letter,,,6,6,True,False,"{'v2': 0, 'v1': 6}","{'v1': 'C', 'v2': 'R'}",letter,
L3-44-00438-letter,L3-44-00438,letter,,,2,2,True,False,"{'v2': 7, 'v1': 2}","{'v1': 'U', 'v2': 'M'}",letter,
L3-44-00439-letter,L3-44-00439,letter,,,2,2,True,False,"{'v2': 5, 'v1': 2}","{'v1': 'V', 'v2': 'N'}",letter,
L3-44-00440-letter,L3-44-00440,letter,,,4,4,True,False,"{'v2': 3, 'v1': 4}","{'v1': 'E', 'v2': 'A'}",letter,
L3-44-00441-letter,L3-44-00441,letter,,,1,1,True,False,"{'v2': 2, 'v1': 1}","{'v1': 'C', 'v2': 'B'}",letter,
L3-44-00442-letter,L3-44-00442,letter,,,5,5,True,False,"{'v2': 1, 'v1': 5}","{'v1': 'V', 'v2': 'K'}",letter,
L3-44-00443-letter,L3-44-00443,letter,,,6,6,True,False,"{'v2': 3, 'v1': 6}","{'v1': 'J', 'v2': 'Z'}",letter,
L3-44-00444-letter,L3-44-00444,letter,,,2,2,True,False,"{'v2': 1, 'v1': 2}","{'v1': 'P', 'v2': 'C'}",letter,
L3-44-00445-letter,L3-44-00445,letter,,,9,9,True,False,"{'v2': 0, 'v1': 9}","{'v1': 'K', 'v2': 'T'}",letter,
L3-44-00446-letter,L3-44-00446,letter,,,1,1,True,False,"{'v2': 1, 'v1': 1}","{'v1': 'L', 'v2': 'A'}",letter,
L3-44-00447-letter,L3-44-00447,letter,,,7,7,True,False,"{'v2': 1, 'v1': 7}","{'v1': 'B', 'v2': 'Q'}",letter,
L3-44-00448-letter,L3-44-00448,letter,,,9,8,False,False,"{'v2': 0, 'v1': 9}","{'v1': 'U', 'v2': 'X'}",letter,
L3-44-00449-letter,L3-44-00449,letter,,,1,1,True,False,"{'v2': 8, 'v1': 1}","{'v1': 'O', 'v2': 'I'}",letter,
L3-44-00450-letter,L3-44-00450,letter,,,0,0,True,False,"{'v2': 7, 'v1': 0}","{'v1': 'G', 'v2': 'K'}",letter,
L3-44-00451-letter,L3-44-00451,letter,,,7,7,True,False,"{'v2': 1, 'v1': 7}","{'v1': 'S', 'v2': 'L'}",letter,
L3-44-00452-letter,L3-44-00452,letter,,,6,6,True,False,"{'v2': 0, 'v1': 6}","{'v1': 'P', 'v2': 'M'}",letter,
L3-44-00453-letter,L3-44-00453,letter,,,7,7,True,False,"{'v2': 0, 'v1': 7}","{'v1': 'E', 'v2': 'Y'}",letter,
L3-44-00454-letter,L3-44-00454,letter,,,6,6,True,False,"{'v2': 1, 'v1': 6}","{'v1': 'L', 'v2': 'I'}",letter,
L3-44-00455-letter,L3-44-00455,letter,,,9,9,True,False,"{'v2': 9, 'v1': 9}","{'v1': 'W', 'v2': 'N'}",letter,
L3-44-00456-letter,L3-44-00456,letter,,,7,7,True,False,"{'v2': 0, 'v1': 7}","{'v1': 'D', 'v2': 'V'}",letter,
L3-44-00457-letter,L3-44-00457,letter,,,9,9,True,False,"{'v2': 9, 'v1': 9}","{'v1': 'D', 'v2': 'E'}",letter,
L3-44-00458-letter,L3-44-00458,letter,,,5,5,True,False,"{'v2': 0, 'v1': 5}","{'v1': 'P', 'v2': 'U'}",letter,
L3-44-00459-letter,L3-44-00459,letter,,,4,4,True,False,"{'v2': 0, 'v1': 4}","{'v1': 'Y', 'v2': 'R'}",letter,
L3-44-00460-letter,L3-44-00460,letter,,,8,8,True,False,"{'v2': 1, 'v1': 8}","{'v1': 'H', 'v2': 'T'}",letter,
L3-44-00461-letter,L3-44-00461,letter,,,1,1,True,False,"{'v2': 3, 'v1': 1}","{'v1': 'S', 'v2': 'Y'}",letter,
L3-44-00462-letter,L3-44-00462,letter,,,9,9,True,False,"{'v2': 9, 'v1': 9}","{'v1': 'X', 'v2': 'M'}",letter,
L3-44-00463-letter,L3-44-00463,letter,,,6,6,True,False,"{'v2': 0, 'v1': 6}","{'v1': 'I', 'v2': 'Z'}",letter,
L3-44-00464-letter,L3-44-00464,letter,,,4,4,True,False,"{'v2': 2, 'v1': 4}","{'v1': 'R', 'v2': 'P'}",letter,
L3-44-00465-letter,L3-44-00465,letter,,,1,1,True,False,"{'v2': 7, 'v1': 1}","{'v1': 'Q', 'v2': 'W'}",letter,
L3-44-00466-letter,L3-44-00466,letter,,,2,2,True,False,"{'v2': 2, 'v1': 2}","{'v1': 'T', 'v2': 'F'}",letter,
L3-44-00467-letter,L3-44-00467,letter,,,5,5,True,False,"{'v2': 1, 'v1': 5}","{'v1': 'M', 'v2': 'J'}",letter,
L3-44-00468-letter,L3-44-00468,letter,,,8,8,True,False,"{'v2': 7, 'v1': 8}","{'v1': 'H', 'v2': 'J'}",letter,
L3-44-00469-letter,L3-44-00469,letter,,,2,2,True,False,"{'v2': 7, 'v1': 2}","{'v1': 'S', 'v2': 'U'}",letter,
L3-44-00470-letter,L3-44-00470,letter,,,0,0,True,False,"{'v2': 9, 'v1': 0}","{'v1': 'Y', 'v2': 'Z'}",letter,
L3-44-00471-letter,L3-44-00471,letter,,,1,1,True,False,"{'v2': 0, 'v1': 1}","{'v1': 'X', 'v2': 'A'}",letter,
L3-44-00472-letter,L3-44-00472,letter,,,0,0,True,False,"{'v2': 0, 'v1': 0}","{'v1': 'Z', 'v2': 'S'}",letter,
L3-44-00473-letter,L3-44-00473,letter,,,5,5,True,False,"{'v2': 1, 'v1': 5}","{'v1': 'M', 'v2': 'P'}",letter,
L3-44-00474-letter,L3-44-00474,letter,,,3,3,True,False,"{'v2': 1, 'v1': 3}","{'v1': 'W', 'v2': 'S'}",letter,
L3-44-00475-letter,L3-44-00475,letter,,,2,2,True,False,"{'v2': 1, 'v1': 2}","{'v1': 'M', 'v2': 'D'}",letter,
L3-44-00476-letter,L3-44-00476,letter,,,9,9,True,False,"{'v2': 9, 'v1': 9}","{'v1': 'V', 'v2': 'T'}",letter,
L3-44-00477-letter,L3-44-00477,letter,,,5,5,True,False,"{'v2': 1, 'v1': 5}","{'v1': 'J', 'v2': 'M'}",letter,
L3-44-00478-letter,L3-44-00478,letter,,,9,9,True,False,"{'v2': 1, 'v1': 9}","{'v1': 'I', 'v2': 'G'}",letter,
L3-44-00479-letter,L3-44-00479,letter,,,0,0,True,False,"{'v2': 2, 'v1': 0}","{'v1': 'C', 'v2': 'Y'}",letter,
L3-44-00480-letter,L3-44-00480,letter,,,7,7,True,False,"{'v2': 7, 'v1': 7}","{'v1': 'K', 'v2': 'S'}",letter,
L3-44-00481-letter,L3-44-00481,letter,,,3,3,True,False,"{'v2': 2, 'v1': 3}","{'v1': 'Y', 'v2': 'M'}",letter,
L3-44-00482-letter,L3-44-00482,letter,,,7,7,True,False,"{'v2': 5, 'v1': 7}","{'v1': 'E', 'v2': 'B'}",letter,
L3-44-00483-letter,L3-44-00483,letter,,,9,9,True,False,"{'v2': 5, 'v1': 9}","{'v1': 'V', 'v2': 'W'}",letter,
L3-44-00484-letter,L3-44-00484,letter,,,6,6,True,False,"{'v2': 6, 'v1': 6}","{'v1': 'K', 'v2': 'C'}",letter,
L3-44-00485-letter,L3-44-00485,letter,,,1,1,True,False,"{'v2': 0, 'v1': 1}","{'v1': 'Z', 'v2': 'P'}",letter,
L3-44-00486-letter,L3-44-00486,letter,,,3,3,True,False,"{'v2': 2, 'v1': 3}","{'v1': 'B', 'v2': 'Y'}",letter,
L3-44-00487-letter,L3-44-00487,letter,,,7,7,True,False,"{'v2': 2, 'v1': 7}","{'v1': 'D', 'v2': 'C'}",letter,
L3-44-00488-letter,L3-44-00488,letter,,,2,2,True,False,"{'v2': 7, 'v1': 2}","{'v1': 'P', 'v2': 'O'}",letter,
L3-44-00489-letter,L3-44-00489,letter,,,0,0,True,False,"{'v2': 7, 'v1': 0}","{'v1': 'Q', 'v2': 'I'}",letter,
L3-44-00490-letter,L3-44-00490,letter,,,0,0,True,False,"{'v2': 0, 'v1': 0}","{'v1': 'A', 'v2': 'V'}",letter,
L3-44-00491-letter,L3-44-00491,letter,,,2,2,True,False,"{'v2': 7, 'v1': 2}","{'v1': 'S', 'v2': 'F'}",letter,
L3-44-00492-letter,L3-44-00492,letter,,,9,9,True,False,"{'v2': 2, 'v1': 9}","{'v1': 'G', 'v2': 'U'}",letter,
L3-44-00493-letter,L3-44-00493,letter,,,1,1,True,False,"{'v2': 6, 'v1': 1}","{'v1': 'O', 'v2': 'W'}",letter,
L3-44-00494-letter,L3-44-00494,letter,,,1,1,True,False,"{'v2': 7, 'v1': 1}","{'v1': 'T', 'v2': 'C'}",letter,
L3-44-00495-letter,L3-44-00495,letter,,,3,3,True,False,"{'v2': 5, 'v1': 3}","{'v1': 'B', 'v2': 'Y'}",letter,
L3-44-00496-letter,L3-44-00496,letter,,,9,9,True,False,"{'v2': 1, 'v1': 9}","{'v1': 'Z', 'v2': 'M'}",letter,
L3-44-00497-letter,L3-44-00497,letter,,,7,7,True,False,"{'v2': 1, 'v1': 7}","{'v1': 'H', 'v2': 'Y'}",letter,
L3-44-00498-letter,L3-44-00498,letter,,,0,0,True,False,"{'v2': 5, 'v1': 0}","{'v1': 'H', 'v2': 'L'}",letter,
L3-44-00499-letter,L3-44-00499,letter,,,0,0,True,False,"{'v2': 0, 'v1': 0}","{'v1': 'I', 'v2': 'V'}",letter,
L3-44-00500-letter,L3-44-00500,letter,,,2,2,True,False,"{'v2': 2, 'v1': 2}","{'v1': 'F', 'v2': 'P'}",letter,
L3-44-00501-letter,L3-44-00501,letter,,,9,9,True,False,"{'v2': 1, 'v1': 9}","{'v1': 'K', 'v2': 'U'}",letter,
L3-44-00502-letter,L3-44-00502,letter,,,6,6,True,False,"{'v2': 5, 'v1': 6}","{'v1': 'A', 'v2': 'Y'}",letter,
L3-44-00503-letter,L3-44-00503,letter,,,0,0,True,False,"{'v2': 0, 'v1': 0}","{'v1': 'V', 'v2': 'P'}",letter,
L3-44-00504-letter,L3-44-00504,letter,,,1,1,True,False,"{'v2': 1, 'v1': 1}","{'v1': 'V', 'v2': 'U'}",letter,
L3-44-00505-letter,L3-44-00505,letter,,,2,2,True,False,"{'v2': 5, 'v1': 2}","{'v1': 'A', 'v2': 'C'}",letter,
L3-44-00506-letter,L3-44-00506,letter,,,9,9,True,False,"{'v2': 6, 'v1': 9}","{'v1': 'V', 'v2': 'G'}",letter,
L3-44-00507-letter,L3-44-00507,letter,,,9,9,True,False,"{'v2': 5, 'v1': 9}","{'v1': 'Y', 'v2': 'U'}",letter,
L3-44-00508-letter,L3-44-00508,letter,,,5,-1,False,False,"{'v2': 0, 'v1': 5}","{'v1': 'T', 'v2': 'O'}",letter,
L3-44-00509-letter,L3-44-00509,letter,,,3,3,True,False,"{'v2': 2, 'v1': 3}","{'v1': 'T', 'v2': 'P'}",letter,
L3-44-00510-letter,L3-44-00510,letter,,,1,1,True,False,"{'v2': 5, 'v1': 1}","{'v1': 'G', 'v2': 'N'}",letter,
L3-44-00511-letter,L3-44-00511,letter,,,5,5,True,False,"{'v2': 3, 'v1': 5}","{'v1': 'A', 'v2': 'S'}",letter,
L3-44-00512-letter,L3-44-00512,letter,,,5,5,True,False,"{'v2': 2, 'v1': 5}","{'v1': 'Y', 'v2': 'W'}",letter,
L3-44-00513-letter,L3-44-00513,letter,,,4,4,True,False,"{'v2': 2, 'v1': 4}","{'v1': 'Q', 'v2': 'Z'}",letter,
L3-44-00514-letter,L3-44-00514,letter,,,3,3,True,False,"{'v2': 0, 'v1': 3}","{'v1': 'X', 'v2': 'V'}",letter,
L3-44-00515-letter,L3-44-00515,letter,,,5,5,True,False,"{'v2': 1, 'v1': 5}","{'v1': 'P', 'v2': 'M'}",letter,
L3-44-00516-letter,L3-44-00516,letter,,,1,1,True,False,"{'v2': 1, 'v1': 1}","{'v1': 'A', 'v2': 'E'}",letter,
L3-44-00517-letter,L3-44-00517,letter,,,2,2,True,False,"{'v2': 0, 'v1': 2}","{'v1': 'K', 'v2': 'D'}",letter,
L3-44-00518-letter,L3-44-00518,letter,,,3,3,True,False,"{'v2': 2, 'v1': 3}","{'v1': 'S', 'v2': 'N'}",letter,
L3-44-00519-letter,L3-44-00519,letter,,,4,4,True,False,"{'v2': 5, 'v1': 4}","{'v1': 'S', 'v2': 'Y'}",letter,
L3-44-00520-letter,L3-44-00520,letter,,,7,7,True,False,"{'v2': 2, 'v1': 7}","{'v1': 'J', 'v2': 'O'}",letter,
L3-44-00521-letter,L3-44-00521,letter,,,3,3,True,False,"{'v2': 1, 'v1': 3}","{'v1': 'M', 'v2': 'U'}",letter,
L3-44-00522-letter,L3-44-00522,letter,,,0,0,True,False,"{'v2': 7, 'v1': 0}","{'v1': 'R', 'v2': 'E'}",letter,
L3-44-00523-letter,L3-44-00523,letter,,,7,7,True,False,"{'v2': 1, 'v1': 7}","{'v1': 'D', 'v2': 'C'}",letter,
L3-44-00524-letter,L3-44-00524,letter,,,5,5,True,False,"{'v2': 0, 'v1': 5}","{'v1': 'L', 'v2': 'H'}",letter,
L3-44-00525-letter,L3-44-00525,letter,,,0,0,True,False,"{'v2': 0, 'v1': 0}","{'v1': 'F', 'v2': 'Q'}",letter,
L3-44-00526-letter,L3-44-00526,letter,,,1,1,True,False,"{'v2': 5, 'v1': 1}","{'v1': 'T', 'v2': 'J'}",letter,
L3-44-00527-letter,L3-44-00527,letter,,,7,7,True,False,"{'v2': 1, 'v1': 7}","{'v1': 'Z', 'v2': 'C'}",letter,
L3-44-00528-letter,L3-44-00528,letter,,,0,0,True,False,"{'v2': 7, 'v1': 0}","{'v1': 'P', 'v2': 'V'}",letter,
L3-44-00529-letter,L3-44-00529,letter,,,2,2,True,False,"{'v2': 1, 'v1': 2}","{'v1': 'R', 'v2': 'L'}",letter,
L3-44-00530-letter,L3-44-00530,letter,,,2,2,True,False,"{'v2': 6, 'v1': 2}","{'v1': 'G', 'v2': 'N'}",letter,
L3-44-00531-letter,L3-44-00531,letter,,,8,8,True,False,"{'v2': 8, 'v1': 8}","{'v1': 'J', 'v2': 'B'}",letter,
L3-44-00532-letter,L3-44-00532,letter,,,0,-1,False,False,"{'v2': 1, 'v1': 0}","{'v1': 'L', 'v2': 'R'}",letter,
L3-44-00533-letter,L3-44-00533,letter,,,9,9,True,False,"{'v2': 7, 'v1': 9}","{'v1': 'I', 'v2': 'A'}",letter,
L3-44-00534-letter,L3-44-00534,letter,,,6,6,True,False,"{'v2': 1, 'v1': 6}","{'v1': 'R', 'v2': 'I'}",letter,
L3-44-00535-letter,L3-44-00535,letter,,,3,3,True,False,"{'v2': 0, 'v1': 3}","{'v1': 'I', 'v2': 'D'}",letter,
L3-44-00536-letter,L3-44-00536,letter,,,9,9,True,False,"{'v2': 8, 'v1': 9}","{'v1': 'P', 'v2': 'G'}",letter,
L3-44-00537-letter,L3-44-00537,letter,,,0,0,True,False,"{'v2': 0, 'v1': 0}","{'v1': 'R', 'v2': 'Q'}",letter,
L3-44-00538-letter,L3-44-00538,letter,,,1,1,True,False,"{'v2': 3, 'v1': 1}","{'v1': 'U', 'v2': 'E'}",letter,
L3-44-00539-letter,L3-44-00539,letter,,,3,3,True,False,"{'v2': 0, 'v1': 3}","{'v1': 'G', 'v2': 'B'}",letter,
L3-44-00540-letter,L3-44-00540,letter,,,4,4,True,False,"{'v2': 2, 'v1': 4}","{'v1': 'J', 'v2': 'V'}",letter,
L3-44-00541-letter,L3-44-00541,letter,,,0,0,True,False,"{'v2': 6, 'v1': 0}","{'v1': 'B', 'v2': 'P'}",letter,
L3-44-00542-letter,L3-44-00542,letter,,,8,8,True,False,"{'v2': 5, 'v1': 8}","{'v1': 'M', 'v2': 'D'}",letter,
L3-44-00543-letter,L3-44-00543,letter,,,5,5,True,False,"{'v2': 1, 'v1': 5}","{'v1': 'X', 'v2': 'C'}",letter,
L3-44-00544-letter,L3-44-00544,letter,,,2,2,True,False,"{'v2': 0, 'v1': 2}","{'v1': 'R', 'v2': 'A'}",letter,
L3-44-00545-letter,L3-44-00545,letter,,,7,7,True,False,"{'v2': 1, 'v1': 7}","{'v1': 'O', 'v2': 'S'}",letter,
L3-44-00546-letter,L3-44-00546,letter,,,9,9,True,False,"{'v2': 1, 'v1': 9}","{'v1': 'J', 'v2': 'M'}",letter,
L3-44-00547-letter,L3-44-00547,letter,,,1,1,True,False,"{'v2': 6, 'v1': 1}","{'v1': 'I', 'v2': 'Z'}",letter,
L3-44-00548-letter,L3-44-00548,letter,,,4,4,True,False,"{'v2': 5, 'v1': 4}","{'v1': 'Q', 'v2': 'X'}",letter,
L3-44-00549-letter,L3-44-00549,letter,,,5,5,True,False,"{'v2': 0, 'v1': 5}","{'v1': 'M', 'v2': 'A'}",letter,
L3-44-00550-letter,L3-44-00550,letter,,,4,4,True,False,"{'v2': 5, 'v1': 4}","{'v1': 'G', 'v2': 'E'}",letter,
L3-44-00551-letter,L3-44-00551,letter,,,2,2,True,False,"{'v2': 0, 'v1': 2}","{'v1': 'S', 'v2': 'I'}",letter,
L3-44-00552-letter,L3-44-00552,letter,,,1,1,True,False,"{'v2': 2, 'v1': 1}","{'v1': 'D', 'v2': 'P'}",letter,
L3-44-00553-letter,L3-44-00553,letter,,,7,7,True,False,"{'v2': 1, 'v1': 7}","{'v1': 'E', 'v2': 'I'}",letter,
L3-44-00554-letter,L3-44-00554,letter,,,7,7,True,False,"{'v2': 0, 'v1': 7}","{'v1': 'S', 'v2': 'Z'}",letter,
L3-44-00555-letter,L3-44-00555,letter,,,7,7,True,False,"{'v2': 1, 'v1': 7}","{'v1': 'B', 'v2': 'W'}",letter,
L3-44-00556-letter,L3-44-00556,letter,,,1,1,True,False,"{'v2': 7, 'v1': 1}","{'v1': 'J', 'v2': 'Z'}",letter,
L3-44-00557-letter,L3-44-00557,letter,,,7,7,True,False,"{'v2': 2, 'v1': 7}","{'v1': 'P', 'v2': 'Q'}",letter,
L3-44-00558-letter,L3-44-00558,letter,,,4,4,True,False,"{'v2': 2, 'v1': 4}","{'v1': 'L', 'v2': 'Z'}",letter,
L3-44-00559-letter,L3-44-00559,letter,,,4,4,True,False,"{'v2': 0, 'v1': 4}","{'v1': 'A', 'v2': 'E'}",letter,
L3-44-00560-letter,L3-44-00560,letter,,,5,5,True,False,"{'v2': 1, 'v1': 5}","{'v1': 'A', 'v2': 'S'}",letter,
L3-44-00561-letter,L3-44-00561,letter,,,8,8,True,False,"{'v2': 1, 'v1': 8}","{'v1': 'T', 'v2': 'D'}",letter,
L3-44-00562-letter,L3-44-00562,letter,,,5,5,True,False,"{'v2': 2, 'v1': 5}","{'v1': 'F', 'v2': 'B'}",letter,
L3-44-00563-letter,L3-44-00563,letter,,,9,9,True,False,"{'v2': 7, 'v1': 9}","{'v1': 'K', 'v2': 'T'}",letter,
L3-44-00564-letter,L3-44-00564,letter,,,1,1,True,False,"{'v2': 1, 'v1': 1}","{'v1': 'S', 'v2': 'K'}",letter,
L3-44-00565-letter,L3-44-00565,letter,,,2,2,True,False,"{'v2': 2, 'v1': 2}","{'v1': 'H', 'v2': 'G'}",letter,
L3-44-00566-letter,L3-44-00566,letter,,,7,7,True,False,"{'v2': 6, 'v1': 7}","{'v1': 'N', 'v2': 'Q'}",letter,
L3-44-00567-letter,L3-44-00567,letter,,,0,0,True,False,"{'v2': 6, 'v1': 0}","{'v1': 'J', 'v2': 'Z'}",letter,
L3-44-00568-letter,L3-44-00568,letter,,,8,8,True,False,"{'v2': 6, 'v1': 8}","{'v1': 'I', 'v2': 'Y'}",letter,
L3-44-00569-letter,L3-44-00569,letter,,,3,3,True,False,"{'v2': 0, 'v1': 3}","{'v1': 'Z', 'v2': 'W'}",letter,
L3-44-00570-letter,L3-44-00570,letter,,,8,7,False,False,"{'v2': 0, 'v1': 8}","{'v1': 'C', 'v2': 'X'}",letter,
L3-44-00571-letter,L3-44-00571,letter,,,1,1,True,False,"{'v2': 3, 'v1': 1}","{'v1': 'H', 'v2': 'M'}",letter,
L3-44-00572-letter,L3-44-00572,letter,,,3,3,True,False,"{'v2': 1, 'v1': 3}","{'v1': 'S', 'v2': 'O'}",letter,
L3-44-00573-letter,L3-44-00573,letter,,,7,7,True,False,"{'v2': 0, 'v1': 7}","{'v1': 'Q', 'v2': 'A'}",letter,
L3-44-00574-letter,L3-44-00574,letter,,,7,7,True,False,"{'v2': 1, 'v1': 7}","{'v1': 'O', 'v2': 'M'}",letter,
L3-44-00575-letter,L3-44-00575,letter,,,5,5,True,False,"{'v2': 2, 'v1': 5}","{'v1': 'C', 'v2': 'B'}",letter,
L3-44-00576-letter,L3-44-00576,letter,,,1,1,True,False,"{'v2': 1, 'v1': 1}","{'v1': 'U', 'v2': 'X'}",letter,
L3-44-00577-letter,L3-44-00577,letter,,,2,2,True,False,"{'v2': 0, 'v1': 2}","{'v1': 'B', 'v2': 'W'}",letter,
L3-44-00578-letter,L3-44-00578,letter,,,1,1,True,False,"{'v2': 0, 'v1': 1}","{'v1': 'J', 'v2': 'H'}",letter,
L3-44-00579-letter,L3-44-00579,letter,,,9,9,True,False,"{'v2': 2, 'v1': 9}","{'v1': 'B', 'v2': 'R'}",letter,
L3-44-00580-letter,L3-44-00580,letter,,,4,4,True,False,"{'v2': 0, 'v1': 4}","{'v1': 'W', 'v2': 'A'}",letter,
L3-44-00581-letter,L3-44-00581,letter,,,6,6,True,False,"{'v2': 1, 'v1': 6}","{'v1': 'A', 'v2': 'E'}",letter,
L3-44-00582-letter,L3-44-00582,letter,,,9,9,True,False,"{'v2': 2, 'v1': 9}","{'v1': 'M', 'v2': 'K'}",letter,
L3-44-00583-letter,L3-44-00583,letter,,,1,1,True,False,"{'v2': 5, 'v1': 1}","{'v1': 'I', 'v2': 'C'}",letter,
L3-44-00584-letter,L3-44-00584,letter,,,4,4,True,False,"{'v2': 1, 'v1': 4}","{'v1': 'P', 'v2': 'G'}",letter,
L3-44-00585-letter,L3-44-00585,letter,,,9,9,True,False,"{'v2': 0, 'v1': 9}","{'v1': 'H', 'v2': 'J'}",letter,
L3-44-00586-letter,L3-44-00586,letter,,,3,3,True,False,"{'v2': 6, 'v1': 3}","{'v1': 'D', 'v2': 'M'}",letter,
L3-44-00587-letter,L3-44-00587,letter,,,0,0,True,False,"{'v2': 0, 'v1': 0}","{'v1': 'R', 'v2': 'E'}",letter,
L3-44-00588-letter,L3-44-00588,letter,,,8,8,True,False,"{'v2': 7, 'v1': 8}","{'v1': 'W', 'v2': 'V'}",letter,
L3-44-00589-letter,L3-44-00589,letter,,,6,6,True,False,"{'v2': 1, 'v1': 6}","{'v1': 'S', 'v2': 'W'}",letter,
L3-44-00590-letter,L3-44-00590,letter,,,5,5,True,False,"{'v2': 5, 'v1': 5}","{'v1': 'J', 'v2': 'S'}",letter,
L3-44-00591-letter,L3-44-00591,letter,,,3,3,True,False,"{'v2': 1, 'v1': 3}","{'v1': 'K', 'v2': 'Q'}",letter,
L3-44-00592-letter,L3-44-00592,letter,,,3,3,True,False,"{'v2': 0, 'v1': 3}","{'v1': 'N', 'v2': 'X'}",letter,
L3-44-00593-letter,L3-44-00593,letter,,,1,1,True,False,"{'v2': 6, 'v1': 1}","{'v1': 'N', 'v2': 'V'}",letter,
L3-44-00594-letter,L3-44-00594,letter,,,2,2,True,False,"{'v2': 2, 'v1': 2}","{'v1': 'Z', 'v2': 'H'}",letter,
L3-44-00595-letter,L3-44-00595,letter,,,6,6,True,False,"{'v2': 1, 'v1': 6}","{'v1': 'A', 'v2': 'V'}",letter,
L3-44-00596-letter,L3-44-00596,letter,,,1,1,True,False,"{'v2': 6, 'v1': 1}","{'v1': 'F', 'v2': 'D'}",letter,
L3-44-00597-letter,L3-44-00597,letter,,,4,4,True,False,"{'v2': 3, 'v1': 4}","{'v1': 'C', 'v2': 'D'}",letter,
L3-44-00598-letter,L3-44-00598,letter,,,6,6,True,False,"{'v2': 5, 'v1': 6}","{'v1': 'L', 'v2': 'B'}",letter,
L3-44-00599-letter,L3-44-00599,letter,,,0,0,True,False,"{'v2': 8, 'v1': 0}","{'v1': 'D', 'v2': 'R'}",letter,
L3-44-00600-letter,L3-44-00600,letter,,,0,0,True,False,"{'v2': 8, 'v1': 0}","{'v1': 'O', 'v2': 'Q'}",letter,
L3-44-00601-letter,L3-44-00601,letter,,,5,5,True,False,"{'v2': 1, 'v1': 5}","{'v1': 'D', 'v2': 'M'}",letter,
L3-44-00602-letter,L3-44-00602,letter,,,3,3,True,False,"{'v2': 0, 'v1': 3}","{'v1': 'N', 'v2': 'F'}",letter,
L3-44-00603-letter,L3-44-00603,letter,,,9,9,True,False,"{'v2': 1, 'v1': 9}","{'v1': 'M', 'v2': 'B'}",letter,
L3-44-00604-letter,L3-44-00604,letter,,,9,9,True,False,"{'v2': 7, 'v1': 9}","{'v1': 'U', 'v2': 'B'}",letter,
L3-44-00605-letter,L3-44-00605,letter,,,8,8,True,False,"{'v2': 2, 'v1': 8}","{'v1': 'S', 'v2': 'L'}",letter,
L3-44-00606-letter,L3-44-00606,letter,,,6,6,True,False,"{'v2': 0, 'v1': 6}","{'v1': 'V', 'v2': 'I'}",letter,
L3-44-00607-letter,L3-44-00607,letter,,,2,2,True,False,"{'v2': 1, 'v1': 2}","{'v1': 'B', 'v2': 'R'}",letter,
L3-44-00608-letter,L3-44-00608,letter,,,4,4,True,False,"{'v2': 3, 'v1': 4}","{'v1': 'T', 'v2': 'L'}",letter,
L3-44-00609-letter,L3-44-00609,letter,,,2,2,True,False,"{'v2': 1, 'v1': 2}","{'v1': 'Y', 'v2': 'Z'}",letter,
L3-44-00610-letter,L3-44-00610,letter,,,1,1,True,False,"{'v2': 6, 'v1': 1}","{'v1': 'K', 'v2': 'N'}",letter,
L3-44-00611-letter,L3-44-00611,letter,,,7,7,True,False,"{'v2': 5, 'v1': 7}","{'v1': 'L', 'v2': 'Z'}",letter,
L3-44-00612-letter,L3-44-00612,letter,,,9,9,True,False,"{'v2': 1, 'v1': 9}","{'v1': 'F', 'v2': 'K'}",letter,
L3-44-00613-letter,L3-44-00613,letter,,,9,9,True,False,"{'v2': 8, 'v1': 9}","{'v1': 'D', 'v2': 'E'}",letter,
L3-44-00614-letter,L3-44-00614,letter,,,9,9,True,False,"{'v2': 1, 'v1': 9}","{'v1': 'Y', 'v2': 'L'}",letter,
L3-44-00615-letter,L3-44-00615,letter,,,7,7,True,False,"{'v2': 1, 'v1': 7}","{'v1': 'D', 'v2': 'T'}",letter,
L3-44-00616-letter,L3-44-00616,letter,,,9,9,True,False,"{'v2': 7, 'v1': 9}","{'v1': 'V', 'v2': 'P'}",letter,
L3-44-00617-letter,L3-44-00617,letter,,,9,9,True,False,"{'v2': 0, 'v1': 9}","{'v1': 'D', 'v2': 'Y'}",letter,
L3-44-00618-letter,L3-44-00618,letter,,,5,5,True,False,"{'v2': 2, 'v1': 5}","{'v1': 'H', 'v2': 'M'}",letter,
L3-44-00619-letter,L3-44-00619,letter,,,1,1,True,False,"{'v2': 6, 'v1': 1}","{'v1': 'V', 'v2': 'J'}",letter,
L3-44-00620-letter,L3-44-00620,letter,,,4,4,True,False,"{'v2': 0, 'v1': 4}","{'v1': 'R', 'v2': 'J'}",letter,
L3-44-00621-letter,L3-44-00621,letter,,,2,2,True,False,"{'v2': 6, 'v1': 2}","{'v1': 'R', 'v2': 'G'}",letter,
L3-44-00622-letter,L3-44-00622,letter,,,9,9,True,False,"{'v2': 8, 'v1': 9}","{'v1': 'A', 'v2': 'M'}",letter,
L3-44-00623-letter,L3-44-00623,letter,,,4,4,True,False,"{'v2': 0, 'v1': 4}","{'v1': 'E', 'v2': 'Q'}",letter,
L3-44-00624-letter,L3-44-00624,letter,,,9,9,True,False,"{'v2': 7, 'v1': 9}","{'v1': 'X', 'v2': 'S'}",letter,
L3-44-00625-letter,L3-44-00625,letter,,,8,8,True,False,"{'v2': 0, 'v1': 8}","{'v1': 'L', 'v2': 'E'}",letter,
L3-44-00626-letter,L3-44-00626,letter,,,5,5,True,False,"{'v2': 0, 'v1': 5}","{'v1': 'I', 'v2': 'K'}",letter,
L3-44-00627-letter,L3-44-00627,letter,,,9,9,True,False,"{'v2': 7, 'v1': 9}","{'v1': 'M', 'v2': 'A'}",letter,
L3-44-00628-letter,L3-44-00628,letter,,,4,4,True,False,"{'v2': 0, 'v1': 4}","{'v1': 'X', 'v2': 'R'}",letter,
L3-44-00629-letter,L3-44-00629,letter,,,6,6,True,False,"{'v2': 3, 'v1': 6}","{'v1': 'W', 'v2': 'T'}",letter,
L3-44-00630-letter,L3-44-00630,letter,,,5,5,True,False,"{'v2': 5, 'v1': 5}","{'v1': 'F', 'v2': 'K'}",letter,
L3-44-00631-letter,L3-44-00631,letter,,,7,7,True,False,"{'v2': 0, 'v1': 7}","{'v1': 'F', 'v2': 'K'}",letter,
L3-44-00632-letter,L3-44-00632,letter,,,2,2,True,False,"{'v2': 1, 'v1': 2}","{'v1': 'E', 'v2': 'L'}",letter,
L3-44-00633-letter,L3-44-00633,letter,,,1,1,True,False,"{'v2': 1, 'v1': 1}","{'v1': 'T', 'v2': 'I'}",letter,
L3-44-00634-letter,L3-44-00634,letter,,,0,0,True,False,"{'v2': 1, 'v1': 0}","{'v1': 'C', 'v2': 'B'}",letter,
L3-44-00635-letter,L3-44-00635,letter,,,0,0,True,False,"{'v2': 9, 'v1': 0}","{'v1': 'K', 'v2': 'M'}",letter,
L3-44-00636-letter,L3-44-00636,letter,,,2,2,True,False,"{'v2': 6, 'v1': 2}","{'v1': 'R', 'v2': 'Z'}",letter,
L3-44-00637-letter,L3-44-00637,letter,,,9,9,True,False,"{'v2': 8, 'v1': 9}","{'v1': 'T', 'v2': 'X'}",letter,
L3-44-00638-letter,L3-44-00638,letter,,,4,4,True,False,"{'v2': 1, 'v1': 4}","{'v1': 'T', 'v2': 'P'}",letter,
L3-44-00639-letter,L3-44-00639,letter,,,5,5,True,False,"{'v2': 1, 'v1': 5}","{'v1': 'T', 'v2': 'E'}",letter,
L3-44-00640-letter,L3-44-00640,letter,,,8,8,True,False,"{'v2': 5, 'v1': 8}","{'v1': 'Y', 'v2': 'R'}",letter,
L3-44-00641-letter,L3-44-00641,letter,,,0,0,True,False,"{'v2': 8, 'v1': 0}","{'v1': 'F', 'v2': 'J'}",letter,
L3-44-00642-letter,L3-44-00642,letter,,,4,4,True,False,"{'v2': 3, 'v1': 4}","{'v1': 'R', 'v2': 'N'}",letter,
L3-44-00643-letter,L3-44-00643,letter,,,3,3,True,False,"{'v2': 1, 'v1': 3}","{'v1': 'Y', 'v2': 'L'}",letter,
L3-44-00644-letter,L3-44-00644,letter,,,7,7,True,False,"{'v2': 1, 'v1': 7}","{'v1': 'G', 'v2': 'V'}",letter,
L3-44-00645-letter,L3-44-00645,letter,,,2,2,True,False,"{'v2': 2, 'v1': 2}","{'v1': 'W', 'v2': 'Q'}",letter,
L3-44-00646-letter,L3-44-00646,letter,,,2,2,True,False,"{'v2': 0, 'v1': 2}","{'v1': 'C', 'v2': 'P'}",letter,
L3-44-00647-letter,L3-44-00647,letter,,,9,9,True,False,"{'v2': 0, 'v1': 9}","{'v1': 'T', 'v2': 'F'}",letter,
L3-44-00648-letter,L3-44-00648,letter,,,5,5,True,False,"{'v2': 0, 'v1': 5}","{'v1': 'A', 'v2': 'T'}",letter,
L3-44-00649-letter,L3-44-00649,letter,,,4,4,True,False,"{'v2': 2, 'v1': 4}","{'v1': 'V', 'v2': 'P'}",letter,
L3-44-00650-letter,L3-44-00650,letter,,,0,0,True,False,"{'v2': 6, 'v1': 0}","{'v1': 'C', 'v2': 'T'}",letter,
L3-44-00651-letter,L3-44-00651,letter,,,7,7,True,False,"{'v2': 2, 'v1': 7}","{'v1': 'M', 'v2': 'K'}",letter,
L3-44-00652-letter,L3-44-00652,letter,,,4,4,True,False,"{'v2': 1, 'v1': 4}","{'v1': 'J', 'v2': 'D'}",letter,
L3-44-00653-letter,L3-44-00653,letter,,,1,1,True,False,"{'v2': 6, 'v1': 1}","{'v1': 'D', 'v2': 'F'}",letter,
L3-44-00654-letter,L3-44-00654,letter,,,1,1,True,False,"{'v2': 6, 'v1': 1}","{'v1': 'K', 'v2': 'P'}",letter,
L3-44-00655-letter,L3-44-00655,letter,,,6,6,True,False,"{'v2': 1, 'v1': 6}","{'v1': 'I', 'v2': 'J'}",letter,
L3-44-00656-letter,L3-44-00656,letter,,,7,7,True,False,"{'v2': 2, 'v1': 7}","{'v1': 'E', 'v2': 'Y'}",letter,
L3-44-00657-letter,L3-44-00657,letter,,,1,1,True,False,"{'v2': 7, 'v1': 1}","{'v1': 'J', 'v2': 'H'}",letter,
L3-44-00658-letter,L3-44-00658,letter,,,4,4,True,False,"{'v2': 1, 'v1': 4}","{'v1': 'T', 'v2': 'Y'}",letter,
L3-44-00659-letter,L3-44-00659,letter,,,9,9,True,False,"{'v2': 3, 'v1': 9}","{'v1': 'I', 'v2': 'R'}",letter,
L3-44-00660-letter,L3-44-00660,letter,,,2,2,True,False,"{'v2': 7, 'v1': 2}","{'v1': 'H', 'v2': 'I'}",letter,
L3-44-00661-letter,L3-44-00661,letter,,,9,9,True,False,"{'v2': 5, 'v1': 9}","{'v1': 'Y', 'v2': 'T'}",letter,
L3-44-00662-letter,L3-44-00662,letter,,,3,3,True,False,"{'v2': 5, 'v1': 3}","{'v1': 'Y', 'v2': 'P'}",letter,
L3-44-00663-letter,L3-44-00663,letter,,,1,1,True,False,"{'v2': 1, 'v1': 1}","{'v1': 'I', 'v2': 'O'}",letter,
L3-44-00664-letter,L3-44-00664,letter,,,1,1,True,False,"{'v2': 5, 'v1': 1}","{'v1': 'P', 'v2': 'A'}",letter,
L3-44-00665-letter,L3-44-00665,letter,,,9,9,True,False,"{'v2': 5, 'v1': 9}","{'v1': 'Q', 'v2': 'N'}",letter,
L3-44-00666-letter,L3-44-00666,letter,,,0,0,True,False,"{'v2': 6, 'v1': 0}","{'v1': 'L', 'v2': 'J'}",letter,
L3-44-00667-letter,L3-44-00667,letter,,,4,4,True,False,"{'v2': 2, 'v1': 4}","{'v1': 'A', 'v2': 'C'}",letter,
L3-44-00668-letter,L3-44-00668,letter,,,4,4,True,False,"{'v2': 5, 'v1': 4}","{'v1': 'X', 'v2': 'D'}",letter,
L3-44-00669-letter,L3-44-00669,letter,,,4,4,True,False,"{'v2': 2, 'v1': 4}","{'v1': 'N', 'v2': 'L'}",letter,
L3-44-00670-letter,L3-44-00670,letter,,,3,3,True,False,"{'v2': 3, 'v1': 3}","{'v1': 'F', 'v2': 'G'}",letter,
L3-44-00671-letter,L3-44-00671,letter,,,3,3,True,False,"{'v2': 0, 'v1': 3}","{'v1': 'J', 'v2': 'V'}",letter,
L3-44-00672-letter,L3-44-00672,letter,,,9,9,True,False,"{'v2': 7, 'v1': 9}","{'v1': 'E', 'v2': 'H'}",letter,
L3-44-00673-letter,L3-44-00673,letter,,,9,9,True,False,"{'v2': 1, 'v1': 9}","{'v1': 'X', 'v2': 'M'}",letter,
L3-44-00674-letter,L3-44-00674,letter,,,0,0,True,False,"{'v2': 2, 'v1': 0}","{'v1': 'N', 'v2': 'D'}",letter,
L3-44-00675-letter,L3-44-00675,letter,,,8,8,True,False,"{'v2': 2, 'v1': 8}","{'v1': 'Y', 'v2': 'T'}",letter,
L3-44-00676-letter,L3-44-00676,letter,,,9,9,True,False,"{'v2': 2, 'v1': 9}","{'v1': 'T', 'v2': 'D'}",letter,
L3-44-00677-letter,L3-44-00677,letter,,,5,5,True,False,"{'v2': 1, 'v1': 5}","{'v1': 'O', 'v2': 'B'}",letter,
L3-44-00678-letter,L3-44-00678,letter,,,8,8,True,False,"{'v2': 0, 'v1': 8}","{'v1': 'A', 'v2': 'Q'}",letter,
L3-44-00679-letter,L3-44-00679,letter,,,8,8,True,False,"{'v2': 1, 'v1': 8}","{'v1': 'U', 'v2': 'E'}",letter,
L3-44-00680-letter,L3-44-00680,letter,,,8,8,True,False,"{'v2': 1, 'v1': 8}","{'v1': 'W', 'v2': 'J'}",letter,
L3-44-00681-letter,L3-44-00681,letter,,,0,0,True,False,"{'v2': 9, 'v1': 0}","{'v1': 'H', 'v2': 'D'}",letter,
L3-44-00682-letter,L3-44-00682,letter,,,9,9,True,False,"{'v2': 5, 'v1': 9}","{'v1': 'D', 'v2': 'B'}",letter,
L3-44-00683-letter,L3-44-00683,letter,,,5,5,True,False,"{'v2': 1, 'v1': 5}","{'v1': 'H', 'v2': 'I'}",letter,
L3-44-00684-letter,L3-44-00684,letter,,,5,4,False,False,"{'v2': 0, 'v1': 5}","{'v1': 'U', 'v2': 'S'}",letter,
L3-44-00685-letter,L3-44-00685,letter,,,1,1,True,False,"{'v2': 1, 'v1': 1}","{'v1': 'Y', 'v2': 'N'}",letter,
L3-44-00686-letter,L3-44-00686,letter,,,2,2,True,False,"{'v2': 0, 'v1': 2}","{'v1': 'O', 'v2': 'J'}",letter,
L3-44-00687-letter,L3-44-00687,letter,,,9,9,True,False,"{'v2': 0, 'v1': 9}","{'v1': 'Z', 'v2': 'K'}",letter,
L3-44-00688-letter,L3-44-00688,letter,,,8,8,True,False,"{'v2': 1, 'v1': 8}","{'v1': 'M', 'v2': 'T'}",letter,
L3-44-00689-letter,L3-44-00689,letter,,,7,7,True,False,"{'v2': 6, 'v1': 7}","{'v1': 'T', 'v2': 'F'}",letter,
L3-44-00690-letter,L3-44-00690,letter,,,7,7,True,False,"{'v2': 5, 'v1': 7}","{'v1': 'J', 'v2': 'I'}",letter,
L3-44-00691-letter,L3-44-00691,letter,,,9,9,True,False,"{'v2': 8, 'v1': 9}","{'v1': 'Z', 'v2': 'C'}",letter,
L3-44-00692-letter,L3-44-00692,letter,,,6,6,True,False,"{'v2': 1, 'v1': 6}","{'v1': 'D', 'v2': 'B'}",letter,
L3-44-00693-letter,L3-44-00693,letter,,,3,3,True,False,"{'v2': 5, 'v1': 3}","{'v1': 'L', 'v2': 'K'}",letter,
L3-44-00694-letter,L3-44-00694,letter,,,7,7,True,False,"{'v2': 0, 'v1': 7}","{'v1': 'O', 'v2': 'E'}",letter,
L3-44-00695-letter,L3-44-00695,letter,,,1,1,True,False,"{'v2': 1, 'v1': 1}","{'v1': 'J', 'v2': 'Y'}",letter,
L3-44-00696-letter,L3-44-00696,letter,,,4,4,True,False,"{'v2': 2, 'v1': 4}","{'v1': 'V', 'v2': 'O'}",letter,
L3-44-00697-letter,L3-44-00697,letter,,,1,1,True,False,"{'v2': 1, 'v1': 1}","{'v1': 'Z', 'v2': 'I'}",letter,
L3-44-00698-letter,L3-44-00698,letter,,,7,7,True,False,"{'v2': 1, 'v1': 7}","{'v1': 'H', 'v2': 'G'}",letter,
L3-44-00699-letter,L3-44-00699,letter,,,7,7,True,False,"{'v2': 1, 'v1': 7}","{'v1': 'Z', 'v2': 'S'}",letter,
L3-44-00700-letter,L3-44-00700,letter,,,7,7,True,False,"{'v2': 7, 'v1': 7}","{'v1': 'A', 'v2': 'D'}",letter,
L3-44-00701-letter,L3-44-00701,letter,,,4,4,True,False,"{'v2': 1, 'v1': 4}","{'v1': 'N', 'v2': 'Q'}",letter,
L3-44-00702-letter,L3-44-00702,letter,,,7,7,True,False,"{'v2': 1, 'v1': 7}","{'v1': 'X', 'v2': 'W'}",letter,
L3-44-00703-letter,L3-44-00703,letter,,,0,0,True,False,"{'v2': 1, 'v1': 0}","{'v1': 'Z', 'v2': 'F'}",letter,
L3-44-00704-letter,L3-44-00704,letter,,,8,8,True,False,"{'v2': 5, 'v1': 8}","{'v1': 'H', 'v2': 'Z'}",letter,
L3-44-00705-letter,L3-44-00705,letter,,,0,0,True,False,"{'v2': 6, 'v1': 0}","{'v1': 'I', 'v2': 'L'}",letter,
L3-44-00706-letter,L3-44-00706,letter,,,5,5,True,False,"{'v2': 5, 'v1': 5}","{'v1': 'V', 'v2': 'M'}",letter,
L3-44-00707-letter,L3-44-00707,letter,,,5,5,True,False,"{'v2': 1, 'v1': 5}","{'v1': 'F', 'v2': 'P'}",letter,
L3-44-00708-letter,L3-44-00708,letter,,,6,6,True,False,"{'v2': 1, 'v1': 6}","{'v1': 'B', 'v2': 'T'}",letter,
L3-44-00709-letter,L3-44-00709,letter,,,1,0,False,False,"{'v2': 0, 'v1': 1}","{'v1': 'Q', 'v2': 'A'}",letter,
L3-44-00710-letter,L3-44-00710,letter,,,2,2,True,False,"{'v2': 1, 'v1': 2}","{'v1': 'Q', 'v2': 'U'}",letter,
L3-44-00711-letter,L3-44-00711,letter,,,6,6,True,False,"{'v2': 0, 'v1': 6}","{'v1': 'P', 'v2': 'N'}",letter,
L3-44-00712-letter,L3-44-00712,letter,,,3,3,True,False,"{'v2': 1, 'v1': 3}","{'v1': 'V', 'v2': 'M'}",letter,
L3-44-00713-letter,L3-44-00713,letter,,,3,3,True,False,"{'v2': 2, 'v1': 3}","{'v1': 'J', 'v2': 'D'}",letter,
L3-44-00714-letter,L3-44-00714,letter,,,9,9,True,False,"{'v2': 7, 'v1': 9}","{'v1': 'H', 'v2': 'C'}",letter,
L3-44-00715-letter,L3-44-00715,letter,,,8,8,True,False,"{'v2': 1, 'v1': 8}","{'v1': 'E', 'v2': 'O'}",letter,
L3-44-00716-letter,L3-44-00716,letter,,,4,4,True,False,"{'v2': 2, 'v1': 4}","{'v1': 'A', 'v2': 'K'}",letter,
L3-44-00717-letter,L3-44-00717,letter,,,9,9,True,False,"{'v2': 8, 'v1': 9}","{'v1': 'D', 'v2': 'K'}",letter,
L3-44-00718-letter,L3-44-00718,letter,,,3,3,True,False,"{'v2': 1, 'v1': 3}","{'v1': 'Z', 'v2': 'J'}",letter,
L3-44-00719-letter,L3-44-00719,letter,,,0,0,True,False,"{'v2': 0, 'v1': 0}","{'v1': 'T', 'v2': 'P'}",letter,
L3-44-00720-letter,L3-44-00720,letter,,,4,4,True,False,"{'v2': 1, 'v1': 4}","{'v1': 'I', 'v2': 'H'}",letter,
L3-44-00721-letter,L3-44-00721,letter,,,2,2,True,False,"{'v2': 5, 'v1': 2}","{'v1': 'X', 'v2': 'K'}",letter,
L3-44-00722-letter,L3-44-00722,letter,,,5,5,True,False,"{'v2': 3, 'v1': 5}","{'v1': 'O', 'v2': 'H'}",letter,
L3-44-00723-letter,L3-44-00723,letter,,,5,4,False,False,"{'v2': 0, 'v1': 5}","{'v1': 'Y', 'v2': 'Z'}",letter,
L3-44-00724-letter,L3-44-00724,letter,,,8,8,True,False,"{'v2': 2, 'v1': 8}","{'v1': 'D', 'v2': 'L'}",letter,
L3-44-00725-letter,L3-44-00725,letter,,,4,4,True,False,"{'v2': 3, 'v1': 4}","{'v1': 'U', 'v2': 'X'}",letter,
L3-44-00726-letter,L3-44-00726,letter,,,7,7,True,False,"{'v2': 5, 'v1': 7}","{'v1': 'N', 'v2': 'I'}",letter,
L3-44-00727-letter,L3-44-00727,letter,,,5,5,True,False,"{'v2': 5, 'v1': 5}","{'v1': 'U', 'v2': 'J'}",letter,
L3-44-00728-letter,L3-44-00728,letter,,,2,2,True,False,"{'v2': 2, 'v1': 2}","{'v1': 'A', 'v2': 'N'}",letter,
L3-44-00729-letter,L3-44-00729,letter,,,9,9,True,False,"{'v2': 0, 'v1': 9}","{'v1': 'M', 'v2': 'G'}",letter,
L3-44-00730-letter,L3-44-00730,letter,,,3,3,True,False,"{'v2': 6, 'v1': 3}","{'v1': 'W', 'v2': 'Y'}",letter,
L3-44-00731-letter,L3-44-00731,letter,,,4,4,True,False,"{'v2': 5, 'v1': 4}","{'v1': 'N', 'v2': 'Y'}",letter,
L3-44-00732-letter,L3-44-00732,letter,,,6,6,True,False,"{'v2': 1, 'v1': 6}","{'v1': 'N', 'v2': 'T'}",letter,
L3-44-00733-letter,L3-44-00733,letter,,,8,8,True,False,"{'v2': 5, 'v1': 8}","{'v1': 'O', 'v2': 'Z'}",letter,
L3-44-00734-letter,L3-44-00734,letter,,,3,3,True,False,"{'v2': 1, 'v1': 3}","{'v1': 'D', 'v2': 'K'}",letter,
L3-44-00735-letter,L3-44-00735,letter,,,1,1,True,False,"{'v2': 6, 'v1': 1}","{'v1': 'V', 'v2': 'U'}",letter,
L3-44-00736-letter,L3-44-00736,letter,,,0,0,True,False,"{'v2': 2, 'v1': 0}","{'v1': 'S', 'v2': 'I'}",letter,
L3-44-00737-letter,L3-44-00737,letter,,,3,3,True,False,"{'v2': 2, 'v1': 3}","{'v1': 'P', 'v2': 'D'}",letter,
L3-44-00738-letter,L3-44-00738,letter,,,2,2,True,False,"{'v2': 2, 'v1': 2}","{'v1': 'K', 'v2': 'Z'}",letter,
L3-44-00739-letter,L3-44-00739,letter,,,5,5,True,False,"{'v2': 0, 'v1': 5}","{'v1': 'E', 'v2': 'M'}",letter,
L3-44-00740-letter,L3-44-00740,letter,,,7,7,True,False,"{'v2': 1, 'v1': 7}","{'v1': 'E', 'v2': 'I'}",letter,
L3-44-00741-letter,L3-44-00741,letter,,,0,0,True,False,"{'v2': 5, 'v1': 0}","{'v1': 'J', 'v2': 'C'}",letter,
L3-44-00742-letter,L3-44-00742,letter,,,0,0,True,False,"{'v2': 1, 'v1': 0}","{'v1': 'L', 'v2': 'K'}",letter,
L3-44-00743-letter,L3-44-00743,letter,,,9,9,True,False,"{'v2': 1, 'v1': 9}","{'v1': 'Q', 'v2': 'Z'}",letter,
L3-44-00744-letter,L3-44-00744,letter,,,4,4,True,False,"{'v2': 5, 'v1': 4}","{'v1': 'O', 'v2': 'U'}",letter,
L3-44-00745-letter,L3-44-00745,letter,,,0,0,True,False,"{'v2': 5, 'v1': 0}","{'v1': 'C', 'v2': 'V'}",letter,
L3-44-00746-letter,L3-44-00746,letter,,,5,4,False,False,"{'v2': 0, 'v1': 5}","{'v1': 'Z', 'v2': 'X'}",letter,
L3-44-00747-letter,L3-44-00747,letter,,,0,0,True,False,"{'v2': 1, 'v1': 0}","{'v1': 'T', 'v2': 'N'}",letter,
L3-44-00748-letter,L3-44-00748,letter,,,1,1,True,False,"{'v2': 1, 'v1': 1}","{'v1': 'E', 'v2': 'P'}",letter,
L3-44-00749-letter,L3-44-00749,letter,,,5,5,True,False,"{'v2': 1, 'v1': 5}","{'v1': 'U', 'v2': 'W'}",letter,
L3-44-00750-letter,L3-44-00750,letter,,,8,8,True,False,"{'v2': 3, 'v1': 8}","{'v1': 'L', 'v2': 'K'}",letter,
L3-44-00751-letter,L3-44-00751,letter,,,1,1,True,False,"{'v2': 0, 'v1': 1}","{'v1': 'P', 'v2': 'A'}",letter,
L3-44-00752-letter,L3-44-00752,letter,,,1,1,True,False,"{'v2': 2, 'v1': 1}","{'v1': 'G', 'v2': 'C'}",letter,
L3-44-00753-letter,L3-44-00753,letter,,,1,1,True,False,"{'v2': 0, 'v1': 1}","{'v1': 'Y', 'v2': 'F'}",letter,
L3-44-00754-letter,L3-44-00754,letter,,,2,2,True,False,"{'v2': 2, 'v1': 2}","{'v1': 'M', 'v2': 'L'}",letter,
L3-44-00755-letter,L3-44-00755,letter,,,6,6,True,False,"{'v2': 0, 'v1': 6}","{'v1': 'Q', 'v2': 'Z'}",letter,
L3-44-00756-letter,L3-44-00756,letter,,,6,6,True,False,"{'v2': 1, 'v1': 6}","{'v1': 'J', 'v2': 'P'}",letter,
L3-44-00757-letter,L3-44-00757,letter,,,9,9,True,False,"{'v2': 1, 'v1': 9}","{'v1': 'S', 'v2': 'G'}",letter,
L3-44-00758-letter,L3-44-00758,letter,,,3,3,True,False,"{'v2': 2, 'v1': 3}","{'v1': 'X', 'v2': 'K'}",letter,
L3-44-00759-letter,L3-44-00759,letter,,,5,5,True,False,"{'v2': 0, 'v1': 5}","{'v1': 'E', 'v2': 'J'}",letter,
L3-44-00760-letter,L3-44-00760,letter,,,2,2,True,False,"{'v2': 5, 'v1': 2}","{'v1': 'E', 'v2': 'V'}",letter,
L3-44-00761-letter,L3-44-00761,letter,,,4,4,True,False,"{'v2': 3, 'v1': 4}","{'v1': 'J', 'v2': 'N'}",letter,
L3-44-00762-letter,L3-44-00762,letter,,,2,2,True,False,"{'v2': 6, 'v1': 2}","{'v1': 'S', 'v2': 'L'}",letter,
L3-44-00763-letter,L3-44-00763,letter,,,3,3,True,False,"{'v2': 1, 'v1': 3}","{'v1': 'V', 'v2': 'R'}",letter,
L3-44-00764-letter,L3-44-00764,letter,,,7,7,True,False,"{'v2': 1, 'v1': 7}","{'v1': 'E', 'v2': 'J'}",letter,
L3-44-00765-letter,L3-44-00765,letter,,,8,8,True,False,"{'v2': 7, 'v1': 8}","{'v1': 'V', 'v2': 'I'}",letter,
L3-44-00766-letter,L3-44-00766,letter,,,5,5,True,False,"{'v2': 1, 'v1': 5}","{'v1': 'G', 'v2': 'R'}",letter,
L3-44-00767-letter,L3-44-00767,letter,,,7,7,True,False,"{'v2': 1, 'v1': 7}","{'v1': 'Z', 'v2': 'R'}",letter,
L3-44-00768-letter,L3-44-00768,letter,,,1,1,True,False,"{'v2': 1, 'v1': 1}","{'v1': 'Q', 'v2': 'Z'}",letter,
L3-44-00769-letter,L3-44-00769,letter,,,7,7,True,False,"{'v2': 5, 'v1': 7}","{'v1': 'O', 'v2': 'W'}",letter,
L3-44-00770-letter,L3-44-00770,letter,,,8,8,True,False,"{'v2': 1, 'v1': 8}","{'v1': 'W', 'v2': 'L'}",letter,
L3-44-00771-letter,L3-44-00771,letter,,,2,2,True,False,"{'v2': 0, 'v1': 2}","{'v1': 'E', 'v2': 'F'}",letter,
L3-44-00772-letter,L3-44-00772,letter,,,7,7,True,False,"{'v2': 1, 'v1': 7}","{'v1': 'K', 'v2': 'Q'}",letter,
L3-44-00773-letter,L3-44-00773,letter,,,9,9,True,False,"{'v2': 2, 'v1': 9}","{'v1': 'N', 'v2': 'L'}",letter,
L3-44-00774-letter,L3-44-00774,letter,,,9,9,True,False,"{'v2': 0, 'v1': 9}","{'v1': 'V', 'v2': 'W'}",letter,
L3-44-00775-letter,L3-44-00775,letter,,,7,7,True,False,"{'v2': 0, 'v1': 7}","{'v1': 'U', 'v2': 'S'}",letter,
L3-44-00776-letter,L3-44-00776,letter,,,3,3,True,False,"{'v2': 6, 'v1': 3}","{'v1': 'B', 'v2': 'Y'}",letter,
L3-44-00777-letter,L3-44-00777,letter,,,6,6,True,False,"{'v2': 5, 'v1': 6}","{'v1': 'J', 'v2': 'G'}",letter,
L3-44-00778-letter,L3-44-00778,letter,,,2,2,True,False,"{'v2': 5, 'v1': 2}","{'v1': 'Z', 'v2': 'T'}",letter,
L3-44-00779-letter,L3-44-00779,letter,,,7,7,True,False,"{'v2': 1, 'v1': 7}","{'v1': 'H', 'v2': 'J'}",letter,
L3-44-00780-letter,L3-44-00780,letter,,,8,8,True,False,"{'v2': 6, 'v1': 8}","{'v1': 'M', 'v2': 'C'}",letter,
L3-44-00781-letter,L3-44-00781,letter,,,4,4,True,False,"{'v2': 0, 'v1': 4}","{'v1': 'O', 'v2': 'Q'}",letter,
L3-44-00782-letter,L3-44-00782,letter,,,1,1,True,False,"{'v2': 6, 'v1': 1}","{'v1': 'E', 'v2': 'U'}",letter,
L3-44-00783-letter,L3-44-00783,letter,,,8,8,True,False,"{'v2': 0, 'v1': 8}","{'v1': 'O', 'v2': 'U'}",letter,
L3-44-00784-letter,L3-44-00784,letter,,,4,4,True,False,"{'v2': 1, 'v1': 4}","{'v1': 'I', 'v2': 'Q'}",letter,
L3-44-00785-letter,L3-44-00785,letter,,,6,6,True,False,"{'v2': 5, 'v1': 6}","{'v1': 'J', 'v2': 'G'}",letter,
L3-44-00786-letter,L3-44-00786,letter,,,5,5,True,False,"{'v2': 2, 'v1': 5}","{'v1': 'K', 'v2': 'G'}",letter,
L3-44-00787-letter,L3-44-00787,letter,,,5,5,True,False,"{'v2': 1, 'v1': 5}","{'v1': 'E', 'v2': 'B'}",letter,
L3-44-00788-letter,L3-44-00788,letter,,,9,9,True,False,"{'v2': 7, 'v1': 9}","{'v1': 'C', 'v2': 'S'}",letter,
L3-44-00789-letter,L3-44-00789,letter,,,3,3,True,False,"{'v2': 1, 'v1': 3}","{'v1': 'G', 'v2': 'D'}",letter,
L3-44-00790-letter,L3-44-00790,letter,,,4,4,True,False,"{'v2': 1, 'v1': 4}","{'v1': 'Q', 'v2': 'Y'}",letter,
L3-44-00791-letter,L3-44-00791,letter,,,5,5,True,False,"{'v2': 0, 'v1': 5}","{'v1': 'G', 'v2': 'E'}",letter,
L3-44-00792-letter,L3-44-00792,letter,,,3,3,True,False,"{'v2': 0, 'v1': 3}","{'v1': 'K', 'v2': 'T'}",letter,
L3-44-00793-letter,L3-44-00793,letter,,,8,8,True,False,"{'v2': 8, 'v1': 8}","{'v1': 'E', 'v2': 'B'}",letter,
L3-44-00794-letter,L3-44-00794,letter,,,7,7,True,False,"{'v2': 0, 'v1': 7}","{'v1': 'V', 'v2': 'K'}",letter,
L3-44-00795-letter,L3-44-00795,letter,,,4,4,True,False,"{'v2': 1, 'v1': 4}","{'v1': 'Z', 'v2': 'Q'}",letter,
L3-44-00796-letter,L3-44-00796,letter,,,7,7,True,False,"{'v2': 1, 'v1': 7}","{'v1': 'C', 'v2': 'E'}",letter,
L3-44-00797-letter,L3-44-00797,letter,,,5,5,True,False,"{'v2': 3, 'v1': 5}","{'v1': 'F', 'v2': 'P'}",letter,
L3-44-00798-letter,L3-44-00798,letter,,,6,6,True,False,"{'v2': 0, 'v1': 6}","{'v1': 'V', 'v2': 'O'}",letter,
L3-44-00799-letter,L3-44-00799,letter,,,0,0,True,False,"{'v2': 7, 'v1': 0}","{'v1': 'Q', 'v2': 'N'}",letter,
L3-44-00800-letter,L3-44-00800,letter,,,9,9,True,False,"{'v2': 2, 'v1': 9}","{'v1': 'L', 'v2': 'D'}",letter,
L3-44-00801-letter,L3-44-00801,letter,,,6,6,True,False,"{'v2': 3, 'v1': 6}","{'v1': 'X', 'v2': 'M'}",letter,
L3-44-00802-letter,L3-44-00802,letter,,,9,9,True,False,"{'v2': 7, 'v1': 9}","{'v1': 'S', 'v2': 'V'}",letter,
L3-44-00803-letter,L3-44-00803,letter,,,2,2,True,False,"{'v2': 0, 'v1': 2}","{'v1': 'I', 'v2': 'F'}",letter,
L3-44-00804-letter,L3-44-00804,letter,,,8,8,True,False,"{'v2': 1, 'v1': 8}","{'v1': 'P', 'v2': 'Y'}",letter,
L3-44-00805-letter,L3-44-00805,letter,,,8,8,True,False,"{'v2': 5, 'v1': 8}","{'v1': 'E', 'v2': 'A'}",letter,
L3-44-00806-letter,L3-44-00806,letter,,,0,0,True,False,"{'v2': 6, 'v1': 0}","{'v1': 'D', 'v2': 'B'}",letter,
L3-44-00807-letter,L3-44-00807,letter,,,5,5,True,False,"{'v2': 5, 'v1': 5}","{'v1': 'U', 'v2': 'F'}",letter,
L3-44-00808-letter,L3-44-00808,letter,,,9,9,True,False,"{'v2': 7, 'v1': 9}","{'v1': 'Y', 'v2': 'N'}",letter,
L3-44-00809-letter,L3-44-00809,letter,,,2,2,True,False,"{'v2': 1, 'v1': 2}","{'v1': 'Q', 'v2': 'S'}",letter,
L3-44-00810-letter,L3-44-00810,letter,,,2,2,True,False,"{'v2': 2, 'v1': 2}","{'v1': 'X', 'v2': 'A'}",letter,
L3-44-00811-letter,L3-44-00811,letter,,,3,3,True,False,"{'v2': 0, 'v1': 3}","{'v1': 'O', 'v2': 'J'}",letter,
L3-44-00812-letter,L3-44-00812,letter,,,8,8,True,False,"{'v2': 7, 'v1': 8}","{'v1': 'P', 'v2': 'E'}",letter,
L3-44-00813-letter,L3-44-00813,letter,,,8,8,True,False,"{'v2': 6, 'v1': 8}","{'v1': 'I', 'v2': 'X'}",letter,
L3-44-00814-letter,L3-44-00814,letter,,,1,1,True,False,"{'v2': 2, 'v1': 1}","{'v1': 'O', 'v2': 'L'}",letter,
L3-44-00815-letter,L3-44-00815,letter,,,5,5,True,False,"{'v2': 1, 'v1': 5}","{'v1': 'Q', 'v2': 'Y'}",letter,
L3-44-00816-letter,L3-44-00816,letter,,,4,4,True,False,"{'v2': 0, 'v1': 4}","{'v1': 'J', 'v2': 'T'}",letter,
L3-44-00817-letter,L3-44-00817,letter,,,9,9,True,False,"{'v2': 6, 'v1': 9}","{'v1': 'W', 'v2': 'K'}",letter,
L3-44-00818-letter,L3-44-00818,letter,,,8,8,True,False,"{'v2': 0, 'v1': 8}","{'v1': 'C', 'v2': 'V'}",letter,
L3-44-00819-letter,L3-44-00819,letter,,,1,1,True,False,"{'v2': 6, 'v1': 1}","{'v1': 'E', 'v2': 'Y'}",letter,
L3-44-00820-letter,L3-44-00820,letter,,,2,2,True,False,"{'v2': 0, 'v1': 2}","{'v1': 'U', 'v2': 'Y'}",letter,
L3-44-00821-letter,L3-44-00821,letter,,,2,2,True,False,"{'v2': 1, 'v1': 2}","{'v1': 'S', 'v2': 'H'}",letter,
L3-44-00822-letter,L3-44-00822,letter,,,8,8,True,False,"{'v2': 1, 'v1': 8}","{'v1': 'N', 'v2': 'M'}",letter,
L3-44-00823-letter,L3-44-00823,letter,,,6,6,True,False,"{'v2': 5, 'v1': 6}","{'v1': 'Z', 'v2': 'F'}",letter,
L3-44-00824-letter,L3-44-00824,letter,,,4,4,True,False,"{'v2': 1, 'v1': 4}","{'v1': 'A', 'v2': 'J'}",letter,
L3-44-00825-letter,L3-44-00825,letter,,,6,6,True,False,"{'v2': 0, 'v1': 6}","{'v1': 'H', 'v2': 'P'}",letter,
L3-44-00826-letter,L3-44-00826,letter,,,8,8,True,False,"{'v2': 1, 'v1': 8}","{'v1': 'U', 'v2': 'M'}",letter,
L3-44-00827-letter,L3-44-00827,letter,,,9,8,False,False,"{'v2': 0, 'v1': 9}","{'v1': 'O', 'v2': 'X'}",letter,
L3-44-00828-letter,L3-44-00828,letter,,,6,6,True,False,"{'v2': 3, 'v1': 6}","{'v1': 'D', 'v2': 'B'}",letter,
L3-44-00829-letter,L3-44-00829,letter,,,7,7,True,False,"{'v2': 1, 'v1': 7}","{'v1': 'W', 'v2': 'T'}",letter,
L3-44-00830-letter,L3-44-00830,letter,,,1,0,False,False,"{'v2': 0, 'v1': 1}","{'v1': 'O', 'v2': 'J'}",letter,
L3-44-00831-letter,L3-44-00831,letter,,,6,6,True,False,"{'v2': 3, 'v1': 6}","{'v1': 'O', 'v2': 'Y'}",letter,
L3-44-00832-letter,L3-44-00832,letter,,,9,9,True,False,"{'v2': 0, 'v1': 9}","{'v1': 'H', 'v2': 'K'}",letter,
L3-44-00833-letter,L3-44-00833,letter,,,0,0,True,False,"{'v2': 7, 'v1': 0}","{'v1': 'F', 'v2': 'U'}",letter,
L3-44-00834-letter,L3-44-00834,letter,,,0,0,True,False,"{'v2': 7, 'v1': 0}","{'v1': 'M', 'v2': 'C'}",letter,
L3-44-00835-letter,L3-44-00835,letter,,,8,8,True,False,"{'v2': 0, 'v1': 8}","{'v1': 'H', 'v2': 'E'}",letter,
L3-44-00836-letter,L3-44-00836,letter,,,0,0,True,False,"{'v2': 0, 'v1': 0}","{'v1': 'G', 'v2': 'M'}",letter,
L3-44-00837-letter,L3-44-00837,letter,,,9,9,True,False,"{'v2': 9, 'v1': 9}","{'v1': 'W', 'v2': 'U'}",letter,
L3-44-00838-letter,L3-44-00838,letter,,,7,7,True,False,"{'v2': 5, 'v1': 7}","{'v1': 'E', 'v2': 'T'}",letter,
L3-44-00839-letter,L3-44-00839,letter,,,8,8,True,False,"{'v2': 7, 'v1': 8}","{'v1': 'Q', 'v2': 'S'}",letter,
L3-44-00840-letter,L3-44-00840,letter,,,4,4,True,False,"{'v2': 5, 'v1': 4}","{'v1': 'F', 'v2': 'O'}",letter,
L3-44-00841-letter,L3-44-00841,letter,,,7,7,True,False,"{'v2': 5, 'v1': 7}","{'v1': 'S', 'v2': 'F'}",letter,
L3-44-00842-letter,L3-44-00842,letter,,,3,3,True,False,"{'v2': 6, 'v1': 3}","{'v1': 'C', 'v2': 'T'}",letter,
L3-44-00843-letter,L3-44-00843,letter,,,3,3,True,False,"{'v2': 0, 'v1': 3}","{'v1': 'S', 'v2': 'E'}",letter,
L3-44-00844-letter,L3-44-00844,letter,,,0,0,True,False,"{'v2': 0, 'v1': 0}","{'v1': 'M', 'v2': 'T'}",letter,
L3-44-00845-letter,L3-44-00845,letter,,,0,0,True,False,"{'v2': 7, 'v1': 0}","{'v1': 'S', 'v2': 'W'}",letter,
L3-44-00846-letter,L3-44-00846,letter,,,7,7,True,False,"{'v2': 1, 'v1': 7}","{'v1': 'G', 'v2': 'V'}",letter,
L3-44-00847-letter,L3-44-00847,letter,,,2,2,True,False,"{'v2': 6, 'v1': 2}","{'v1': 'A', 'v2': 'I'}",letter,
L3-44-00848-letter,L3-44-00848,letter,,,1,1,True,False,"{'v2': 8, 'v1': 1}","{'v1': 'S', 'v2': 'N'}",letter,
L3-44-00849-letter,L3-44-00849,letter,,,2,2,True,False,"{'v2': 2, 'v1': 2}","{'v1': 'T', 'v2': 'G'}",letter,
L3-44-00850-letter,L3-44-00850,letter,,,4,4,True,False,"{'v2': 3, 'v1': 4}","{'v1': 'L', 'v2': 'E'}",letter,
L3-44-00851-letter,L3-44-00851,letter,,,0,0,True,False,"{'v2': 7, 'v1': 0}","{'v1': 'Z', 'v2': 'E'}",letter,
L3-44-00852-letter,L3-44-00852,letter,,,9,9,True,False,"{'v2': 8, 'v1': 9}","{'v1': 'N', 'v2': 'U'}",letter,
L3-44-00853-letter,L3-44-00853,letter,,,2,2,True,False,"{'v2': 6, 'v1': 2}","{'v1': 'U', 'v2': 'A'}",letter,
L3-44-00854-letter,L3-44-00854,letter,,,1,1,True,False,"{'v2': 0, 'v1': 1}","{'v1': 'H', 'v2': 'D'}",letter,
L3-44-00855-letter,L3-44-00855,letter,,,0,0,True,False,"{'v2': 5, 'v1': 0}","{'v1': 'M', 'v2': 'P'}",letter,
L3-44-00856-letter,L3-44-00856,letter,,,3,3,True,False,"{'v2': 5, 'v1': 3}","{'v1': 'Z', 'v2': 'G'}",letter,
L3-44-00857-letter,L3-44-00857,letter,,,5,5,True,False,"{'v2': 5, 'v1': 5}","{'v1': 'T', 'v2': 'Z'}",letter,
L3-44-00858-letter,L3-44-00858,letter,,,8,8,True,False,"{'v2': 7, 'v1': 8}","{'v1': 'G', 'v2': 'E'}",letter,
L3-44-00859-letter,L3-44-00859,letter,,,9,9,True,False,"{'v2': 2, 'v1': 9}","{'v1': 'J', 'v2': 'Z'}",letter,
L3-44-00860-letter,L3-44-00860,letter,,,6,6,True,False,"{'v2': 5, 'v1': 6}","{'v1': 'B', 'v2': 'M'}",letter,
L3-44-00861-letter,L3-44-00861,letter,,,8,8,True,False,"{'v2': 0, 'v1': 8}","{'v1': 'X', 'v2': 'J'}",letter,
L3-44-00862-letter,L3-44-00862,letter,,,7,7,True,False,"{'v2': 7, 'v1': 7}","{'v1': 'U', 'v2': 'F'}",letter,
L3-44-00863-letter,L3-44-00863,letter,,,8,8,True,False,"{'v2': 8, 'v1': 8}","{'v1': 'X', 'v2': 'T'}",letter,
L3-44-00864-letter,L3-44-00864,letter,,,7,7,True,False,"{'v2': 0, 'v1': 7}","{'v1': 'R', 'v2': 'E'}",letter,
L3-44-00865-letter,L3-44-00865,letter,,,7,7,True,False,"{'v2': 2, 'v1': 7}","{'v1': 'W', 'v2': 'N'}",letter,
L3-44-00866-letter,L3-44-00866,letter,,,2,2,True,False,"{'v2': 2, 'v1': 2}","{'v1': 'R', 'v2': 'T'}",letter,
L3-44-00867-letter,L3-44-00867,letter,,,2,2,True,False,"{'v2': 0, 'v1': 2}","{'v1': 'I', 'v2': 'N'}",letter,
L3-44-00868-letter,L3-44-00868,letter,,,0,0,True,False,"{'v2': 1, 'v1': 0}","{'v1': 'O', 'v2': 'F'}",letter,
L3-44-00869-letter,L3-44-00869,letter,,,4,4,True,False,"{'v2': 2, 'v1': 4}","{'v1': 'E', 'v2': 'S'}",letter,
L3-44-00870-letter,L3-44-00870,letter,,,3,3,True,False,"{'v2': 1, 'v1': 3}","{'v1': 'M', 'v2': 'Y'}",letter,
L3-44-00871-letter,L3-44-00871,letter,,,7,7,True,False,"{'v2': 2, 'v1': 7}","{'v1': 'F', 'v2': 'E'}",letter,
L3-44-00872-letter,L3-44-00872,letter,,,3,3,True,False,"{'v2': 0, 'v1': 3}","{'v1': 'D', 'v2': 'R'}",letter,
L3-44-00873-letter,L3-44-00873,letter,,,0,0,True,False,"{'v2': 5, 'v1': 0}","{'v1': 'T', 'v2': 'O'}",letter,
L3-44-00874-letter,L3-44-00874,letter,,,2,2,True,False,"{'v2': 2, 'v1': 2}","{'v1': 'X', 'v2': 'I'}",letter,
L3-44-00875-letter,L3-44-00875,letter,,,7,7,True,False,"{'v2': 5, 'v1': 7}","{'v1': 'Q', 'v2': 'F'}",letter,
L3-44-00876-letter,L3-44-00876,letter,,,5,5,True,False,"{'v2': 5, 'v1': 5}","{'v1': 'M', 'v2': 'F'}",letter,
L3-44-00877-letter,L3-44-00877,letter,,,1,1,True,False,"{'v2': 7, 'v1': 1}","{'v1': 'P', 'v2': 'C'}",letter,
L3-44-00878-letter,L3-44-00878,letter,,,9,9,True,False,"{'v2': 0, 'v1': 9}","{'v1': 'D', 'v2': 'H'}",letter,
L3-44-00879-letter,L3-44-00879,letter,,,7,6,False,False,"{'v2': 0, 'v1': 7}","{'v1': 'E', 'v2': 'X'}",letter,
L3-44-00880-letter,L3-44-00880,letter,,,6,6,True,False,"{'v2': 0, 'v1': 6}","{'v1': 'O', 'v2': 'E'}",letter,
L3-44-00881-letter,L3-44-00881,letter,,,0,0,True,False,"{'v2': 7, 'v1': 0}","{'v1': 'F', 'v2': 'D'}",letter,
L3-44-00882-letter,L3-44-00882,letter,,,2,2,True,False,"{'v2': 1, 'v1': 2}","{'v1': 'X', 'v2': 'R'}",letter,
L3-44-00883-letter,L3-44-00883,letter,,,2,2,True,False,"{'v2': 1, 'v1': 2}","{'v1': 'Y', 'v2': 'H'}",letter,
L3-44-00884-letter,L3-44-00884,letter,,,2,2,True,False,"{'v2': 1, 'v1': 2}","{'v1': 'F', 'v2': 'H'}",letter,
L3-44-00885-letter,L3-44-00885,letter,,,9,9,True,False,"{'v2': 5, 'v1': 9}","{'v1': 'T', 'v2': 'D'}",letter,
L3-44-00886-letter,L3-44-00886,letter,,,2,2,True,False,"{'v2': 3, 'v1': 2}","{'v1': 'X', 'v2': 'W'}",letter,
L3-44-00887-letter,L3-44-00887,letter,,,1,1,True,False,"{'v2': 2, 'v1': 1}","{'v1': 'D', 'v2': 'A'}",letter,
L3-44-00888-letter,L3-44-00888,letter,,,9,9,True,False,"{'v2': 5, 'v1': 9}","{'v1': 'Z', 'v2': 'N'}",letter,
L3-44-00889-letter,L3-44-00889,letter,,,5,5,True,False,"{'v2': 1, 'v1': 5}","{'v1': 'T', 'v2': 'D'}",letter,
L3-44-00890-letter,L3-44-00890,letter,,,5,5,True,False,"{'v2': 2, 'v1': 5}","{'v1': 'W', 'v2': 'L'}",letter,
L3-44-00891-letter,L3-44-00891,letter,,,8,8,True,False,"{'v2': 7, 'v1': 8}","{'v1': 'Y', 'v2': 'S'}",letter,
L3-44-00892-letter,L3-44-00892,letter,,,8,8,True,False,"{'v2': 1, 'v1': 8}","{'v1': 'R', 'v2': 'X'}",letter,
L3-44-00893-letter,L3-44-00893,letter,,,5,5,True,False,"{'v2': 3, 'v1': 5}","{'v1': 'P', 'v2': 'Y'}",letter,
L3-44-00894-letter,L3-44-00894,letter,,,5,5,True,False,"{'v2': 0, 'v1': 5}","{'v1': 'V', 'v2': 'M'}",letter,
L3-44-00895-letter,L3-44-00895,letter,,,3,3,True,False,"{'v2': 1, 'v1': 3}","{'v1': 'F', 'v2': 'M'}",letter,
L3-44-00896-letter,L3-44-00896,letter,,,9,9,True,False,"{'v2': 8, 'v1': 9}","{'v1': 'I', 'v2': 'H'}",letter,
L3-44-00897-letter,L3-44-00897,letter,,,9,9,True,False,"{'v2': 1, 'v1': 9}","{'v1': 'S', 'v2': 'C'}",letter,
L3-44-00898-letter,L3-44-00898,letter,,,7,7,True,False,"{'v2': 3, 'v1': 7}","{'v1': 'Q', 'v2': 'Z'}",letter,
L3-44-00899-letter,L3-44-00899,letter,,,6,6,True,False,"{'v2': 3, 'v1': 6}","{'v1': 'P', 'v2': 'D'}",letter,
L3-44-00900-letter,L3-44-00900,letter,,,7,7,True,False,"{'v2': 1, 'v1': 7}","{'v1': 'R', 'v2': 'H'}",letter,
L3-44-00901-letter,L3-44-00901,letter,,,5,5,True,False,"{'v2': 1, 'v1': 5}","{'v1': 'B', 'v2': 'K'}",letter,
L3-44-00902-letter,L3-44-00902,letter,,,3,3,True,False,"{'v2': 0, 'v1': 3}","{'v1': 'V', 'v2': 'T'}",letter,
L3-44-00903-letter,L3-44-00903,letter,,,6,6,True,False,"{'v2': 1, 'v1': 6}","{'v1': 'P', 'v2': 'C'}",letter,
L3-44-00904-letter,L3-44-00904,letter,,,8,8,True,False,"{'v2': 7, 'v1': 8}","{'v1': 'K', 'v2': 'G'}",letter,
L3-44-00905-letter,L3-44-00905,letter,,,9,9,True,False,"{'v2': 5, 'v1': 9}","{'v1': 'M', 'v2': 'G'}",letter,
L3-44-00906-letter,L3-44-00906,letter,,,8,8,True,False,"{'v2': 1, 'v1': 8}","{'v1': 'R', 'v2': 'A'}",letter,
L3-44-00907-letter,L3-44-00907,letter,,,1,1,True,False,"{'v2': 6, 'v1': 1}","{'v1': 'D', 'v2': 'F'}",letter,
L3-44-00908-letter,L3-44-00908,letter,,,6,6,True,False,"{'v2': 2, 'v1': 6}","{'v1': 'U', 'v2': 'E'}",letter,
L3-44-00909-letter,L3-44-00909,letter,,,6,6,True,False,"{'v2': 1, 'v1': 6}","{'v1': 'H', 'v2': 'M'}",letter,
L3-44-00910-letter,L3-44-00910,letter,,,9,9,True,False,"{'v2': 0, 'v1': 9}","{'v1': 'D', 'v2': 'R'}",letter,
L3-44-00911-letter,L3-44-00911,letter,,,7,7,True,False,"{'v2': 1, 'v1': 7}","{'v1': 'B', 'v2': 'M'}",letter,
L3-44-00912-letter,L3-44-00912,letter,,,8,8,True,False,"{'v2': 3, 'v1': 8}","{'v1': 'E', 'v2': 'P'}",letter,
L3-44-00913-letter,L3-44-00913,letter,,,2,2,True,False,"{'v2': 7, 'v1': 2}","{'v1': 'W', 'v2': 'A'}",letter,
L3-44-00914-letter,L3-44-00914,letter,,,0,0,True,False,"{'v2': 2, 'v1': 0}","{'v1': 'Y', 'v2': 'S'}",letter,
L3-44-00915-letter,L3-44-00915,letter,,,9,9,True,False,"{'v2': 6, 'v1': 9}","{'v1': 'S', 'v2': 'M'}",letter,
L3-44-00916-letter,L3-44-00916,letter,,,3,3,True,False,"{'v2': 0, 'v1': 3}","{'v1': 'Q', 'v2': 'G'}",letter,
L3-44-00917-letter,L3-44-00917,letter,,,6,6,True,False,"{'v2': 0, 'v1': 6}","{'v1': 'G', 'v2': 'E'}",letter,
L3-44-00918-letter,L3-44-00918,letter,,,1,1,True,False,"{'v2': 1, 'v1': 1}","{'v1': 'Y', 'v2': 'I'}",letter,
L3-44-00919-letter,L3-44-00919,letter,,,1,1,True,False,"{'v2': 1, 'v1': 1}","{'v1': 'T', 'v2': 'Q'}",letter,
L3-44-00920-letter,L3-44-00920,letter,,,9,9,True,False,"{'v2': 1, 'v1': 9}","{'v1': 'N', 'v2': 'Z'}",letter,
L3-44-00921-letter,L3-44-00921,letter,,,3,3,True,False,"{'v2': 5, 'v1': 3}","{'v1': 'L', 'v2': 'D'}",letter,
L3-44-00922-letter,L3-44-00922,letter,,,5,5,True,False,"{'v2': 2, 'v1': 5}","{'v1': 'N', 'v2': 'X'}",letter,
L3-44-00923-letter,L3-44-00923,letter,,,7,7,True,False,"{'v2': 1, 'v1': 7}","{'v1': 'G', 'v2': 'Z'}",letter,
L3-44-00924-letter,L3-44-00924,letter,,,9,9,True,False,"{'v2': 0, 'v1': 9}","{'v1': 'C', 'v2': 'B'}",letter,
L3-44-00925-letter,L3-44-00925,letter,,,6,6,True,False,"{'v2': 3, 'v1': 6}","{'v1': 'X', 'v2': 'W'}",letter,
L3-44-00926-letter,L3-44-00926,letter,,,3,3,True,False,"{'v2': 0, 'v1': 3}","{'v1': 'Y', 'v2': 'A'}",letter,
L3-44-00927-letter,L3-44-00927,letter,,,8,8,True,False,"{'v2': 8, 'v1': 8}","{'v1': 'B', 'v2': 'F'}",letter,
L3-44-00928-letter,L3-44-00928,letter,,,0,0,True,False,"{'v2': 0, 'v1': 0}","{'v1': 'V', 'v2': 'Y'}",letter,
L3-44-00929-letter,L3-44-00929,letter,,,4,4,True,False,"{'v2': 0, 'v1': 4}","{'v1': 'M', 'v2': 'H'}",letter,
L3-44-00930-letter,L3-44-00930,letter,,,6,6,True,False,"{'v2': 1, 'v1': 6}","{'v1': 'M', 'v2': 'E'}",letter,
L3-44-00931-letter,L3-44-00931,letter,,,6,0,False,False,"{'v2': 0, 'v1': 6}","{'v1': 'B', 'v2': 'A'}",letter,
L3-44-00932-letter,L3-44-00932,letter,,,1,1,True,False,"{'v2': 1, 'v1': 1}","{'v1': 'A', 'v2': 'T'}",letter,
L3-44-00933-letter,L3-44-00933,letter,,,9,9,True,False,"{'v2': 7, 'v1': 9}","{'v1': 'I', 'v2': 'Q'}",letter,
L3-44-00934-letter,L3-44-00934,letter,,,7,7,True,False,"{'v2': 2, 'v1': 7}","{'v1': 'R', 'v2': 'N'}",letter,
L3-44-00935-letter,L3-44-00935,letter,,,2,2,True,False,"{'v2': 5, 'v1': 2}","{'v1': 'M', 'v2': 'Q'}",letter,
L3-44-00936-letter,L3-44-00936,letter,,,7,7,True,False,"{'v2': 6, 'v1': 7}","{'v1': 'P', 'v2': 'D'}",letter,
L3-44-00937-letter,L3-44-00937,letter,,,2,2,True,False,"{'v2': 0, 'v1': 2}","{'v1': 'P', 'v2': 'T'}",letter,
L3-44-00938-letter,L3-44-00938,letter,,,8,8,True,False,"{'v2': 1, 'v1': 8}","{'v1': 'P', 'v2': 'C'}",letter,
L3-44-00939-letter,L3-44-00939,letter,,,8,8,True,False,"{'v2': 2, 'v1': 8}","{'v1': 'U', 'v2': 'B'}",letter,
L3-44-00940-letter,L3-44-00940,letter,,,7,7,True,False,"{'v2': 5, 'v1': 7}","{'v1': 'C', 'v2': 'U'}",letter,
L3-44-00941-letter,L3-44-00941,letter,,,8,8,True,False,"{'v2': 1, 'v1': 8}","{'v1': 'B', 'v2': 'D'}",letter,
L3-44-00942-letter,L3-44-00942,letter,,,6,6,True,False,"{'v2': 6, 'v1': 6}","{'v1': 'N', 'v2': 'B'}",letter,
L3-44-00943-letter,L3-44-00943,letter,,,7,7,True,False,"{'v2': 7, 'v1': 7}","{'v1': 'X', 'v2': 'V'}",letter,
L3-44-00944-letter,L3-44-00944,letter,,,4,4,True,False,"{'v2': 1, 'v1': 4}","{'v1': 'C', 'v2': 'J'}",letter,
L3-44-00945-letter,L3-44-00945,letter,,,6,6,True,False,"{'v2': 6, 'v1': 6}","{'v1': 'T', 'v2': 'E'}",letter,
L3-44-00946-letter,L3-44-00946,letter,,,7,7,True,False,"{'v2': 1, 'v1': 7}","{'v1': 'I', 'v2': 'P'}",letter,
L3-44-00947-letter,L3-44-00947,letter,,,2,2,True,False,"{'v2': 1, 'v1': 2}","{'v1': 'T', 'v2': 'D'}",letter,
L3-44-00948-letter,L3-44-00948,letter,,,0,0,True,False,"{'v2': 0, 'v1': 0}","{'v1': 'N', 'v2': 'R'}",letter,
L3-44-00949-letter,L3-44-00949,letter,,,8,8,True,False,"{'v2': 7, 'v1': 8}","{'v1': 'O', 'v2': 'X'}",letter,
L3-44-00950-letter,L3-44-00950,letter,,,5,5,True,False,"{'v2': 2, 'v1': 5}","{'v1': 'C', 'v2': 'O'}",letter,
L3-44-00951-letter,L3-44-00951,letter,,,0,0,True,False,"{'v2': 0, 'v1': 0}","{'v1': 'C', 'v2': 'Z'}",letter,
L3-44-00952-letter,L3-44-00952,letter,,,1,1,True,False,"{'v2': 8, 'v1': 1}","{'v1': 'S', 'v2': 'B'}",letter,
L3-44-00953-letter,L3-44-00953,letter,,,9,9,True,False,"{'v2': 8, 'v1': 9}","{'v1': 'Z', 'v2': 'U'}",letter,
L3-44-00954-letter,L3-44-00954,letter,,,2,2,True,False,"{'v2': 6, 'v1': 2}","{'v1': 'E', 'v2': 'Z'}",letter,
L3-44-00955-letter,L3-44-00955,letter,,,5,5,True,False,"{'v2': 2, 'v1': 5}","{'v1': 'B', 'v2': 'J'}",letter,
L3-44-00956-letter,L3-44-00956,letter,,,2,2,True,False,"{'v2': 0, 'v1': 2}","{'v1': 'H', 'v2': 'E'}",letter,
L3-44-00957-letter,L3-44-00957,letter,,,4,4,True,False,"{'v2': 3, 'v1': 4}","{'v1': 'X', 'v2': 'M'}",letter,
L3-44-00958-letter,L3-44-00958,letter,,,3,3,True,False,"{'v2': 2, 'v1': 3}","{'v1': 'T', 'v2': 'V'}",letter,
L3-44-00959-letter,L3-44-00959,letter,,,3,3,True,False,"{'v2': 3, 'v1': 3}","{'v1': 'X', 'v2': 'Z'}",letter,
L3-44-00960-letter,L3-44-00960,letter,,,9,9,True,False,"{'v2': 7, 'v1': 9}","{'v1': 'Z', 'v2': 'M'}",letter,
L3-44-00961-letter,L3-44-00961,letter,,,9,9,True,False,"{'v2': 0, 'v1': 9}","{'v1': 'P', 'v2': 'D'}",letter,
L3-44-00962-letter,L3-44-00962,letter,,,6,6,True,False,"{'v2': 6, 'v1': 6}","{'v1': 'C', 'v2': 'O'}",letter,
L3-44-00963-letter,L3-44-00963,letter,,,1,1,True,False,"{'v2': 5, 'v1': 1}","{'v1': 'J', 'v2': 'F'}",letter,
L3-44-00964-letter,L3-44-00964,letter,,,3,3,True,False,"{'v2': 5, 'v1': 3}","{'v1': 'M', 'v2': 'I'}",letter,
L3-44-00965-letter,L3-44-00965,letter,,,1,1,True,False,"{'v2': 3, 'v1': 1}","{'v1': 'Z', 'v2': 'J'}",letter,
L3-44-00966-letter,L3-44-00966,letter,,,8,8,True,False,"{'v2': 1, 'v1': 8}","{'v1': 'O', 'v2': 'N'}",letter,
L3-44-00967-letter,L3-44-00967,letter,,,1,1,True,False,"{'v2': 1, 'v1': 1}","{'v1': 'O', 'v2': 'T'}",letter,
L3-44-00968-letter,L3-44-00968,letter,,,7,7,True,False,"{'v2': 1, 'v1': 7}","{'v1': 'J', 'v2': 'D'}",letter,
L3-44-00969-letter,L3-44-00969,letter,,,3,3,True,False,"{'v2': 3, 'v1': 3}","{'v1': 'A', 'v2': 'G'}",letter,
L3-44-00970-letter,L3-44-00970,letter,,,7,7,True,False,"{'v2': 7, 'v1': 7}","{'v1': 'T', 'v2': 'P'}",letter,
L3-44-00971-letter,L3-44-00971,letter,,,1,1,True,False,"{'v2': 6, 'v1': 1}","{'v1': 'L', 'v2': 'E'}",letter,
L3-44-00972-letter,L3-44-00972,letter,,,6,6,True,False,"{'v2': 0, 'v1': 6}","{'v1': 'I', 'v2': 'M'}",letter,
L3-44-00973-letter,L3-44-00973,letter,,,0,0,True,False,"{'v2': 5, 'v1': 0}","{'v1': 'K', 'v2': 'D'}",letter,
L3-44-00974-letter,L3-44-00974,letter,,,0,0,True,False,"{'v2': 7, 'v1': 0}","{'v1': 'E', 'v2': 'M'}",letter,
L3-44-00975-letter,L3-44-00975,letter,,,5,5,True,False,"{'v2': 1, 'v1': 5}","{'v1': 'J', 'v2': 'P'}",letter,
L3-44-00976-letter,L3-44-00976,letter,,,0,0,True,False,"{'v2': 9, 'v1': 0}","{'v1': 'I', 'v2': 'E'}",letter,
L3-44-00977-letter,L3-44-00977,letter,,,2,2,True,False,"{'v2': 5, 'v1': 2}","{'v1': 'S', 'v2': 'K'}",letter,
L3-44-00978-letter,L3-44-00978,letter,,,6,6,True,False,"{'v2': 5, 'v1': 6}","{'v1': 'R', 'v2': 'B'}",letter,
L3-44-00979-letter,L3-44-00979,letter,,,3,-3,False,False,"{'v2': 0, 'v1': 3}","{'v1': 'C', 'v2': 'X'}",letter,
L3-44-00980-letter,L3-44-00980,letter,,,6,6,True,False,"{'v2': 6, 'v1': 6}","{'v1': 'W', 'v2': 'G'}",letter,
L3-44-00981-letter,L3-44-00981,letter,,,1,1,True,False,"{'v2': 1, 'v1': 1}","{'v1': 'J', 'v2': 'U'}",letter,
L3-44-00982-letter,L3-44-00982,letter,,,4,4,True,False,"{'v2': 0, 'v1': 4}","{'v1': 'D', 'v2': 'B'}",letter,
L3-44-00983-letter,L3-44-00983,letter,,,0,0,True,False,"{'v2': 7, 'v1': 0}","{'v1': 'G', 'v2': 'K'}",letter,
L3-44-00984-letter,L3-44-00984,letter,,,1,1,True,False,"{'v2': 6, 'v1': 1}","{'v1': 'C', 'v2': 'G'}",letter,
L3-44-00985-letter,L3-44-00985,letter,,,3,3,True,False,"{'v2': 1, 'v1': 3}","{'v1': 'X', 'v2': 'F'}",letter,
L3-44-00986-letter,L3-44-00986,letter,,,9,9,True,False,"{'v2': 6, 'v1': 9}","{'v1': 'L', 'v2': 'A'}",letter,
L3-44-00987-letter,L3-44-00987,letter,,,1,1,True,False,"{'v2': 2, 'v1': 1}","{'v1': 'J', 'v2': 'V'}",letter,
L3-44-00988-letter,L3-44-00988,letter,,,3,3,True,False,"{'v2': 6, 'v1': 3}","{'v1': 'E', 'v2': 'P'}",letter,
L3-44-00989-letter,L3-44-00989,letter,,,9,9,True,False,"{'v2': 1, 'v1': 9}","{'v1': 'H', 'v2': 'L'}",letter,
L3-44-00990-letter,L3-44-00990,letter,,,9,9,True,False,"{'v2': 5, 'v1': 9}","{'v1': 'E', 'v2': 'O'}",letter,
L3-44-00991-letter,L3-44-00991,letter,,,8,8,True,False,"{'v2': 0, 'v1': 8}","{'v1': 'Z', 'v2': 'J'}",letter,
L3-44-00992-letter,L3-44-00992,letter,,,1,1,True,False,"{'v2': 1, 'v1': 1}","{'v1': 'Z', 'v2': 'K'}",letter,
L3-44-00993-letter,L3-44-00993,letter,,,7,7,True,False,"{'v2': 1, 'v1': 7}","{'v1': 'F', 'v2': 'P'}",letter,
L3-44-00994-letter,L3-44-00994,letter,,,1,1,True,False,"{'v2': 6, 'v1': 1}","{'v1': 'D', 'v2': 'C'}",letter,
L3-44-00995-letter,L3-44-00995,letter,,,4,4,True,False,"{'v2': 3, 'v1': 4}","{'v1': 'H', 'v2': 'S'}",letter,
L3-44-00996-letter,L3-44-00996,letter,,,1,1,True,False,"{'v2': 7, 'v1': 1}","{'v1': 'V', 'v2': 'Q'}",letter,
L3-44-00997-letter,L3-44-00997,letter,,,1,1,True,False,"{'v2': 8, 'v1': 1}","{'v1': 'U', 'v2': 'B'}",letter,
L3-44-00998-letter,L3-44-00998,letter,,,1,1,True,False,"{'v2': 1, 'v1': 1}","{'v1': 'E', 'v2': 'D'}",letter,
L3-44-00999-letter,L3-44-00999,letter,,,8,8,True,False,"{'v2': 3, 'v1': 8}","{'v1': 'Q', 'v2': 'C'}",letter,
L3-44-01000-letter,L3-44-01000,letter,,,6,6,True,False,"{'v2': 1, 'v1': 6}","{'v1': 'G', 'v2': 'Y'}",letter,
L3-44-01001-letter,L3-44-01001,letter,,,1,1,True,False,"{'v2': 1, 'v1': 1}","{'v1': 'U', 'v2': 'R'}",letter,
L3-44-01002-letter,L3-44-01002,letter,,,3,3,True,False,"{'v2': 1, 'v1': 3}","{'v1': 'U', 'v2': 'Z'}",letter,
L3-44-01003-letter,L3-44-01003,letter,,,6,6,True,False,"{'v2': 0, 'v1': 6}","{'v1': 'Q', 'v2': 'N'}",letter,
L3-44-01004-letter,L3-44-01004,letter,,,8,8,True,False,"{'v2': 5, 'v1': 8}","{'v1': 'B', 'v2': 'L'}",letter,
L3-44-01005-letter,L3-44-01005,letter,,,4,4,True,False,"{'v2': 2, 'v1': 4}","{'v1': 'S', 'v2': 'M'}",letter,
L3-44-01006-letter,L3-44-01006,letter,,,6,6,True,False,"{'v2': 5, 'v1': 6}","{'v1': 'J', 'v2': 'P'}",letter,
L3-44-01007-letter,L3-44-01007,letter,,,2,2,True,False,"{'v2': 2, 'v1': 2}","{'v1': 'C', 'v2': 'A'}",letter,
L3-44-01008-letter,L3-44-01008,letter,,,0,0,True,False,"{'v2': 8, 'v1': 0}","{'v1': 'G', 'v2': 'E'}",letter,
L3-44-01009-letter,L3-44-01009,letter,,,4,4,True,False,"{'v2': 2, 'v1': 4}","{'v1': 'A', 'v2': 'V'}",letter,
L3-44-01010-letter,L3-44-01010,letter,,,0,0,True,False,"{'v2': 0, 'v1': 0}","{'v1': 'K', 'v2': 'H'}",letter,
L3-44-01011-letter,L3-44-01011,letter,,,0,0,True,False,"{'v2': 7, 'v1': 0}","{'v1': 'C', 'v2': 'X'}",letter,
L3-44-01012-letter,L3-44-01012,letter,,,6,6,True,False,"{'v2': 1, 'v1': 6}","{'v1': 'Q', 'v2': 'A'}",letter,
L3-44-01013-letter,L3-44-01013,letter,,,4,4,True,False,"{'v2': 1, 'v1': 4}","{'v1': 'L', 'v2': 'B'}",letter,
L3-44-01014-letter,L3-44-01014,letter,,,9,9,True,False,"{'v2': 0, 'v1': 9}","{'v1': 'A', 'v2': 'F'}",letter,
L3-44-01015-letter,L3-44-01015,letter,,,3,3,True,False,"{'v2': 3, 'v1': 3}","{'v1': 'F', 'v2': 'G'}",letter,
L3-44-01016-letter,L3-44-01016,letter,,,0,0,True,False,"{'v2': 9, 'v1': 0}","{'v1': 'Y', 'v2': 'X'}",letter,
L3-44-01017-letter,L3-44-01017,letter,,,3,3,True,False,"{'v2': 0, 'v1': 3}","{'v1': 'A', 'v2': 'Q'}",letter,
L3-44-01018-letter,L3-44-01018,letter,,,2,2,True,False,"{'v2': 6, 'v1': 2}","{'v1': 'Q', 'v2': 'N'}",letter,
L3-44-01019-letter,L3-44-01019,letter,,,2,2,True,False,"{'v2': 0, 'v1': 2}","{'v1': 'N', 'v2': 'S'}",letter,
L3-44-01020-letter,L3-44-01020,letter,,,6,6,True,False,"{'v2': 5, 'v1': 6}","{'v1': 'X', 'v2': 'B'}",letter,
L3-44-01021-letter,L3-44-01021,letter,,,8,8,True,False,"{'v2': 1, 'v1': 8}","{'v1': 'W', 'v2': 'K'}",letter,
L3-44-01022-letter,L3-44-01022,letter,,,4,4,True,False,"{'v2': 0, 'v1': 4}","{'v1': 'O', 'v2': 'C'}",letter,
L3-44-01023-letter,L3-44-01023,letter,,,5,5,True,False,"{'v2': 5, 'v1': 5}","{'v1': 'I', 'v2': 'B'}",letter,
L3-44-01024-letter,L3-44-01024,letter,,,5,5,True,False,"{'v2': 5, 'v1': 5}","{'v1': 'K', 'v2': 'W'}",letter,
L3-44-01025-letter,L3-44-01025,letter,,,4,4,True,False,"{'v2': 0, 'v1': 4}","{'v1': 'Z', 'v2': 'F'}",letter,
L3-44-01026-letter,L3-44-01026,letter,,,8,8,True,False,"{'v2': 6, 'v1': 8}","{'v1': 'C', 'v2': 'W'}",letter,
L3-44-01027-letter,L3-44-01027,letter,,,3,3,True,False,"{'v2': 0, 'v1': 3}","{'v1': 'C', 'v2': 'V'}",letter,
L3-44-01028-letter,L3-44-01028,letter,,,8,8,True,False,"{'v2': 3, 'v1': 8}","{'v1': 'Y', 'v2': 'P'}",letter,
L3-44-01029-letter,L3-44-01029,letter,,,0,0,True,False,"{'v2': 0, 'v1': 0}","{'v1': 'G', 'v2': 'Y'}",letter,
L3-44-01030-letter,L3-44-01030,letter,,,6,6,True,False,"{'v2': 2, 'v1': 6}","{'v1': 'X', 'v2': 'N'}",letter,
L3-44-01031-letter,L3-44-01031,letter,,,6,6,True,False,"{'v2': 1, 'v1': 6}","{'v1': 'N', 'v2': 'J'}",letter,
L3-44-01032-letter,L3-44-01032,letter,,,7,7,True,False,"{'v2': 6, 'v1': 7}","{'v1': 'D', 'v2': 'H'}",letter,
L3-44-01033-letter,L3-44-01033,letter,,,6,6,True,False,"{'v2': 3, 'v1': 6}","{'v1': 'P', 'v2': 'L'}",letter,
L3-44-01034-letter,L3-44-01034,letter,,,8,8,True,False,"{'v2': 1, 'v1': 8}","{'v1': 'M', 'v2': 'J'}",letter,
L3-44-01035-letter,L3-44-01035,letter,,,6,6,True,False,"{'v2': 5, 'v1': 6}","{'v1': 'R', 'v2': 'S'}",letter,
L3-44-01036-letter,L3-44-01036,letter,,,9,9,True,False,"{'v2': 0, 'v1': 9}","{'v1': 'I', 'v2': 'H'}",letter,
L3-44-01037-letter,L3-44-01037,letter,,,9,9,True,False,"{'v2': 3, 'v1': 9}","{'v1': 'Q', 'v2': 'U'}",letter,
L3-44-01038-letter,L3-44-01038,letter,,,8,8,True,False,"{'v2': 0, 'v1': 8}","{'v1': 'J', 'v2': 'I'}",letter,
L3-44-01039-letter,L3-44-01039,letter,,,3,3,True,False,"{'v2': 5, 'v1': 3}","{'v1': 'R', 'v2': 'A'}",letter,
L3-44-01040-letter,L3-44-01040,letter,,,1,1,True,False,"{'v2': 8, 'v1': 1}","{'v1': 'D', 'v2': 'F'}",letter,
L3-44-01041-letter,L3-44-01041,letter,,,0,-1,False,False,"{'v2': 1, 'v1': 0}","{'v1': 'O', 'v2': 'F'}",letter,
L3-44-01042-letter,L3-44-01042,letter,,,7,6,False,False,"{'v2': 0, 'v1': 7}","{'v1': 'B', 'v2': 'I'}",letter,
L3-44-01043-letter,L3-44-01043,letter,,,0,0,True,False,"{'v2': 2, 'v1': 0}","{'v1': 'M', 'v2': 'J'}",letter,
L3-44-01044-letter,L3-44-01044,letter,,,7,7,True,False,"{'v2': 1, 'v1': 7}","{'v1': 'I', 'v2': 'X'}",letter,
L3-44-01045-letter,L3-44-01045,letter,,,1,1,True,False,"{'v2': 6, 'v1': 1}","{'v1': 'C', 'v2': 'Q'}",letter,
L3-44-01046-letter,L3-44-01046,letter,,,3,3,True,False,"{'v2': 1, 'v1': 3}","{'v1': 'R', 'v2': 'I'}",letter,
L3-44-01047-letter,L3-44-01047,letter,,,6,6,True,False,"{'v2': 2, 'v1': 6}","{'v1': 'M', 'v2': 'V'}",letter,
L3-44-01048-letter,L3-44-01048,letter,,,5,5,True,False,"{'v2': 5, 'v1': 5}","{'v1': 'X', 'v2': 'S'}",letter,
L3-44-01049-letter,L3-44-01049,letter,,,1,1,True,False,"{'v2': 8, 'v1': 1}","{'v1': 'V', 'v2': 'M'}",letter,
L3-44-01050-letter,L3-44-01050,letter,,,1,1,True,False,"{'v2': 6, 'v1': 1}","{'v1': 'Z', 'v2': 'V'}",letter,
L3-44-01051-letter,L3-44-01051,letter,,,4,4,True,False,"{'v2': 0, 'v1': 4}","{'v1': 'M', 'v2': 'Z'}",letter,
L3-44-01052-letter,L3-44-01052,letter,,,3,3,True,False,"{'v2': 0, 'v1': 3}","{'v1': 'A', 'v2': 'F'}",letter,
L3-44-01053-letter,L3-44-01053,letter,,,9,9,True,False,"{'v2': 6, 'v1': 9}","{'v1': 'M', 'v2': 'U'}",letter,
L3-44-01054-letter,L3-44-01054,letter,,,1,1,True,False,"{'v2': 5, 'v1': 1}","{'v1': 'D', 'v2': 'M'}",letter,
L3-44-01055-letter,L3-44-01055,letter,,,0,0,True,False,"{'v2': 2, 'v1': 0}","{'v1': 'U', 'v2': 'Y'}",letter,
L3-44-01056-letter,L3-44-01056,letter,,,9,9,True,False,"{'v2': 6, 'v1': 9}","{'v1': 'N', 'v2': 'U'}",letter,
L3-44-01057-letter,L3-44-01057,letter,,,5,5,True,False,"{'v2': 1, 'v1': 5}","{'v1': 'E', 'v2': 'Y'}",letter,
L3-44-01058-letter,L3-44-01058,letter,,,8,8,True,False,"{'v2': 3, 'v1': 8}","{'v1': 'Q', 'v2': 'M'}",letter,
L3-44-01059-letter,L3-44-01059,letter,,,8,8,True,False,"{'v2': 0, 'v1': 8}","{'v1': 'B', 'v2': 'C'}",letter,
L3-44-01060-letter,L3-44-01060,letter,,,5,5,True,False,"{'v2': 1, 'v1': 5}","{'v1': 'P', 'v2': 'A'}",letter,
L3-44-01061-letter,L3-44-01061,letter,,,6,6,True,False,"{'v2': 2, 'v1': 6}","{'v1': 'Z', 'v2': 'Q'}",letter,
L3-44-01062-letter,L3-44-01062,letter,,,1,1,True,False,"{'v2': 1, 'v1': 1}","{'v1': 'S', 'v2': 'Q'}",letter,
L3-44-01063-letter,L3-44-01063,letter,,,8,8,True,False,"{'v2': 1, 'v1': 8}","{'v1': 'J', 'v2': 'U'}",letter,
L3-44-01064-letter,L3-44-01064,letter,,,7,7,True,False,"{'v2': 2, 'v1': 7}","{'v1': 'E', 'v2': 'J'}",letter,
L3-44-01065-letter,L3-44-01065,letter,,,9,9,True,False,"{'v2': 5, 'v1': 9}","{'v1': 'B', 'v2': 'W'}",letter,
L3-44-01066-letter,L3-44-01066,letter,,,9,9,True,False,"{'v2': 5, 'v1': 9}","{'v1': 'F', 'v2': 'H'}",letter,
L3-44-01067-letter,L3-44-01067,letter,,,8,8,True,False,"{'v2': 2, 'v1': 8}","{'v1': 'D', 'v2': 'H'}",letter,
L3-44-01068-letter,L3-44-01068,letter,,,1,1,True,False,"{'v2': 0, 'v1': 1}","{'v1': 'R', 'v2': 'D'}",letter,
L3-44-01069-letter,L3-44-01069,letter,,,8,8,True,False,"{'v2': 0, 'v1': 8}","{'v1': 'Y', 'v2': 'I'}",letter,
L3-44-01070-letter,L3-44-01070,letter,,,6,6,True,False,"{'v2': 2, 'v1': 6}","{'v1': 'T', 'v2': 'O'}",letter,
L3-44-01071-letter,L3-44-01071,letter,,,3,3,True,False,"{'v2': 1, 'v1': 3}","{'v1': 'M', 'v2': 'H'}",letter,
L3-44-01072-letter,L3-44-01072,letter,,,0,0,True,False,"{'v2': 7, 'v1': 0}","{'v1': 'K', 'v2': 'M'}",letter,
L3-44-01073-letter,L3-44-01073,letter,,,2,2,True,False,"{'v2': 2, 'v1': 2}","{'v1': 'I', 'v2': 'N'}",letter,
L3-44-01074-letter,L3-44-01074,letter,,,9,9,True,False,"{'v2': 7, 'v1': 9}","{'v1': 'M', 'v2': 'F'}",letter,
L3-44-01075-letter,L3-44-01075,letter,,,1,1,True,False,"{'v2': 0, 'v1': 1}","{'v1': 'B', 'v2': 'H'}",letter,
L3-44-01076-letter,L3-44-01076,letter,,,1,1,True,False,"{'v2': 6, 'v1': 1}","{'v1': 'Z', 'v2': 'H'}",letter,
L3-44-01077-letter,L3-44-01077,letter,,,0,0,True,False,"{'v2': 2, 'v1': 0}","{'v1': 'I', 'v2': 'A'}",letter,
L3-44-01078-letter,L3-44-01078,letter,,,3,3,True,False,"{'v2': 1, 'v1': 3}","{'v1': 'C', 'v2': 'O'}",letter,
L3-44-01079-letter,L3-44-01079,letter,,,3,3,True,False,"{'v2': 6, 'v1': 3}","{'v1': 'R', 'v2': 'G'}",letter,
L3-44-01080-letter,L3-44-01080,letter,,,7,7,True,False,"{'v2': 6, 'v1': 7}","{'v1': 'N', 'v2': 'V'}",letter,
L3-44-01081-letter,L3-44-01081,letter,,,6,6,True,False,"{'v2': 0, 'v1': 6}","{'v1': 'O', 'v2': 'U'}",letter,
L3-44-01082-letter,L3-44-01082,letter,,,2,2,True,False,"{'v2': 7, 'v1': 2}","{'v1': 'R', 'v2': 'D'}",letter,
L3-44-01083-letter,L3-44-01083,letter,,,0,0,True,False,"{'v2': 6, 'v1': 0}","{'v1': 'F', 'v2': 'G'}",letter,
L3-44-01084-letter,L3-44-01084,letter,,,0,0,True,False,"{'v2': 0, 'v1': 0}","{'v1': 'T', 'v2': 'J'}",letter,
L3-44-01085-letter,L3-44-01085,letter,,,9,9,True,False,"{'v2': 9, 'v1': 9}","{'v1': 'S', 'v2': 'E'}",letter,
L3-44-01086-letter,L3-44-01086,letter,,,5,5,True,False,"{'v2': 1, 'v1': 5}","{'v1': 'Y', 'v2': 'F'}",letter,
L3-44-01087-letter,L3-44-01087,letter,,,8,8,True,False,"{'v2': 8, 'v1': 8}","{'v1': 'H', 'v2': 'T'}",letter,
L3-44-01088-letter,L3-44-01088,letter,,,8,8,True,False,"{'v2': 1, 'v1': 8}","{'v1': 'N', 'v2': 'K'}",letter,
L3-44-01089-letter,L3-44-01089,letter,,,1,1,True,False,"{'v2': 6, 'v1': 1}","{'v1': 'V', 'v2': 'Y'}",letter,
L3-44-01090-letter,L3-44-01090,letter,,,5,5,True,False,"{'v2': 1, 'v1': 5}","{'v1': 'K', 'v2': 'R'}",letter,
L3-44-01091-letter,L3-44-01091,letter,,,6,6,True,False,"{'v2': 1, 'v1': 6}","{'v1': 'E', 'v2': 'M'}",letter,
L3-44-01092-letter,L3-44-01092,letter,,,7,7,True,False,"{'v2': 1, 'v1': 7}","{'v1': 'C', 'v2': 'U'}",letter,
L3-44-01093-letter,L3-44-01093,letter,,,4,4,True,False,"{'v2': 1, 'v1': 4}","{'v1': 'X', 'v2': 'W'}",letter,
L3-44-01094-letter,L3-44-01094,letter,,,0,0,True,False,"{'v2': 0, 'v1': 0}","{'v1': 'G', 'v2': 'J'}",letter,
L3-44-01095-letter,L3-44-01095,letter,,,9,9,True,False,"{'v2': 6, 'v1': 9}","{'v1': 'U', 'v2': 'B'}",letter,
L3-44-01096-letter,L3-44-01096,letter,,,1,1,True,False,"{'v2': 8, 'v1': 1}","{'v1': 'N', 'v2': 'S'}",letter,
L3-44-01097-letter,L3-44-01097,letter,,,8,8,True,False,"{'v2': 1, 'v1': 8}","{'v1': 'D', 'v2': 'W'}",letter,
L3-44-01098-letter,L3-44-01098,letter,,,7,7,True,False,"{'v2': 2, 'v1': 7}","{'v1': 'P', 'v2': 'F'}",letter,
L3-44-01099-letter,L3-44-01099,letter,,,2,2,True,False,"{'v2': 5, 'v1': 2}","{'v1': 'I', 'v2': 'T'}",letter,
L3-44-01100-letter,L3-44-01100,letter,,,2,2,True,False,"{'v2': 5, 'v1': 2}","{'v1': 'H', 'v2': 'C'}",letter,
L3-44-01101-letter,L3-44-01101,letter,,,6,6,True,False,"{'v2': 0, 'v1': 6}","{'v1': 'W', 'v2': 'C'}",letter,
L3-44-01102-letter,L3-44-01102,letter,,,1,1,True,False,"{'v2': 8, 'v1': 1}","{'v1': 'F', 'v2': 'M'}",letter,
L3-44-01103-letter,L3-44-01103,letter,,,0,0,True,False,"{'v2': 9, 'v1': 0}","{'v1': 'A', 'v2': 'O'}",letter,
L3-44-01104-letter,L3-44-01104,letter,,,9,3,False,False,"{'v2': 0, 'v1': 9}","{'v1': 'G', 'v2': 'X'}",letter,
L3-44-01105-letter,L3-44-01105,letter,,,5,5,True,False,"{'v2': 3, 'v1': 5}","{'v1': 'P', 'v2': 'V'}",letter,
L3-44-01106-letter,L3-44-01106,letter,,,4,4,True,False,"{'v2': 2, 'v1': 4}","{'v1': 'H', 'v2': 'Y'}",letter,
L3-44-01107-letter,L3-44-01107,letter,,,7,7,True,False,"{'v2': 7, 'v1': 7}","{'v1': 'E', 'v2': 'X'}",letter,
L3-44-01108-letter,L3-44-01108,letter,,,2,2,True,False,"{'v2': 3, 'v1': 2}","{'v1': 'K', 'v2': 'D'}",letter,
L3-44-01109-letter,L3-44-01109,letter,,,3,3,True,False,"{'v2': 0, 'v1': 3}","{'v1': 'W', 'v2': 'J'}",letter,
L3-44-01110-letter,L3-44-01110,letter,,,5,5,True,False,"{'v2': 0, 'v1': 5}","{'v1': 'Z', 'v2': 'U'}",letter,
L3-44-01111-letter,L3-44-01111,letter,,,5,5,True,False,"{'v2': 1, 'v1': 5}","{'v1': 'N', 'v2': 'V'}",letter,
L3-44-01112-letter,L3-44-01112,letter,,,0,0,True,False,"{'v2': 1, 'v1': 0}","{'v1': 'R', 'v2': 'G'}",letter,
L3-44-01113-letter,L3-44-01113,letter,,,9,9,True,False,"{'v2': 0, 'v1': 9}","{'v1': 'J', 'v2': 'R'}",letter,
L3-44-01114-letter,L3-44-01114,letter,,,6,6,True,False,"{'v2': 3, 'v1': 6}","{'v1': 'D', 'v2': 'X'}",letter,
L3-44-01115-letter,L3-44-01115,letter,,,7,7,True,False,"{'v2': 1, 'v1': 7}","{'v1': 'U', 'v2': 'T'}",letter,
L3-44-01116-letter,L3-44-01116,letter,,,8,8,True,False,"{'v2': 6, 'v1': 8}","{'v1': 'X', 'v2': 'L'}",letter,
L3-44-01117-letter,L3-44-01117,letter,,,7,7,True,False,"{'v2': 1, 'v1': 7}","{'v1': 'F', 'v2': 'W'}",letter,
L3-44-01118-letter,L3-44-01118,letter,,,4,4,True,False,"{'v2': 0, 'v1': 4}","{'v1': 'Z', 'v2': 'S'}",letter,
L3-44-01119-letter,L3-44-01119,letter,,,7,7,True,False,"{'v2': 7, 'v1': 7}","{'v1': 'G', 'v2': 'X'}",letter,
L3-44-01120-letter,L3-44-01120,letter,,,6,6,True,False,"{'v2': 1, 'v1': 6}","{'v1': 'K', 'v2': 'W'}",letter,
L3-44-01121-letter,L3-44-01121,letter,,,9,9,True,False,"{'v2': 8, 'v1': 9}","{'v1': 'B', 'v2': 'H'}",letter,
L3-44-01122-letter,L3-44-01122,letter,,,8,8,True,False,"{'v2': 0, 'v1': 8}","{'v1': 'L', 'v2': 'K'}",letter,
L3-44-01123-letter,L3-44-01123,letter,,,5,5,True,False,"{'v2': 3, 'v1': 5}","{'v1': 'F', 'v2': 'I'}",letter,
L3-44-01124-letter,L3-44-01124,letter,,,5,5,True,False,"{'v2': 5, 'v1': 5}","{'v1': 'R', 'v2': 'W'}",letter,
L3-44-01125-letter,L3-44-01125,letter,,,8,8,True,False,"{'v2': 6, 'v1': 8}","{'v1': 'J', 'v2': 'R'}",letter,
L3-44-01126-letter,L3-44-01126,letter,,,5,5,True,False,"{'v2': 1, 'v1': 5}","{'v1': 'O', 'v2': 'C'}",letter,
L3-44-01127-letter,L3-44-01127,letter,,,0,0,True,False,"{'v2': 1, 'v1': 0}","{'v1': 'N', 'v2': 'G'}",letter,
L3-44-01128-letter,L3-44-01128,letter,,,5,5,True,False,"{'v2': 1, 'v1': 5}","{'v1': 'L', 'v2': 'Z'}",letter,
L3-44-01129-letter,L3-44-01129,letter,,,5,5,True,False,"{'v2': 0, 'v1': 5}","{'v1': 'Y', 'v2': 'V'}",letter,
L3-44-01130-letter,L3-44-01130,letter,,,3,3,True,False,"{'v2': 0, 'v1': 3}","{'v1': 'D', 'v2': 'V'}",letter,
L3-44-01131-letter,L3-44-01131,letter,,,6,6,True,False,"{'v2': 5, 'v1': 6}","{'v1': 'J', 'v2': 'A'}",letter,
L3-44-01132-letter,L3-44-01132,letter,,,3,3,True,False,"{'v2': 0, 'v1': 3}","{'v1': 'C', 'v2': 'W'}",letter,
L3-44-01133-letter,L3-44-01133,letter,,,2,2,True,False,"{'v2': 3, 'v1': 2}","{'v1': 'G', 'v2': 'J'}",letter,
L3-44-01134-letter,L3-44-01134,letter,,,2,2,True,False,"{'v2': 0, 'v1': 2}","{'v1': 'Z', 'v2': 'E'}",letter,
L3-44-01135-letter,L3-44-01135,letter,,,5,5,True,False,"{'v2': 2, 'v1': 5}","{'v1': 'M', 'v2': 'P'}",letter,
L3-44-01136-letter,L3-44-01136,letter,,,6,6,True,False,"{'v2': 0, 'v1': 6}","{'v1': 'T', 'v2': 'R'}",letter,
L3-44-01137-letter,L3-44-01137,letter,,,5,5,True,False,"{'v2': 2, 'v1': 5}","{'v1': 'J', 'v2': 'N'}",letter,
L3-44-01138-letter,L3-44-01138,letter,,,6,6,True,False,"{'v2': 6, 'v1': 6}","{'v1': 'W', 'v2': 'Y'}",letter,
L3-44-01139-letter,L3-44-01139,letter,,,7,7,True,False,"{'v2': 5, 'v1': 7}","{'v1': 'V', 'v2': 'O'}",letter,
L3-44-01140-letter,L3-44-01140,letter,,,2,2,True,False,"{'v2': 7, 'v1': 2}","{'v1': 'Q', 'v2': 'W'}",letter,
L3-44-01141-letter,L3-44-01141,letter,,,2,2,True,False,"{'v2': 1, 'v1': 2}","{'v1': 'T', 'v2': 'E'}",letter,
L3-44-01142-letter,L3-44-01142,letter,,,9,9,True,False,"{'v2': 2, 'v1': 9}","{'v1': 'F', 'v2': 'O'}",letter,
L3-44-01143-letter,L3-44-01143,letter,,,3,3,True,False,"{'v2': 6, 'v1': 3}","{'v1': 'Q', 'v2': 'K'}",letter,
L3-44-01144-letter,L3-44-01144,letter,,,2,2,True,False,"{'v2': 7, 'v1': 2}","{'v1': 'O', 'v2': 'Q'}",letter,
L3-44-01145-letter,L3-44-01145,letter,,,7,7,True,False,"{'v2': 5, 'v1': 7}","{'v1': 'Z', 'v2': 'K'}",letter,
L3-44-01146-letter,L3-44-01146,letter,,,4,4,True,False,"{'v2': 0, 'v1': 4}","{'v1': 'A', 'v2': 'K'}",letter,
L3-44-01147-letter,L3-44-01147,letter,,,5,5,True,False,"{'v2': 1, 'v1': 5}","{'v1': 'O', 'v2': 'V'}",letter,
L3-44-01148-letter,L3-44-01148,letter,,,4,4,True,False,"{'v2': 1, 'v1': 4}","{'v1': 'N', 'v2': 'E'}",letter,
L3-44-01149-letter,L3-44-01149,letter,,,6,6,True,False,"{'v2': 0, 'v1': 6}","{'v1': 'D', 'v2': 'O'}",letter,
L3-44-01150-letter,L3-44-01150,letter,,,0,0,True,False,"{'v2': 7, 'v1': 0}","{'v1': 'N', 'v2': 'B'}",letter,
L3-44-01151-letter,L3-44-01151,letter,,,5,5,True,False,"{'v2': 1, 'v1': 5}","{'v1': 'L', 'v2': 'Y'}",letter,
L3-44-01152-letter,L3-44-01152,letter,,,7,7,True,False,"{'v2': 3, 'v1': 7}","{'v1': 'O', 'v2': 'E'}",letter,
L3-44-01153-letter,L3-44-01153,letter,,,6,6,True,False,"{'v2': 1, 'v1': 6}","{'v1': 'R', 'v2': 'K'}",letter,
L3-44-01154-letter,L3-44-01154,letter,,,7,7,True,False,"{'v2': 2, 'v1': 7}","{'v1': 'U', 'v2': 'X'}",letter,
L3-44-01155-letter,L3-44-01155,letter,,,2,2,True,False,"{'v2': 0, 'v1': 2}","{'v1': 'V', 'v2': 'P'}",letter,
L3-44-01156-letter,L3-44-01156,letter,,,7,7,True,False,"{'v2': 2, 'v1': 7}","{'v1': 'B', 'v2': 'A'}",letter,
L3-44-01157-letter,L3-44-01157,letter,,,4,4,True,False,"{'v2': 0, 'v1': 4}","{'v1': 'O', 'v2': 'F'}",letter,
L3-44-01158-letter,L3-44-01158,letter,,,6,6,True,False,"{'v2': 6, 'v1': 6}","{'v1': 'E', 'v2': 'L'}",letter,
L3-44-01159-letter,L3-44-01159,letter,,,1,1,True,False,"{'v2': 6, 'v1': 1}","{'v1': 'E', 'v2': 'W'}",letter,
L3-44-01160-letter,L3-44-01160,letter,,,2,2,True,False,"{'v2': 2, 'v1': 2}","{'v1': 'N', 'v2': 'M'}",letter,
L3-44-01161-letter,L3-44-01161,letter,,,3,3,True,False,"{'v2': 1, 'v1': 3}","{'v1': 'I', 'v2': 'W'}",letter,
L3-44-01162-letter,L3-44-01162,letter,,,0,0,True,False,"{'v2': 6, 'v1': 0}","{'v1': 'S', 'v2': 'M'}",letter,
L3-44-01163-letter,L3-44-01163,letter,,,2,2,True,False,"{'v2': 7, 'v1': 2}","{'v1': 'U', 'v2': 'Y'}",letter,
L3-44-01164-letter,L3-44-01164,letter,,,6,6,True,False,"{'v2': 2, 'v1': 6}","{'v1': 'R', 'v2': 'E'}",letter,
L3-44-01165-letter,L3-44-01165,letter,,,6,6,True,False,"{'v2': 0, 'v1': 6}","{'v1': 'Z', 'v2': 'S'}",letter,
L3-44-01166-letter,L3-44-01166,letter,,,6,6,True,False,"{'v2': 0, 'v1': 6}","{'v1': 'L', 'v2': 'U'}",letter,
L3-44-01167-letter,L3-44-01167,letter,,,0,0,True,False,"{'v2': 5, 'v1': 0}","{'v1': 'S', 'v2': 'D'}",letter,
L3-44-01168-letter,L3-44-01168,letter,,,1,1,True,False,"{'v2': 6, 'v1': 1}","{'v1': 'Z', 'v2': 'J'}",letter,
L3-44-01169-letter,L3-44-01169,letter,,,8,8,True,False,"{'v2': 1, 'v1': 8}","{'v1': 'F', 'v2': 'V'}",letter,
L3-44-01170-letter,L3-44-01170,letter,,,7,7,True,False,"{'v2': 7, 'v1': 7}","{'v1': 'C', 'v2': 'E'}",letter,
L3-44-01171-letter,L3-44-01171,letter,,,4,4,True,False,"{'v2': 0, 'v1': 4}","{'v1': 'Z', 'v2': 'W'}",letter,
L3-44-01172-letter,L3-44-01172,letter,,,7,7,True,False,"{'v2': 5, 'v1': 7}","{'v1': 'R', 'v2': 'N'}",letter,
L3-44-01173-letter,L3-44-01173,letter,,,4,4,True,False,"{'v2': 1, 'v1': 4}","{'v1': 'V', 'v2': 'Z'}",letter,
L3-44-01174-letter,L3-44-01174,letter,,,0,0,True,False,"{'v2': 3, 'v1': 0}","{'v1': 'U', 'v2': 'J'}",letter,
L3-44-01175-letter,L3-44-01175,letter,,,7,7,True,False,"{'v2': 7, 'v1': 7}","{'v1': 'F', 'v2': 'X'}",letter,
L3-44-01176-letter,L3-44-01176,letter,,,0,0,True,False,"{'v2': 6, 'v1': 0}","{'v1': 'O', 'v2': 'R'}",letter,
L3-44-01177-letter,L3-44-01177,letter,,,7,7,True,False,"{'v2': 3, 'v1': 7}","{'v1': 'I', 'v2': 'B'}",letter,
L3-44-01178-letter,L3-44-01178,letter,,,1,1,True,False,"{'v2': 0, 'v1': 1}","{'v1': 'L', 'v2': 'A'}",letter,
L3-44-01179-letter,L3-44-01179,letter,,,2,2,True,False,"{'v2': 2, 'v1': 2}","{'v1': 'V', 'v2': 'D'}",letter,
L3-44-01180-letter,L3-44-01180,letter,,,6,6,True,False,"{'v2': 1, 'v1': 6}","{'v1': 'F', 'v2': 'M'}",letter,
L3-44-01181-letter,L3-44-01181,letter,,,4,4,True,False,"{'v2': 5, 'v1': 4}","{'v1': 'L', 'v2': 'G'}",letter,
L3-44-01182-letter,L3-44-01182,letter,,,6,6,True,False,"{'v2': 6, 'v1': 6}","{'v1': 'C', 'v2': 'O'}",letter,
L3-44-01183-letter,L3-44-01183,letter,,,2,2,True,False,"{'v2': 3, 'v1': 2}","{'v1': 'Y', 'v2': 'S'}",letter,
L3-44-01184-letter,L3-44-01184,letter,,,1,1,True,False,"{'v2': 8, 'v1': 1}","{'v1': 'W', 'v2': 'L'}",letter,
L3-44-01185-letter,L3-44-01185,letter,,,3,3,True,False,"{'v2': 0, 'v1': 3}","{'v1': 'L', 'v2': 'U'}",letter,
L3-44-01186-letter,L3-44-01186,letter,,,0,0,True,False,"{'v2': 7, 'v1': 0}","{'v1': 'Z', 'v2': 'S'}",letter,
L3-44-01187-letter,L3-44-01187,letter,,,4,4,True,False,"{'v2': 1, 'v1': 4}","{'v1': 'Q', 'v2': 'O'}",letter,
L3-44-01188-letter,L3-44-01188,letter,,,3,3,True,False,"{'v2': 1, 'v1': 3}","{'v1': 'F', 'v2': 'R'}",letter,
L3-44-01189-letter,L3-44-01189,letter,,,8,8,True,False,"{'v2': 8, 'v1': 8}","{'v1': 'K', 'v2': 'X'}",letter,
L3-44-01190-letter,L3-44-01190,letter,,,2,2,True,False,"{'v2': 5, 'v1': 2}","{'v1': 'Y', 'v2': 'U'}",letter,
L3-44-01191-letter,L3-44-01191,letter,,,8,8,True,False,"{'v2': 1, 'v1': 8}","{'v1': 'A', 'v2': 'N'}",letter,
L3-44-01192-letter,L3-44-01192,letter,,,1,1,True,False,"{'v2': 2, 'v1': 1}","{'v1': 'E', 'v2': 'X'}",letter,
L3-44-01193-letter,L3-44-01193,letter,,,4,4,True,False,"{'v2': 1, 'v1': 4}","{'v1': 'N', 'v2': 'Z'}",letter,
L3-44-01194-letter,L3-44-01194,letter,,,3,3,True,False,"{'v2': 1, 'v1': 3}","{'v1': 'D', 'v2': 'U'}",letter,
L3-44-01195-letter,L3-44-01195,letter,,,0,-1,False,False,"{'v2': 0, 'v1': 0}","{'v1': 'A', 'v2': 'X'}",letter,
L3-44-01196-letter,L3-44-01196,letter,,,7,7,True,False,"{'v2': 5, 'v1': 7}","{'v1': 'T', 'v2': 'K'}",letter,
L3-44-01197-letter,L3-44-01197,letter,,,3,3,True,False,"{'v2': 1, 'v1': 3}","{'v1': 'M', 'v2': 'E'}",letter,
L3-44-01198-letter,L3-44-01198,letter,,,6,6,True,False,"{'v2': 2, 'v1': 6}","{'v1': 'G', 'v2': 'F'}",letter,
L3-44-01199-letter,L3-44-01199,letter,,,6,6,True,False,"{'v2': 2, 'v1': 6}","{'v1': 'L', 'v2': 'O'}",letter,
L3-44-01200-letter,L3-44-01200,letter,,,9,9,True,False,"{'v2': 7, 'v1': 9}","{'v1': 'P', 'v2': 'C'}",letter,
L3-44-01201-letter,L3-44-01201,letter,,,5,5,True,False,"{'v2': 3, 'v1': 5}","{'v1': 'S', 'v2': 'N'}",letter,
L3-44-01202-letter,L3-44-01202,letter,,,2,2,True,False,"{'v2': 0, 'v1': 2}","{'v1': 'C', 'v2': 'T'}",letter,
L3-44-01203-letter,L3-44-01203,letter,,,2,2,True,False,"{'v2': 1, 'v1': 2}","{'v1': 'I', 'v2': 'D'}",letter,
L3-44-01204-letter,L3-44-01204,letter,,,3,3,True,False,"{'v2': 0, 'v1': 3}","{'v1': 'M', 'v2': 'J'}",letter,
L3-44-01205-letter,L3-44-01205,letter,,,6,6,True,False,"{'v2': 0, 'v1': 6}","{'v1': 'N', 'v2': 'S'}",letter,
L3-44-01206-letter,L3-44-01206,letter,,,6,6,True,False,"{'v2': 1, 'v1': 6}","{'v1': 'T', 'v2': 'O'}",letter,
L3-44-01207-letter,L3-44-01207,letter,,,9,9,True,False,"{'v2': 0, 'v1': 9}","{'v1': 'P', 'v2': 'V'}",letter,
L3-44-01208-letter,L3-44-01208,letter,,,1,1,True,False,"{'v2': 0, 'v1': 1}","{'v1': 'U', 'v2': 'D'}",letter,
L3-44-01209-letter,L3-44-01209,letter,,,3,3,True,False,"{'v2': 6, 'v1': 3}","{'v1': 'X', 'v2': 'K'}",letter,
L3-44-01210-letter,L3-44-01210,letter,,,4,4,True,False,"{'v2': 0, 'v1': 4}","{'v1': 'H', 'v2': 'F'}",letter,
L3-44-01211-letter,L3-44-01211,letter,,,2,2,True,False,"{'v2': 0, 'v1': 2}","{'v1': 'T', 'v2': 'B'}",letter,
L3-44-01212-letter,L3-44-01212,letter,,,1,1,True,False,"{'v2': 8, 'v1': 1}","{'v1': 'K', 'v2': 'D'}",letter,
L3-44-01213-letter,L3-44-01213,letter,,,7,7,True,False,"{'v2': 5, 'v1': 7}","{'v1': 'W', 'v2': 'G'}",letter,
L3-44-01214-letter,L3-44-01214,letter,,,4,4,True,False,"{'v2': 0, 'v1': 4}","{'v1': 'T', 'v2': 'A'}",letter,
L3-44-01215-letter,L3-44-01215,letter,,,6,6,True,False,"{'v2': 0, 'v1': 6}","{'v1': 'Z', 'v2': 'I'}",letter,
L3-44-01216-letter,L3-44-01216,letter,,,7,7,True,False,"{'v2': 1, 'v1': 7}","{'v1': 'A', 'v2': 'H'}",letter,
L3-44-01217-letter,L3-44-01217,letter,,,0,0,True,False,"{'v2': 6, 'v1': 0}","{'v1': 'F', 'v2': 'I'}",letter,
L3-44-01218-letter,L3-44-01218,letter,,,9,9,True,False,"{'v2': 3, 'v1': 9}","{'v1': 'P', 'v2': 'V'}",letter,
L3-44-01219-letter,L3-44-01219,letter,,,9,9,True,False,"{'v2': 8, 'v1': 9}","{'v1': 'F', 'v2': 'G'}",letter,
L3-44-01220-letter,L3-44-01220,letter,,,5,5,True,False,"{'v2': 5, 'v1': 5}","{'v1': 'Y', 'v2': 'M'}",letter,
L3-44-01221-letter,L3-44-01221,letter,,,3,3,True,False,"{'v2': 1, 'v1': 3}","{'v1': 'Q', 'v2': 'J'}",letter,
L3-44-01222-letter,L3-44-01222,letter,,,1,1,True,False,"{'v2': 1, 'v1': 1}","{'v1': 'A', 'v2': 'H'}",letter,
L3-44-01223-letter,L3-44-01223,letter,,,7,7,True,False,"{'v2': 6, 'v1': 7}","{'v1': 'L', 'v2': 'C'}",letter,
L3-44-01224-letter,L3-44-01224,letter,,,0,0,True,False,"{'v2': 5, 'v1': 0}","{'v1': 'W', 'v2': 'D'}",letter,
L3-44-01225-letter,L3-44-01225,letter,,,8,8,True,False,"{'v2': 5, 'v1': 8}","{'v1': 'W', 'v2': 'Z'}",letter,
L3-44-01226-letter,L3-44-01226,letter,,,4,4,True,False,"{'v2': 1, 'v1': 4}","{'v1': 'E', 'v2': 'A'}",letter,
L3-44-01227-letter,L3-44-01227,letter,,,0,0,True,False,"{'v2': 0, 'v1': 0}","{'v1': 'B', 'v2': 'I'}",letter,
L3-44-01228-letter,L3-44-01228,letter,,,7,7,True,False,"{'v2': 5, 'v1': 7}","{'v1': 'O', 'v2': 'V'}",letter,
L3-44-01229-letter,L3-44-01229,letter,,,7,7,True,False,"{'v2': 1, 'v1': 7}","{'v1': 'Z', 'v2': 'N'}",letter,
L3-44-01230-letter,L3-44-01230,letter,,,5,5,True,False,"{'v2': 1, 'v1': 5}","{'v1': 'C', 'v2': 'I'}",letter,
L3-44-01231-letter,L3-44-01231,letter,,,0,0,True,False,"{'v2': 5, 'v1': 0}","{'v1': 'A', 'v2': 'M'}",letter,
L3-44-01232-letter,L3-44-01232,letter,,,4,4,True,False,"{'v2': 3, 'v1': 4}","{'v1': 'S', 'v2': 'E'}",letter,
L3-44-01233-letter,L3-44-01233,letter,,,1,1,True,False,"{'v2': 2, 'v1': 1}","{'v1': 'J', 'v2': 'W'}",letter,
L3-44-01234-letter,L3-44-01234,letter,,,7,7,True,False,"{'v2': 7, 'v1': 7}","{'v1': 'A', 'v2': 'B'}",letter,
L3-44-01235-letter,L3-44-01235,letter,,,9,9,True,False,"{'v2': 6, 'v1': 9}","{'v1': 'K', 'v2': 'N'}",letter,
L3-44-01236-letter,L3-44-01236,letter,,,7,7,True,False,"{'v2': 1, 'v1': 7}","{'v1': 'P', 'v2': 'V'}",letter,
L3-44-01237-letter,L3-44-01237,letter,,,6,6,True,False,"{'v2': 6, 'v1': 6}","{'v1': 'Y', 'v2': 'T'}",letter,
L3-44-01238-letter,L3-44-01238,letter,,,3,3,True,False,"{'v2': 1, 'v1': 3}","{'v1': 'T', 'v2': 'V'}",letter,
L3-44-01239-letter,L3-44-01239,letter,,,7,7,True,False,"{'v2': 7, 'v1': 7}","{'v1': 'C', 'v2': 'F'}",letter,
L3-44-01240-letter,L3-44-01240,letter,,,4,4,True,False,"{'v2': 3, 'v1': 4}","{'v1': 'L', 'v2': 'Y'}",letter,
L3-44-01241-letter,L3-44-01241,letter,,,1,1,True,False,"{'v2': 0, 'v1': 1}","{'v1': 'G', 'v2': 'Q'}",letter,
L3-44-01242-letter,L3-44-01242,letter,,,1,1,True,False,"{'v2': 0, 'v1': 1}","{'v1': 'K', 'v2': 'E'}",letter,
L3-44-01243-letter,L3-44-01243,letter,,,2,2,True,False,"{'v2': 1, 'v1': 2}","{'v1': 'N', 'v2': 'P'}",letter,
L3-44-01244-letter,L3-44-01244,letter,,,2,2,True,False,"{'v2': 1, 'v1': 2}","{'v1': 'U', 'v2': 'Z'}",letter,
L3-44-01245-letter,L3-44-01245,letter,,,6,6,True,False,"{'v2': 0, 'v1': 6}","{'v1': 'C', 'v2': 'H'}",letter,
L3-44-01246-letter,L3-44-01246,letter,,,2,2,True,False,"{'v2': 5, 'v1': 2}","{'v1': 'L', 'v2': 'X'}",letter,
L3-44-01247-letter,L3-44-01247,letter,,,6,6,True,False,"{'v2': 6, 'v1': 6}","{'v1': 'F', 'v2': 'S'}",letter,
L3-44-01248-letter,L3-44-01248,letter,,,3,3,True,False,"{'v2': 1, 'v1': 3}","{'v1': 'V', 'v2': 'K'}",letter,
L3-44-01249-letter,L3-44-01249,letter,,,8,8,True,False,"{'v2': 1, 'v1': 8}","{'v1': 'J', 'v2': 'O'}",letter,
L3-44-01250-letter,L3-44-01250,letter,,,6,6,True,False,"{'v2': 2, 'v1': 6}","{'v1': 'V', 'v2': 'D'}",letter,
L3-44-01251-letter,L3-44-01251,letter,,,2,2,True,False,"{'v2': 0, 'v1': 2}","{'v1': 'E', 'v2': 'B'}",letter,
L3-44-01252-letter,L3-44-01252,letter,,,9,9,True,False,"{'v2': 6, 'v1': 9}","{'v1': 'P', 'v2': 'S'}",letter,
L3-44-01253-letter,L3-44-01253,letter,,,1,1,True,False,"{'v2': 8, 'v1': 1}","{'v1': 'I', 'v2': 'E'}",letter,
L3-44-01254-letter,L3-44-01254,letter,,,8,8,True,False,"{'v2': 1, 'v1': 8}","{'v1': 'Q', 'v2': 'D'}",letter,
L3-44-01255-letter,L3-44-01255,letter,,,2,2,True,False,"{'v2': 5, 'v1': 2}","{'v1': 'W', 'v2': 'E'}",letter,
L3-44-01256-letter,L3-44-01256,letter,,,1,1,True,False,"{'v2': 8, 'v1': 1}","{'v1': 'W', 'v2': 'R'}",letter,
L3-44-01257-letter,L3-44-01257,letter,,,3,3,True,False,"{'v2': 3, 'v1': 3}","{'v1': 'N', 'v2': 'A'}",letter,
L3-44-01258-letter,L3-44-01258,letter,,,8,8,True,False,"{'v2': 1, 'v1': 8}","{'v1': 'E', 'v2': 'B'}",letter,
L3-44-01259-letter,L3-44-01259,letter,,,9,9,True,False,"{'v2': 1, 'v1': 9}","{'v1': 'A', 'v2': 'M'}",letter,
L3-44-01260-letter,L3-44-01260,letter,,,1,1,True,False,"{'v2': 0, 'v1': 1}","{'v1': 'Y', 'v2': 'I'}",letter,
L3-44-01261-letter,L3-44-01261,letter,,,2,2,True,False,"{'v2': 7, 'v1': 2}","{'v1': 'N', 'v2': 'Q'}",letter,
L3-44-01262-letter,L3-44-01262,letter,,,7,7,True,False,"{'v2': 3, 'v1': 7}","{'v1': 'S', 'v2': 'H'}",letter,
L3-44-01263-letter,L3-44-01263,letter,,,6,6,True,False,"{'v2': 5, 'v1': 6}","{'v1': 'D', 'v2': 'N'}",letter,
L3-44-01264-letter,L3-44-01264,letter,,,9,9,True,False,"{'v2': 6, 'v1': 9}","{'v1': 'U', 'v2': 'K'}",letter,
L3-44-01265-letter,L3-44-01265,letter,,,2,2,True,False,"{'v2': 2, 'v1': 2}","{'v1': 'F', 'v2': 'N'}",letter,
L3-44-01266-letter,L3-44-01266,letter,,,4,4,True,False,"{'v2': 2, 'v1': 4}","{'v1': 'R', 'v2': 'J'}",letter,
L3-44-01267-letter,L3-44-01267,letter,,,9,9,True,False,"{'v2': 9, 'v1': 9}","{'v1': 'S', 'v2': 'G'}",letter,
L3-44-01268-letter,L3-44-01268,letter,,,4,4,True,False,"{'v2': 2, 'v1': 4}","{'v1': 'D', 'v2': 'C'}",letter,
L3-44-01269-letter,L3-44-01269,letter,,,7,7,True,False,"{'v2': 1, 'v1': 7}","{'v1': 'X', 'v2': 'T'}",letter,
L3-44-01270-letter,L3-44-01270,letter,,,6,6,True,False,"{'v2': 1, 'v1': 6}","{'v1': 'T', 'v2': 'L'}",letter,
L3-44-01271-letter,L3-44-01271,letter,,,3,3,True,False,"{'v2': 2, 'v1': 3}","{'v1': 'T', 'v2': 'D'}",letter,
L3-44-01272-letter,L3-44-01272,letter,,,6,6,True,False,"{'v2': 6, 'v1': 6}","{'v1': 'H', 'v2': 'N'}",letter,
L3-44-01273-letter,L3-44-01273,letter,,,9,9,True,False,"{'v2': 7, 'v1': 9}","{'v1': 'D', 'v2': 'E'}",letter,
L3-44-01274-letter,L3-44-01274,letter,,,2,2,True,False,"{'v2': 1, 'v1': 2}","{'v1': 'J', 'v2': 'W'}",letter,
L3-44-01275-letter,L3-44-01275,letter,,,1,1,True,False,"{'v2': 2, 'v1': 1}","{'v1': 'B', 'v2': 'N'}",letter,
L3-44-01276-letter,L3-44-01276,letter,,,9,9,True,False,"{'v2': 7, 'v1': 9}","{'v1': 'Q', 'v2': 'Y'}",letter,
L3-44-01277-letter,L3-44-01277,letter,,,9,9,True,False,"{'v2': 1, 'v1': 9}","{'v1': 'U', 'v2': 'J'}",letter,
L3-44-01278-letter,L3-44-01278,letter,,,7,7,True,False,"{'v2': 5, 'v1': 7}","{'v1': 'K', 'v2': 'W'}",letter,
L3-44-01279-letter,L3-44-01279,letter,,,5,5,True,False,"{'v2': 5, 'v1': 5}","{'v1': 'W', 'v2': 'X'}",letter,
L3-44-01280-letter,L3-44-01280,letter,,,4,4,True,False,"{'v2': 2, 'v1': 4}","{'v1': 'I', 'v2': 'P'}",letter,
L3-44-01281-letter,L3-44-01281,letter,,,0,0,True,False,"{'v2': 0, 'v1': 0}","{'v1': 'P', 'v2': 'U'}",letter,
L3-44-01282-letter,L3-44-01282,letter,,,4,4,True,False,"{'v2': 5, 'v1': 4}","{'v1': 'L', 'v2': 'W'}",letter,
L3-44-01283-letter,L3-44-01283,letter,,,9,9,True,False,"{'v2': 9, 'v1': 9}","{'v1': 'G', 'v2': 'S'}",letter,
L3-44-01284-letter,L3-44-01284,letter,,,6,6,True,False,"{'v2': 2, 'v1': 6}","{'v1': 'Q', 'v2': 'R'}",letter,
L3-44-01285-letter,L3-44-01285,letter,,,8,8,True,False,"{'v2': 2, 'v1': 8}","{'v1': 'R', 'v2': 'J'}",letter,
L3-44-01286-letter,L3-44-01286,letter,,,4,4,True,False,"{'v2': 3, 'v1': 4}","{'v1': 'T', 'v2': 'P'}",letter,
L3-44-01287-letter,L3-44-01287,letter,,,0,0,True,False,"{'v2': 9, 'v1': 0}","{'v1': 'G', 'v2': 'T'}",letter,
L3-44-01288-letter,L3-44-01288,letter,,,5,5,True,False,"{'v2': 1, 'v1': 5}","{'v1': 'S', 'v2': 'U'}",letter,
L3-44-01289-letter,L3-44-01289,letter,,,7,7,True,False,"{'v2': 7, 'v1': 7}","{'v1': 'K', 'v2': 'Q'}",letter,
L3-44-01290-letter,L3-44-01290,letter,,,7,7,True,False,"{'v2': 0, 'v1': 7}","{'v1': 'V', 'v2': 'A'}",letter,
L3-44-01291-letter,L3-44-01291,letter,,,2,2,True,False,"{'v2': 6, 'v1': 2}","{'v1': 'L', 'v2': 'X'}",letter,
L3-44-01292-letter,L3-44-01292,letter,,,8,8,True,False,"{'v2': 2, 'v1': 8}","{'v1': 'Q', 'v2': 'W'}",letter,
L3-44-01293-letter,L3-44-01293,letter,,,1,1,True,False,"{'v2': 2, 'v1': 1}","{'v1': 'U', 'v2': 'W'}",letter,
L3-44-01294-letter,L3-44-01294,letter,,,0,0,True,False,"{'v2': 0, 'v1': 0}","{'v1': 'U', 'v2': 'N'}",letter,
L3-44-01295-letter,L3-44-01295,letter,,,1,1,True,False,"{'v2': 7, 'v1': 1}","{'v1': 'E', 'v2': 'B'}",letter,
L3-44-01296-letter,L3-44-01296,letter,,,2,2,True,False,"{'v2': 0, 'v1': 2}","{'v1': 'H', 'v2': 'Z'}",letter,
L3-44-01297-letter,L3-44-01297,letter,,,1,1,True,False,"{'v2': 0, 'v1': 1}","{'v1': 'R', 'v2': 'P'}",letter,
L3-44-01298-letter,L3-44-01298,letter,,,1,1,True,False,"{'v2': 6, 'v1': 1}","{'v1': 'R', 'v2': 'T'}",letter,
L3-44-01299-letter,L3-44-01299,letter,,,0,0,True,False,"{'v2': 2, 'v1': 0}","{'v1': 'P', 'v2': 'B'}",letter,
L3-44-01300-letter,L3-44-01300,letter,,,0,0,True,False,"{'v2': 7, 'v1': 0}","{'v1': 'F', 'v2': 'A'}",letter,
L3-44-01301-letter,L3-44-01301,letter,,,8,8,True,False,"{'v2': 0, 'v1': 8}","{'v1': 'X', 'v2': 'W'}",letter,
L3-44-01302-letter,L3-44-01302,letter,,,0,0,True,False,"{'v2': 7, 'v1': 0}","{'v1': 'S', 'v2': 'F'}",letter,
L3-44-01303-letter,L3-44-01303,letter,,,8,8,True,False,"{'v2': 1, 'v1': 8}","{'v1': 'W', 'v2': 'V'}",letter,
L3-44-01304-letter,L3-44-01304,letter,,,1,1,True,False,"{'v2': 2, 'v1': 1}","{'v1': 'W', 'v2': 'V'}",letter,
L3-44-01305-letter,L3-44-01305,letter,,,4,4,True,False,"{'v2': 1, 'v1': 4}","{'v1': 'G', 'v2': 'J'}",letter,
L3-44-01306-letter,L3-44-01306,letter,,,8,8,True,False,"{'v2': 0, 'v1': 8}","{'v1': 'Q', 'v2': 'F'}",letter,
L3-44-01307-letter,L3-44-01307,letter,,,7,7,True,False,"{'v2': 1, 'v1': 7}","{'v1': 'K', 'v2': 'B'}",letter,
L3-44-01308-letter,L3-44-01308,letter,,,2,2,True,False,"{'v2': 5, 'v1': 2}","{'v1': 'E', 'v2': 'R'}",letter,
L3-44-01309-letter,L3-44-01309,letter,,,9,9,True,False,"{'v2': 0, 'v1': 9}","{'v1': 'C', 'v2': 'L'}",letter,
L3-44-01310-letter,L3-44-01310,letter,,,3,3,True,False,"{'v2': 6, 'v1': 3}","{'v1': 'B', 'v2': 'I'}",letter,
L3-44-01311-letter,L3-44-01311,letter,,,8,8,True,False,"{'v2': 6, 'v1': 8}","{'v1': 'B', 'v2': 'N'}",letter,
L3-44-01312-letter,L3-44-01312,letter,,,3,3,True,False,"{'v2': 1, 'v1': 3}","{'v1': 'I', 'v2': 'Y'}",letter,
L3-44-01313-letter,L3-44-01313,letter,,,1,1,True,False,"{'v2': 0, 'v1': 1}","{'v1': 'L', 'v2': 'H'}",letter,
L3-44-01314-letter,L3-44-01314,letter,,,4,4,True,False,"{'v2': 3, 'v1': 4}","{'v1': 'M', 'v2': 'A'}",letter,
L3-44-01315-letter,L3-44-01315,letter,,,5,5,True,False,"{'v2': 3, 'v1': 5}","{'v1': 'K', 'v2': 'A'}",letter,
L3-44-01316-letter,L3-44-01316,letter,,,2,2,True,False,"{'v2': 0, 'v1': 2}","{'v1': 'P', 'v2': 'J'}",letter,
L3-44-01317-letter,L3-44-01317,letter,,,7,7,True,False,"{'v2': 3, 'v1': 7}","{'v1': 'X', 'v2': 'E'}",letter,
L3-44-01318-letter,L3-44-01318,letter,,,3,3,True,False,"{'v2': 0, 'v1': 3}","{'v1': 'V', 'v2': 'G'}",letter,
L3-44-01319-letter,L3-44-01319,letter,,,7,7,True,False,"{'v2': 0, 'v1': 7}","{'v1': 'Q', 'v2': 'E'}",letter,
L3-44-01320-letter,L3-44-01320,letter,,,8,8,True,False,"{'v2': 0, 'v1': 8}","{'v1': 'A', 'v2': 'N'}",letter,
L3-44-01321-letter,L3-44-01321,letter,,,0,0,True,False,"{'v2': 3, 'v1': 0}","{'v1': 'R', 'v2': 'P'}",letter,
L3-44-01322-letter,L3-44-01322,letter,,,7,7,True,False,"{'v2': 0, 'v1': 7}","{'v1': 'N', 'v2': 'Z'}",letter,
L3-44-01323-letter,L3-44-01323,letter,,,1,1,True,False,"{'v2': 7, 'v1': 1}","{'v1': 'B', 'v2': 'P'}",letter,
L3-44-01324-letter,L3-44-01324,letter,,,1,1,True,False,"{'v2': 1, 'v1': 1}","{'v1': 'C', 'v2': 'U'}",letter,
L3-44-01325-letter,L3-44-01325,letter,,,9,9,True,False,"{'v2': 6, 'v1': 9}","{'v1': 'A', 'v2': 'J'}",letter,
L3-44-01326-letter,L3-44-01326,letter,,,2,2,True,False,"{'v2': 6, 'v1': 2}","{'v1': 'K', 'v2': 'T'}",letter,
L3-44-01327-letter,L3-44-01327,letter,,,5,5,True,False,"{'v2': 1, 'v1': 5}","{'v1': 'X', 'v2': 'S'}",letter,
L3-44-01328-letter,L3-44-01328,letter,,,9,9,True,False,"{'v2': 3, 'v1': 9}","{'v1': 'G', 'v2': 'L'}",letter,
L3-44-01329-letter,L3-44-01329,letter,,,4,4,True,False,"{'v2': 3, 'v1': 4}","{'v1': 'C', 'v2': 'T'}",letter,
L3-44-01330-letter,L3-44-01330,letter,,,8,8,True,False,"{'v2': 1, 'v1': 8}","{'v1': 'G', 'v2': 'D'}",letter,
L3-44-01331-letter,L3-44-01331,letter,,,5,5,True,False,"{'v2': 5, 'v1': 5}","{'v1': 'J', 'v2': 'P'}",letter,
L3-44-01332-letter,L3-44-01332,letter,,,3,3,True,False,"{'v2': 1, 'v1': 3}","{'v1': 'E', 'v2': 'M'}",letter,
L3-44-01333-letter,L3-44-01333,letter,,,8,8,True,False,"{'v2': 0, 'v1': 8}","{'v1': 'D', 'v2': 'Z'}",letter,
L3-44-01334-letter,L3-44-01334,letter,,,1,1,True,False,"{'v2': 0, 'v1': 1}","{'v1': 'U', 'v2': 'O'}",letter,
L3-44-01335-letter,L3-44-01335,letter,,,7,7,True,False,"{'v2': 0, 'v1': 7}","{'v1': 'G', 'v2': 'N'}",letter,
L3-44-01336-letter,L3-44-01336,letter,,,6,6,True,False,"{'v2': 0, 'v1': 6}","{'v1': 'X', 'v2': 'B'}",letter,
L3-44-01337-letter,L3-44-01337,letter,,,2,2,True,False,"{'v2': 1, 'v1': 2}","{'v1': 'P', 'v2': 'L'}",letter,
L3-44-01338-letter,L3-44-01338,letter,,,8,8,True,False,"{'v2': 6, 'v1': 8}","{'v1': 'G', 'v2': 'K'}",letter,
L3-44-01339-letter,L3-44-01339,letter,,,8,8,True,False,"{'v2': 1, 'v1': 8}","{'v1': 'D', 'v2': 'Z'}",letter,
L3-44-01340-letter,L3-44-01340,letter,,,7,7,True,False,"{'v2': 2, 'v1': 7}","{'v1': 'G', 'v2': 'K'}",letter,
L3-44-01341-letter,L3-44-01341,letter,,,1,1,True,False,"{'v2': 0, 'v1': 1}","{'v1': 'G', 'v2': 'E'}",letter,
L3-44-01342-letter,L3-44-01342,letter,,,8,8,True,False,"{'v2': 1, 'v1': 8}","{'v1': 'R', 'v2': 'S'}",letter,
L3-44-01343-letter,L3-44-01343,letter,,,8,8,True,False,"{'v2': 6, 'v1': 8}","{'v1': 'B', 'v2': 'I'}",letter,
L3-44-01344-letter,L3-44-01344,letter,,,0,0,True,False,"{'v2': 5, 'v1': 0}","{'v1': 'M', 'v2': 'J'}",letter,
L3-44-01345-letter,L3-44-01345,letter,,,5,5,True,False,"{'v2': 1, 'v1': 5}","{'v1': 'U', 'v2': 'O'}",letter,
L3-44-01346-letter,L3-44-01346,letter,,,7,7,True,False,"{'v2': 5, 'v1': 7}","{'v1': 'P', 'v2': 'U'}",letter,
L3-44-01347-letter,L3-44-01347,letter,,,1,1,True,False,"{'v2': 1, 'v1': 1}","{'v1': 'O', 'v2': 'C'}",letter,
L3-44-01348-letter,L3-44-01348,letter,,,2,2,True,False,"{'v2': 1, 'v1': 2}","{'v1': 'I', 'v2': 'U'}",letter,
L3-44-01349-letter,L3-44-01349,letter,,,7,7,True,False,"{'v2': 7, 'v1': 7}","{'v1': 'D', 'v2': 'Y'}",letter,
L3-44-01350-letter,L3-44-01350,letter,,,7,7,True,False,"{'v2': 2, 'v1': 7}","{'v1': 'T', 'v2': 'V'}",letter,
L3-44-01351-letter,L3-44-01351,letter,,,9,9,True,False,"{'v2': 7, 'v1': 9}","{'v1': 'R', 'v2': 'X'}",letter,
L3-44-01352-letter,L3-44-01352,letter,,,7,7,True,False,"{'v2': 1, 'v1': 7}","{'v1': 'Z', 'v2': 'S'}",letter,
L3-44-01353-letter,L3-44-01353,letter,,,7,7,True,False,"{'v2': 5, 'v1': 7}","{'v1': 'E', 'v2': 'B'}",letter,
L3-44-01354-letter,L3-44-01354,letter,,,8,8,True,False,"{'v2': 0, 'v1': 8}","{'v1': 'N', 'v2': 'S'}",letter,
L3-44-01355-letter,L3-44-01355,letter,,,0,-1,False,False,"{'v2': 1, 'v1': 0}","{'v1': 'K', 'v2': 'T'}",letter,
L3-44-01356-letter,L3-44-01356,letter,,,1,1,True,False,"{'v2': 7, 'v1': 1}","{'v1': 'D', 'v2': 'O'}",letter,
L3-44-01357-letter,L3-44-01357,letter,,,4,4,True,False,"{'v2': 2, 'v1': 4}","{'v1': 'U', 'v2': 'E'}",letter,
L3-44-01358-letter,L3-44-01358,letter,,,5,5,True,False,"{'v2': 1, 'v1': 5}","{'v1': 'X', 'v2': 'C'}",letter,
L3-44-01359-letter,L3-44-01359,letter,,,3,3,True,False,"{'v2': 6, 'v1': 3}","{'v1': 'E', 'v2': 'I'}",letter,
L3-44-01360-letter,L3-44-01360,letter,,,6,6,True,False,"{'v2': 6, 'v1': 6}","{'v1': 'H', 'v2': 'L'}",letter,
L3-44-01361-letter,L3-44-01361,letter,,,4,4,True,False,"{'v2': 3, 'v1': 4}","{'v1': 'E', 'v2': 'V'}",letter,
L3-44-01362-letter,L3-44-01362,letter,,,4,4,True,False,"{'v2': 0, 'v1': 4}","{'v1': 'P', 'v2': 'N'}",letter,
L3-44-01363-letter,L3-44-01363,letter,,,5,5,True,False,"{'v2': 1, 'v1': 5}","{'v1': 'M', 'v2': 'S'}",letter,
L3-44-01364-letter,L3-44-01364,letter,,,2,2,True,False,"{'v2': 7, 'v1': 2}","{'v1': 'O', 'v2': 'F'}",letter,
L3-44-01365-letter,L3-44-01365,letter,,,1,1,True,False,"{'v2': 7, 'v1': 1}","{'v1': 'N', 'v2': 'C'}",letter,
L3-44-01366-letter,L3-44-01366,letter,,,2,2,True,False,"{'v2': 2, 'v1': 2}","{'v1': 'P', 'v2': 'Z'}",letter,
L3-44-01367-letter,L3-44-01367,letter,,,5,5,True,False,"{'v2': 2, 'v1': 5}","{'v1': 'J', 'v2': 'I'}",letter,
L3-44-01368-letter,L3-44-01368,letter,,,7,7,True,False,"{'v2': 5, 'v1': 7}","{'v1': 'S', 'v2': 'G'}",letter,
L3-44-01369-letter,L3-44-01369,letter,,,4,4,True,False,"{'v2': 3, 'v1': 4}","{'v1': 'X', 'v2': 'G'}",letter,
L3-44-01370-letter,L3-44-01370,letter,,,9,9,True,False,"{'v2': 0, 'v1': 9}","{'v1': 'C', 'v2': 'L'}",letter,
L3-44-01371-letter,L3-44-01371,letter,,,2,2,True,False,"{'v2': 5, 'v1': 2}","{'v1': 'X', 'v2': 'O'}",letter,
L3-44-01372-letter,L3-44-01372,letter,,,6,6,True,False,"{'v2': 6, 'v1': 6}","{'v1': 'A', 'v2': 'Y'}",letter,
L3-44-01373-letter,L3-44-01373,letter,,,7,7,True,False,"{'v2': 7, 'v1': 7}","{'v1': 'D', 'v2': 'N'}",letter,
L3-44-01374-letter,L3-44-01374,letter,,,5,5,True,False,"{'v2': 1, 'v1': 5}","{'v1': 'N', 'v2': 'K'}",letter,
L3-44-01375-letter,L3-44-01375,letter,,,9,9,True,False,"{'v2': 5, 'v1': 9}","{'v1': 'X', 'v2': 'W'}",letter,
L3-44-01376-letter,L3-44-01376,letter,,,8,8,True,False,"{'v2': 0, 'v1': 8}","{'v1': 'S', 'v2': 'K'}",letter,
L3-44-01377-letter,L3-44-01377,letter,,,1,1,True,False,"{'v2': 3, 'v1': 1}","{'v1': 'L', 'v2': 'E'}",letter,
L3-44-01378-letter,L3-44-01378,letter,,,0,0,True,False,"{'v2': 6, 'v1': 0}","{'v1': 'R', 'v2': 'I'}",letter,
L3-44-01379-letter,L3-44-01379,letter,,,3,3,True,False,"{'v2': 0, 'v1': 3}","{'v1': 'M', 'v2': 'O'}",letter,
L3-44-01380-letter,L3-44-01380,letter,,,2,2,True,False,"{'v2': 0, 'v1': 2}","{'v1': 'F', 'v2': 'Z'}",letter,
L3-44-01381-letter,L3-44-01381,letter,,,2,2,True,False,"{'v2': 1, 'v1': 2}","{'v1': 'E', 'v2': 'K'}",letter,
L3-44-01382-letter,L3-44-01382,letter,,,5,5,True,False,"{'v2': 3, 'v1': 5}","{'v1': 'N', 'v2': 'K'}",letter,
L3-44-01383-letter,L3-44-01383,letter,,,3,3,True,False,"{'v2': 6, 'v1': 3}","{'v1': 'I', 'v2': 'S'}",letter,
L3-44-01384-letter,L3-44-01384,letter,,,5,5,True,False,"{'v2': 0, 'v1': 5}","{'v1': 'D', 'v2': 'T'}",letter,
L3-44-01385-letter,L3-44-01385,letter,,,6,6,True,False,"{'v2': 0, 'v1': 6}","{'v1': 'W', 'v2': 'S'}",letter,
L3-44-01386-letter,L3-44-01386,letter,,,7,7,True,False,"{'v2': 0, 'v1': 7}","{'v1': 'E', 'v2': 'Y'}",letter,
L3-44-01387-letter,L3-44-01387,letter,,,5,5,True,False,"{'v2': 5, 'v1': 5}","{'v1': 'E', 'v2': 'D'}",letter,
L3-44-01388-letter,L3-44-01388,letter,,,3,3,True,False,"{'v2': 1, 'v1': 3}","{'v1': 'I', 'v2': 'T'}",letter,
L3-44-01389-letter,L3-44-01389,letter,,,3,3,True,False,"{'v2': 2, 'v1': 3}","{'v1': 'I', 'v2': 'T'}",letter,
L3-44-01390-letter,L3-44-01390,letter,,,2,2,True,False,"{'v2': 2, 'v1': 2}","{'v1': 'A', 'v2': 'Z'}",letter,
L3-44-01391-letter,L3-44-01391,letter,,,5,5,True,False,"{'v2': 1, 'v1': 5}","{'v1': 'V', 'v2': 'J'}",letter,
L3-44-01392-letter,L3-44-01392,letter,,,7,7,True,False,"{'v2': 0, 'v1': 7}","{'v1': 'B', 'v2': 'Z'}",letter,
L3-44-01393-letter,L3-44-01393,letter,,,1,1,True,False,"{'v2': 6, 'v1': 1}","{'v1': 'M', 'v2': 'F'}",letter,
L3-44-01394-letter,L3-44-01394,letter,,,7,7,True,False,"{'v2': 5, 'v1': 7}","{'v1': 'L', 'v2': 'G'}",letter,
L3-44-01395-letter,L3-44-01395,letter,,,5,5,True,False,"{'v2': 1, 'v1': 5}","{'v1': 'U', 'v2': 'N'}",letter,
L3-44-01396-letter,L3-44-01396,letter,,,4,4,True,False,"{'v2': 0, 'v1': 4}","{'v1': 'A', 'v2': 'L'}",letter,
L3-44-01397-letter,L3-44-01397,letter,,,8,8,True,False,"{'v2': 1, 'v1': 8}","{'v1': 'P', 'v2': 'Q'}",letter,
L3-44-01398-letter,L3-44-01398,letter,,,1,1,True,False,"{'v2': 2, 'v1': 1}","{'v1': 'G', 'v2': 'L'}",letter,
L3-44-01399-letter,L3-44-01399,letter,,,8,8,True,False,"{'v2': 1, 'v1': 8}","{'v1': 'I', 'v2': 'C'}",letter,
L3-44-01400-letter,L3-44-01400,letter,,,2,2,True,False,"{'v2': 0, 'v1': 2}","{'v1': 'D', 'v2': 'E'}",letter,
L3-44-01401-letter,L3-44-01401,letter,,,1,1,True,False,"{'v2': 7, 'v1': 1}","{'v1': 'O', 'v2': 'T'}",letter,
L3-44-01402-letter,L3-44-01402,letter,,,1,1,True,False,"{'v2': 2, 'v1': 1}","{'v1': 'S', 'v2': 'C'}",letter,
L3-44-01403-letter,L3-44-01403,letter,,,7,7,True,False,"{'v2': 2, 'v1': 7}","{'v1': 'G', 'v2': 'F'}",letter,
L3-44-01404-letter,L3-44-01404,letter,,,1,1,True,False,"{'v2': 0, 'v1': 1}","{'v1': 'Y', 'v2': 'J'}",letter,
L3-44-01405-letter,L3-44-01405,letter,,,8,8,True,False,"{'v2': 8, 'v1': 8}","{'v1': 'O', 'v2': 'S'}",letter,
L3-44-01406-letter,L3-44-01406,letter,,,9,9,True,False,"{'v2': 6, 'v1': 9}","{'v1': 'C', 'v2': 'S'}",letter,
L3-44-01407-letter,L3-44-01407,letter,,,4,4,True,False,"{'v2': 0, 'v1': 4}","{'v1': 'Z', 'v2': 'V'}",letter,
L3-44-01408-letter,L3-44-01408,letter,,,5,5,True,False,"{'v2': 3, 'v1': 5}","{'v1': 'N', 'v2': 'M'}",letter,
L3-44-01409-letter,L3-44-01409,letter,,,7,7,True,False,"{'v2': 2, 'v1': 7}","{'v1': 'L', 'v2': 'X'}",letter,
L3-44-01410-letter,L3-44-01410,letter,,,9,9,True,False,"{'v2': 0, 'v1': 9}","{'v1': 'I', 'v2': 'Q'}",letter,
L3-44-01411-letter,L3-44-01411,letter,,,3,3,True,False,"{'v2': 6, 'v1': 3}","{'v1': 'Y', 'v2': 'N'}",letter,
L3-44-01412-letter,L3-44-01412,letter,,,7,7,True,False,"{'v2': 0, 'v1': 7}","{'v1': 'A', 'v2': 'B'}",letter,
L3-44-01413-letter,L3-44-01413,letter,,,6,6,True,False,"{'v2': 0, 'v1': 6}","{'v1': 'G', 'v2': 'A'}",letter,
L3-44-01414-letter,L3-44-01414,letter,,,2,2,True,False,"{'v2': 1, 'v1': 2}","{'v1': 'R', 'v2': 'V'}",letter,
L3-44-01415-letter,L3-44-01415,letter,,,6,6,True,False,"{'v2': 1, 'v1': 6}","{'v1': 'Q', 'v2': 'D'}",letter,
L3-44-01416-letter,L3-44-01416,letter,,,8,8,True,False,"{'v2': 5, 'v1': 8}","{'v1': 'D', 'v2': 'Q'}",letter,
L3-44-01417-letter,L3-44-01417,letter,,,9,9,True,False,"{'v2': 7, 'v1': 9}","{'v1': 'W', 'v2': 'K'}",letter,
L3-44-01418-letter,L3-44-01418,letter,,,0,0,True,False,"{'v2': 0, 'v1': 0}","{'v1': 'R', 'v2': 'M'}",letter,
L3-44-01419-letter,L3-44-01419,letter,,,4,4,True,False,"{'v2': 0, 'v1': 4}","{'v1': 'X', 'v2': 'F'}",letter,
L3-44-01420-letter,L3-44-01420,letter,,,4,4,True,False,"{'v2': 0, 'v1': 4}","{'v1': 'G', 'v2': 'V'}",letter,
L3-44-01421-letter,L3-44-01421,letter,,,5,5,True,False,"{'v2': 5, 'v1': 5}","{'v1': 'G', 'v2': 'W'}",letter,
L3-44-01422-letter,L3-44-01422,letter,,,9,9,True,False,"{'v2': 7, 'v1': 9}","{'v1': 'R', 'v2': 'L'}",letter,
L3-44-01423-letter,L3-44-01423,letter,,,6,6,True,False,"{'v2': 0, 'v1': 6}","{'v1': 'M', 'v2': 'Z'}",letter,
L3-44-01424-letter,L3-44-01424,letter,,,1,1,True,False,"{'v2': 1, 'v1': 1}","{'v1': 'P', 'v2': 'E'}",letter,
L3-44-01425-letter,L3-44-01425,letter,,,4,4,True,False,"{'v2': 3, 'v1': 4}","{'v1': 'S', 'v2': 'R'}",letter,
L3-44-01426-letter,L3-44-01426,letter,,,9,9,True,False,"{'v2': 0, 'v1': 9}","{'v1': 'L', 'v2': 'J'}",letter,
L3-44-01427-letter,L3-44-01427,letter,,,2,2,True,False,"{'v2': 3, 'v1': 2}","{'v1': 'Q', 'v2': 'F'}",letter,
L3-44-01428-letter,L3-44-01428,letter,,,9,9,True,False,"{'v2': 8, 'v1': 9}","{'v1': 'U', 'v2': 'X'}",letter,
L3-44-01429-letter,L3-44-01429,letter,,,6,6,True,False,"{'v2': 6, 'v1': 6}","{'v1': 'V', 'v2': 'O'}",letter,
L3-44-01430-letter,L3-44-01430,letter,,,7,7,True,False,"{'v2': 2, 'v1': 7}","{'v1': 'D', 'v2': 'W'}",letter,
L3-44-01431-letter,L3-44-01431,letter,,,1,1,True,False,"{'v2': 8, 'v1': 1}","{'v1': 'R', 'v2': 'V'}",letter,
L3-44-01432-letter,L3-44-01432,letter,,,7,7,True,False,"{'v2': 2, 'v1': 7}","{'v1': 'J', 'v2': 'L'}",letter,
L3-44-01433-letter,L3-44-01433,letter,,,7,7,True,False,"{'v2': 7, 'v1': 7}","{'v1': 'L', 'v2': 'G'}",letter,
L3-44-01434-letter,L3-44-01434,letter,,,0,0,True,False,"{'v2': 1, 'v1': 0}","{'v1': 'C', 'v2': 'N'}",letter,
L3-44-01435-letter,L3-44-01435,letter,,,6,6,True,False,"{'v2': 2, 'v1': 6}","{'v1': 'M', 'v2': 'V'}",letter,
L3-44-01436-letter,L3-44-01436,letter,,,9,9,True,False,"{'v2': 7, 'v1': 9}","{'v1': 'S', 'v2': 'Y'}",letter,
L3-44-01437-letter,L3-44-01437,letter,,,5,5,True,False,"{'v2': 0, 'v1': 5}","{'v1': 'S', 'v2': 'M'}",letter,
L3-44-01438-letter,L3-44-01438,letter,,,0,0,True,False,"{'v2': 9, 'v1': 0}","{'v1': 'X', 'v2': 'T'}",letter,
L3-44-01439-letter,L3-44-01439,letter,,,8,8,True,False,"{'v2': 8, 'v1': 8}","{'v1': 'R', 'v2': 'W'}",letter,
L3-44-01440-letter,L3-44-01440,letter,,,5,5,True,False,"{'v2': 3, 'v1': 5}","{'v1': 'Y', 'v2': 'N'}",letter,
L3-44-01441-letter,L3-44-01441,letter,,,3,3,True,False,"{'v2': 0, 'v1': 3}","{'v1': 'N', 'v2': 'A'}",letter,
L3-44-01442-letter,L3-44-01442,letter,,,7,7,True,False,"{'v2': 6, 'v1': 7}","{'v1': 'G', 'v2': 'V'}",letter,
L3-44-01443-letter,L3-44-01443,letter,,,9,9,True,False,"{'v2': 3, 'v1': 9}","{'v1': 'D', 'v2': 'B'}",letter,
L3-44-01444-letter,L3-44-01444,letter,,,5,5,True,False,"{'v2': 0, 'v1': 5}","{'v1': 'Z', 'v2': 'B'}",letter,
L3-44-01445-letter,L3-44-01445,letter,,,3,3,True,False,"{'v2': 0, 'v1': 3}","{'v1': 'G', 'v2': 'T'}",letter,
L3-44-01446-letter,L3-44-01446,letter,,,8,8,True,False,"{'v2': 1, 'v1': 8}","{'v1': 'I', 'v2': 'R'}",letter,
L3-44-01447-letter,L3-44-01447,letter,,,9,9,True,False,"{'v2': 5, 'v1': 9}","{'v1': 'G', 'v2': 'D'}",letter,
L3-44-01448-letter,L3-44-01448,letter,,,0,0,True,False,"{'v2': 6, 'v1': 0}","{'v1': 'T', 'v2': 'I'}",letter,
L3-44-01449-letter,L3-44-01449,letter,,,2,2,True,False,"{'v2': 6, 'v1': 2}","{'v1': 'U', 'v2': 'P'}",letter,
L3-44-01450-letter,L3-44-01450,letter,,,9,9,True,False,"{'v2': 8, 'v1': 9}","{'v1': 'E', 'v2': 'C'}",letter,
L3-44-01451-letter,L3-44-01451,letter,,,6,6,True,False,"{'v2': 0, 'v1': 6}","{'v1': 'S', 'v2': 'E'}",letter,
L3-44-01452-letter,L3-44-01452,letter,,,3,3,True,False,"{'v2': 1, 'v1': 3}","{'v1': 'C', 'v2': 'Z'}",letter,
L3-44-01453-letter,L3-44-01453,letter,,,8,8,True,False,"{'v2': 2, 'v1': 8}","{'v1': 'L', 'v2': 'G'}",letter,
L3-44-01454-letter,L3-44-01454,letter,,,3,3,True,False,"{'v2': 1, 'v1': 3}","{'v1': 'T', 'v2': 'E'}",letter,
L3-44-01455-letter,L3-44-01455,letter,,,1,1,True,False,"{'v2': 0, 'v1': 1}","{'v1': 'F', 'v2': 'U'}",letter,
L3-44-01456-letter,L3-44-01456,letter,,,1,1,True,False,"{'v2': 0, 'v1': 1}","{'v1': 'M', 'v2': 'H'}",letter,
L3-44-01457-letter,L3-44-01457,letter,,,4,4,True,False,"{'v2': 0, 'v1': 4}","{'v1': 'E', 'v2': 'V'}",letter,
L3-44-01458-letter,L3-44-01458,letter,,,4,4,True,False,"{'v2': 1, 'v1': 4}","{'v1': 'J', 'v2': 'V'}",letter,
L3-44-01459-letter,L3-44-01459,letter,,,2,2,True,False,"{'v2': 6, 'v1': 2}","{'v1': 'I', 'v2': 'F'}",letter,
L3-44-01460-letter,L3-44-01460,letter,,,6,6,True,False,"{'v2': 0, 'v1': 6}","{'v1': 'Z', 'v2': 'P'}",letter,
L3-44-01461-letter,L3-44-01461,letter,,,4,4,True,False,"{'v2': 1, 'v1': 4}","{'v1': 'I', 'v2': 'A'}",letter,
L3-44-01462-letter,L3-44-01462,letter,,,2,2,True,False,"{'v2': 6, 'v1': 2}","{'v1': 'K', 'v2': 'P'}",letter,
L3-44-01463-letter,L3-44-01463,letter,,,5,5,True,False,"{'v2': 0, 'v1': 5}","{'v1': 'Z', 'v2': 'I'}",letter,
L3-44-01464-letter,L3-44-01464,letter,,,3,3,True,False,"{'v2': 6, 'v1': 3}","{'v1': 'I', 'v2': 'A'}",letter,
L3-44-01465-letter,L3-44-01465,letter,,,5,5,True,False,"{'v2': 2, 'v1': 5}","{'v1': 'W', 'v2': 'E'}",letter,
L3-44-01466-letter,L3-44-01466,letter,,,7,7,True,False,"{'v2': 6, 'v1': 7}","{'v1': 'L', 'v2': 'O'}",letter,
L3-44-01467-letter,L3-44-01467,letter,,,5,5,True,False,"{'v2': 1, 'v1': 5}","{'v1': 'X', 'v2': 'Q'}",letter,
L3-44-01468-letter,L3-44-01468,letter,,,2,2,True,False,"{'v2': 0, 'v1': 2}","{'v1': 'A', 'v2': 'G'}",letter,
L3-44-01469-letter,L3-44-01469,letter,,,2,2,True,False,"{'v2': 0, 'v1': 2}","{'v1': 'C', 'v2': 'A'}",letter,
L3-44-01470-letter,L3-44-01470,letter,,,6,6,True,False,"{'v2': 0, 'v1': 6}","{'v1': 'L', 'v2': 'R'}",letter,
L3-44-01471-letter,L3-44-01471,letter,,,9,9,True,False,"{'v2': 8, 'v1': 9}","{'v1': 'Z', 'v2': 'L'}",letter,
L3-44-01472-letter,L3-44-01472,letter,,,9,9,True,False,"{'v2': 0, 'v1': 9}","{'v1': 'I', 'v2': 'N'}",letter,
L3-44-01473-letter,L3-44-01473,letter,,,7,7,True,False,"{'v2': 2, 'v1': 7}","{'v1': 'I', 'v2': 'N'}",letter,
L3-44-01474-letter,L3-44-01474,letter,,,9,9,True,False,"{'v2': 6, 'v1': 9}","{'v1': 'M', 'v2': 'C'}",letter,
L3-44-01475-letter,L3-44-01475,letter,,,8,8,True,False,"{'v2': 1, 'v1': 8}","{'v1': 'C', 'v2': 'I'}",letter,
L3-44-01476-letter,L3-44-01476,letter,,,9,9,True,False,"{'v2': 5, 'v1': 9}","{'v1': 'T', 'v2': 'R'}",letter,
L3-44-01477-letter,L3-44-01477,letter,,,2,2,True,False,"{'v2': 1, 'v1': 2}","{'v1': 'X', 'v2': 'O'}",letter,
L3-44-01478-letter,L3-44-01478,letter,,,0,0,True,False,"{'v2': 7, 'v1': 0}","{'v1': 'V', 'v2': 'E'}",letter,
L3-44-01479-letter,L3-44-01479,letter,,,4,4,True,False,"{'v2': 2, 'v1': 4}","{'v1': 'E', 'v2': 'B'}",letter,
L3-44-01480-letter,L3-44-01480,letter,,,1,1,True,False,"{'v2': 1, 'v1': 1}","{'v1': 'R', 'v2': 'V'}",letter,
L3-44-01481-letter,L3-44-01481,letter,,,9,9,True,False,"{'v2': 0, 'v1': 9}","{'v1': 'T', 'v2': 'B'}",letter,
L3-44-01482-letter,L3-44-01482,letter,,,8,8,True,False,"{'v2': 1, 'v1': 8}","{'v1': 'W', 'v2': 'O'}",letter,
L3-44-01483-letter,L3-44-01483,letter,,,3,3,True,False,"{'v2': 1, 'v1': 3}","{'v1': 'F', 'v2': 'S'}",letter,
L3-44-01484-letter,L3-44-01484,letter,,,8,8,True,False,"{'v2': 5, 'v1': 8}","{'v1': 'A', 'v2': 'L'}",letter,
L3-44-01485-letter,L3-44-01485,letter,,,1,1,True,False,"{'v2': 5, 'v1': 1}","{'v1': 'J', 'v2': 'Y'}",letter,
L3-44-01486-letter,L3-44-01486,letter,,,2,2,True,False,"{'v2': 0, 'v1': 2}","{'v1': 'H', 'v2': 'O'}",letter,
L3-44-01487-letter,L3-44-01487,letter,,,9,9,True,False,"{'v2': 8, 'v1': 9}","{'v1': 'B', 'v2': 'A'}",letter,
L3-44-01488-letter,L3-44-01488,letter,,,7,7,True,False,"{'v2': 6, 'v1': 7}","{'v1': 'L', 'v2': 'D'}",letter,
L3-44-01489-letter,L3-44-01489,letter,,,1,1,True,False,"{'v2': 0, 'v1': 1}","{'v1': 'O', 'v2': 'S'}",letter,
L3-44-01490-letter,L3-44-01490,letter,,,1,1,True,False,"{'v2': 7, 'v1': 1}","{'v1': 'K', 'v2': 'G'}",letter,
L3-44-01491-letter,L3-44-01491,letter,,,8,8,True,False,"{'v2': 5, 'v1': 8}","{'v1': 'J', 'v2': 'Z'}",letter,
L3-44-01492-letter,L3-44-01492,letter,,,0,0,True,False,"{'v2': 8, 'v1': 0}","{'v1': 'S', 'v2': 'W'}",letter,
L3-44-01493-letter,L3-44-01493,letter,,,6,6,True,False,"{'v2': 1, 'v1': 6}","{'v1': 'O', 'v2': 'A'}",letter,
L3-44-01494-letter,L3-44-01494,letter,,,2,2,True,False,"{'v2': 6, 'v1': 2}","{'v1': 'R', 'v2': 'N'}",letter,
L3-44-01495-letter,L3-44-01495,letter,,,6,6,True,False,"{'v2': 5, 'v1': 6}","{'v1': 'W', 'v2': 'V'}",letter,
L3-44-01496-letter,L3-44-01496,letter,,,4,4,True,False,"{'v2': 0, 'v1': 4}","{'v1': 'X', 'v2': 'W'}",letter,
L3-44-01497-letter,L3-44-01497,letter,,,7,7,True,False,"{'v2': 6, 'v1': 7}","{'v1': 'H', 'v2': 'Z'}",letter,
L3-44-01498-letter,L3-44-01498,letter,,,1,1,True,False,"{'v2': 6, 'v1': 1}","{'v1': 'C', 'v2': 'Y'}",letter,
L3-44-01499-letter,L3-44-01499,letter,,,8,8,True,False,"{'v2': 7, 'v1': 8}","{'v1': 'L', 'v2': 'B'}",letter,
L3-44-01500-letter,L3-44-01500,letter,,,0,0,True,False,"{'v2': 1, 'v1': 0}","{'v1': 'P', 'v2': 'W'}",letter,
L3-44-01501-letter,L3-44-01501,letter,,,2,2,True,False,"{'v2': 5, 'v1': 2}","{'v1': 'V', 'v2': 'A'}",letter,
L3-44-01502-letter,L3-44-01502,letter,,,1,1,True,False,"{'v2': 7, 'v1': 1}","{'v1': 'G', 'v2': 'X'}",letter,
L3-44-01503-letter,L3-44-01503,letter,,,0,0,True,False,"{'v2': 2, 'v1': 0}","{'v1': 'K', 'v2': 'I'}",letter,
L3-44-01504-letter,L3-44-01504,letter,,,7,7,True,False,"{'v2': 1, 'v1': 7}","{'v1': 'F', 'v2': 'Y'}",letter,
L3-44-01505-letter,L3-44-01505,letter,,,5,5,True,False,"{'v2': 0, 'v1': 5}","{'v1': 'L', 'v2': 'K'}",letter,
L3-44-01506-letter,L3-44-01506,letter,,,6,6,True,False,"{'v2': 5, 'v1': 6}","{'v1': 'E', 'v2': 'A'}",letter,
L3-44-01507-letter,L3-44-01507,letter,,,7,7,True,False,"{'v2': 0, 'v1': 7}","{'v1': 'H', 'v2': 'G'}",letter,
L3-44-01508-letter,L3-44-01508,letter,,,5,5,True,False,"{'v2': 2, 'v1': 5}","{'v1': 'O', 'v2': 'H'}",letter,
L3-44-01509-letter,L3-44-01509,letter,,,8,8,True,False,"{'v2': 1, 'v1': 8}","{'v1': 'Q', 'v2': 'D'}",letter,
L3-44-01510-letter,L3-44-01510,letter,,,8,8,True,False,"{'v2': 8, 'v1': 8}","{'v1': 'H', 'v2': 'B'}",letter,
L3-44-01511-letter,L3-44-01511,letter,,,7,7,True,False,"{'v2': 2, 'v1': 7}","{'v1': 'G', 'v2': 'S'}",letter,
L3-44-01512-letter,L3-44-01512,letter,,,6,6,True,False,"{'v2': 0, 'v1': 6}","{'v1': 'A', 'v2': 'R'}",letter,
L3-44-01513-letter,L3-44-01513,letter,,,9,9,True,False,"{'v2': 5, 'v1': 9}","{'v1': 'G', 'v2': 'V'}",letter,
L3-44-01514-letter,L3-44-01514,letter,,,6,6,True,False,"{'v2': 1, 'v1': 6}","{'v1': 'T', 'v2': 'G'}",letter,
L3-44-01515-letter,L3-44-01515,letter,,,6,6,True,False,"{'v2': 1, 'v1': 6}","{'v1': 'Q', 'v2': 'C'}",letter,
L3-44-01516-letter,L3-44-01516,letter,,,4,4,True,False,"{'v2': 3, 'v1': 4}","{'v1': 'Y', 'v2': 'A'}",letter,
L3-44-01517-letter,L3-44-01517,letter,,,3,3,True,False,"{'v2': 0, 'v1': 3}","{'v1': 'D', 'v2': 'H'}",letter,
L3-44-01518-letter,L3-44-01518,letter,,,7,7,True,False,"{'v2': 5, 'v1': 7}","{'v1': 'K', 'v2': 'P'}",letter,
L3-44-01519-letter,L3-44-01519,letter,,,8,8,True,False,"{'v2': 8, 'v1': 8}","{'v1': 'N', 'v2': 'C'}",letter,
L3-44-01520-letter,L3-44-01520,letter,,,3,3,True,False,"{'v2': 1, 'v1': 3}","{'v1': 'P', 'v2': 'D'}",letter,
L3-44-01521-letter,L3-44-01521,letter,,,5,5,True,False,"{'v2': 1, 'v1': 5}","{'v1': 'U', 'v2': 'O'}",letter,
L3-44-01522-letter,L3-44-01522,letter,,,1,1,True,False,"{'v2': 1, 'v1': 1}","{'v1': 'P', 'v2': 'A'}",letter,
L3-44-01523-letter,L3-44-01523,letter,,,3,3,True,False,"{'v2': 1, 'v1': 3}","{'v1': 'S', 'v2': 'U'}",letter,
L3-44-01524-letter,L3-44-01524,letter,,,4,4,True,False,"{'v2': 0, 'v1': 4}","{'v1': 'J', 'v2': 'K'}",letter,
L3-44-01525-letter,L3-44-01525,letter,,,2,2,True,False,"{'v2': 1, 'v1': 2}","{'v1': 'Q', 'v2': 'R'}",letter,
L3-44-01526-letter,L3-44-01526,letter,,,1,1,True,False,"{'v2': 1, 'v1': 1}","{'v1': 'X', 'v2': 'L'}",letter,
L3-44-01527-letter,L3-44-01527,letter,,,0,0,True,False,"{'v2': 1, 'v1': 0}","{'v1': 'U', 'v2': 'B'}",letter,
L3-44-01528-letter,L3-44-01528,letter,,,5,5,True,False,"{'v2': 1, 'v1': 5}","{'v1': 'J', 'v2': 'C'}",letter,
L3-44-01529-letter,L3-44-01529,letter,,,9,9,True,False,"{'v2': 0, 'v1': 9}","{'v1': 'M', 'v2': 'S'}",letter,
L3-44-01530-letter,L3-44-01530,letter,,,3,3,True,False,"{'v2': 0, 'v1': 3}","{'v1': 'K', 'v2': 'U'}",letter,
L3-44-01531-letter,L3-44-01531,letter,,,2,2,True,False,"{'v2': 7, 'v1': 2}","{'v1': 'R', 'v2': 'T'}",letter,
L3-44-01532-letter,L3-44-01532,letter,,,0,0,True,False,"{'v2': 9, 'v1': 0}","{'v1': 'I', 'v2': 'W'}",letter,
L3-44-01533-letter,L3-44-01533,letter,,,7,7,True,False,"{'v2': 1, 'v1': 7}","{'v1': 'P', 'v2': 'U'}",letter,
L3-44-01534-letter,L3-44-01534,letter,,,6,6,True,False,"{'v2': 3, 'v1': 6}","{'v1': 'Y', 'v2': 'K'}",letter,
L3-44-01535-letter,L3-44-01535,letter,,,0,0,True,False,"{'v2': 0, 'v1': 0}","{'v1': 'Z', 'v2': 'R'}",letter,
L3-44-01536-letter,L3-44-01536,letter,,,0,0,True,False,"{'v2': 5, 'v1': 0}","{'v1': 'L', 'v2': 'Q'}",letter,
L3-44-01537-letter,L3-44-01537,letter,,,1,1,True,False,"{'v2': 7, 'v1': 1}","{'v1': 'A', 'v2': 'T'}",letter,
L3-44-01538-letter,L3-44-01538,letter,,,3,3,True,False,"{'v2': 2, 'v1': 3}","{'v1': 'R', 'v2': 'D'}",letter,
L3-44-01539-letter,L3-44-01539,letter,,,0,0,True,False,"{'v2': 1, 'v1': 0}","{'v1': 'C', 'v2': 'I'}",letter,
L3-44-01540-letter,L3-44-01540,letter,,,2,2,True,False,"{'v2': 0, 'v1': 2}","{'v1': 'E', 'v2': 'M'}",letter,
L3-44-01541-letter,L3-44-01541,letter,,,8,8,True,False,"{'v2': 2, 'v1': 8}","{'v1': 'J', 'v2': 'P'}",letter,
L3-44-01542-letter,L3-44-01542,letter,,,6,6,True,False,"{'v2': 3, 'v1': 6}","{'v1': 'D', 'v2': 'F'}",letter,
L3-44-01543-letter,L3-44-01543,letter,,,3,3,True,False,"{'v2': 2, 'v1': 3}","{'v1': 'F', 'v2': 'T'}",letter,
L3-44-01544-letter,L3-44-01544,letter,,,6,6,True,False,"{'v2': 6, 'v1': 6}","{'v1': 'R', 'v2': 'H'}",letter,
L3-44-01545-letter,L3-44-01545,letter,,,6,6,True,False,"{'v2': 6, 'v1': 6}","{'v1': 'V', 'v2': 'L'}",letter,
L3-44-01546-letter,L3-44-01546,letter,,,9,9,True,False,"{'v2': 7, 'v1': 9}","{'v1': 'D', 'v2': 'M'}",letter,
L3-44-01547-letter,L3-44-01547,letter,,,5,5,True,False,"{'v2': 0, 'v1': 5}","{'v1': 'G', 'v2': 'F'}",letter,
L3-44-01548-letter,L3-44-01548,letter,,,0,0,True,False,"{'v2': 5, 'v1': 0}","{'v1': 'B', 'v2': 'W'}",letter,
L3-44-01549-letter,L3-44-01549,letter,,,7,7,True,False,"{'v2': 2, 'v1': 7}","{'v1': 'Q', 'v2': 'P'}",letter,
L3-44-01550-letter,L3-44-01550,letter,,,7,7,True,False,"{'v2': 6, 'v1': 7}","{'v1': 'A', 'v2': 'B'}",letter,
L3-44-01551-letter,L3-44-01551,letter,,,7,7,True,False,"{'v2': 6, 'v1': 7}","{'v1': 'G', 'v2': 'U'}",letter,
L3-44-01552-letter,L3-44-01552,letter,,,3,3,True,False,"{'v2': 1, 'v1': 3}","{'v1': 'A', 'v2': 'D'}",letter,
L3-44-01553-letter,L3-44-01553,letter,,,1,1,True,False,"{'v2': 8, 'v1': 1}","{'v1': 'N', 'v2': 'D'}",letter,
L3-44-01554-letter,L3-44-01554,letter,,,8,8,True,False,"{'v2': 5, 'v1': 8}","{'v1': 'U', 'v2': 'J'}",letter,
L3-44-01555-letter,L3-44-01555,letter,,,9,9,True,False,"{'v2': 9, 'v1': 9}","{'v1': 'M', 'v2': 'G'}",letter,
L3-44-01556-letter,L3-44-01556,letter,,,9,9,True,False,"{'v2': 0, 'v1': 9}","{'v1': 'Y', 'v2': 'T'}",letter,
L3-44-01557-letter,L3-44-01557,letter,,,1,1,True,False,"{'v2': 1, 'v1': 1}","{'v1': 'H', 'v2': 'K'}",letter,
L3-44-01558-letter,L3-44-01558,letter,,,0,0,True,False,"{'v2': 0, 'v1': 0}","{'v1': 'J', 'v2': 'A'}",letter,
L3-44-01559-letter,L3-44-01559,letter,,,6,6,True,False,"{'v2': 1, 'v1': 6}","{'v1': 'R', 'v2': 'T'}",letter,
L3-44-01560-letter,L3-44-01560,letter,,,9,9,True,False,"{'v2': 6, 'v1': 9}","{'v1': 'T', 'v2': 'P'}",letter,
L3-44-01561-letter,L3-44-01561,letter,,,3,3,True,False,"{'v2': 1, 'v1': 3}","{'v1': 'T', 'v2': 'I'}",letter,
L3-44-01562-letter,L3-44-01562,letter,,,5,5,True,False,"{'v2': 3, 'v1': 5}","{'v1': 'G', 'v2': 'D'}",letter,
L3-44-01563-letter,L3-44-01563,letter,,,4,4,True,False,"{'v2': 1, 'v1': 4}","{'v1': 'O', 'v2': 'Q'}",letter,
L3-44-01564-letter,L3-44-01564,letter,,,9,9,True,False,"{'v2': 1, 'v1': 9}","{'v1': 'L', 'v2': 'T'}",letter,
L3-44-01565-letter,L3-44-01565,letter,,,2,2,True,False,"{'v2': 2, 'v1': 2}","{'v1': 'Y', 'v2': 'N'}",letter,
L3-44-01566-letter,L3-44-01566,letter,,,9,9,True,False,"{'v2': 2, 'v1': 9}","{'v1': 'D', 'v2': 'Q'}",letter,
L3-44-01567-letter,L3-44-01567,letter,,,2,2,True,False,"{'v2': 5, 'v1': 2}","{'v1': 'Z', 'v2': 'W'}",letter,
L3-44-01568-letter,L3-44-01568,letter,,,0,-1,False,False,"{'v2': 1, 'v1': 0}","{'v1': 'W', 'v2': 'Q'}",letter,
L3-44-01569-letter,L3-44-01569,letter,,,2,2,True,False,"{'v2': 1, 'v1': 2}","{'v1': 'P', 'v2': 'I'}",letter,
L3-44-01570-letter,L3-44-01570,letter,,,8,8,True,False,"{'v2': 0, 'v1': 8}","{'v1': 'H', 'v2': 'S'}",letter,
L3-44-01571-letter,L3-44-01571,letter,,,1,1,True,False,"{'v2': 2, 'v1': 1}","{'v1': 'N', 'v2': 'H'}",letter,
L3-44-01572-letter,L3-44-01572,letter,,,1,1,True,False,"{'v2': 6, 'v1': 1}","{'v1': 'Q', 'v2': 'X'}",letter,
L3-44-01573-letter,L3-44-01573,letter,,,6,6,True,False,"{'v2': 6, 'v1': 6}","{'v1': 'P', 'v2': 'O'}",letter,
L3-44-01574-letter,L3-44-01574,letter,,,7,7,True,False,"{'v2': 1, 'v1': 7}","{'v1': 'S', 'v2': 'I'}",letter,
L3-44-01575-letter,L3-44-01575,letter,,,6,6,True,False,"{'v2': 1, 'v1': 6}","{'v1': 'S', 'v2': 'E'}",letter,
L3-44-01576-letter,L3-44-01576,letter,,,5,5,True,False,"{'v2': 3, 'v1': 5}","{'v1': 'D', 'v2': 'G'}",letter,
L3-44-01577-letter,L3-44-01577,letter,,,7,7,True,False,"{'v2': 7, 'v1': 7}","{'v1': 'H', 'v2': 'K'}",letter,
L3-44-01578-letter,L3-44-01578,letter,,,8,8,True,False,"{'v2': 0, 'v1': 8}","{'v1': 'C', 'v2': 'O'}",letter,
L3-44-01579-letter,L3-44-01579,letter,,,4,4,True,False,"{'v2': 1, 'v1': 4}","{'v1': 'W', 'v2': 'E'}",letter,
L3-44-01580-letter,L3-44-01580,letter,,,7,7,True,False,"{'v2': 2, 'v1': 7}","{'v1': 'R', 'v2': 'A'}",letter,
L3-44-01581-letter,L3-44-01581,letter,,,0,0,True,False,"{'v2': 2, 'v1': 0}","{'v1': 'N', 'v2': 'Q'}",letter,
L3-44-01582-letter,L3-44-01582,letter,,,1,1,True,False,"{'v2': 1, 'v1': 1}","{'v1': 'U', 'v2': 'Q'}",letter,
L3-44-01583-letter,L3-44-01583,letter,,,8,8,True,False,"{'v2': 5, 'v1': 8}","{'v1': 'S', 'v2': 'E'}",letter,
L3-44-01584-letter,L3-44-01584,letter,,,3,3,True,False,"{'v2': 6, 'v1': 3}","{'v1': 'W', 'v2': 'C'}",letter,
L3-44-01585-letter,L3-44-01585,letter,,,3,3,True,False,"{'v2': 5, 'v1': 3}","{'v1': 'S', 'v2': 'A'}",letter,
L3-44-01586-letter,L3-44-01586,letter,,,9,9,True,False,"{'v2': 9, 'v1': 9}","{'v1': 'I', 'v2': 'T'}",letter,
L3-44-01587-letter,L3-44-01587,letter,,,3,3,True,False,"{'v2': 2, 'v1': 3}","{'v1': 'W', 'v2': 'D'}",letter,
L3-44-01588-letter,L3-44-01588,letter,,,5,5,True,False,"{'v2': 2, 'v1': 5}","{'v1': 'N', 'v2': 'M'}",letter,
L3-44-01589-letter,L3-44-01589,letter,,,2,2,True,False,"{'v2': 1, 'v1': 2}","{'v1': 'S', 'v2': 'C'}",letter,
L3-44-01590-letter,L3-44-01590,letter,,,0,0,True,False,"{'v2': 6, 'v1': 0}","{'v1': 'E', 'v2': 'D'}",letter,
L3-44-01591-letter,L3-44-01591,letter,,,1,1,True,False,"{'v2': 1, 'v1': 1}","{'v1': 'Y', 'v2': 'O'}",letter,
L3-44-01592-letter,L3-44-01592,letter,,,6,6,True,False,"{'v2': 1, 'v1': 6}","{'v1': 'W', 'v2': 'D'}",letter,
L3-44-01593-letter,L3-44-01593,letter,,,1,1,True,False,"{'v2': 2, 'v1': 1}","{'v1': 'U', 'v2': 'Z'}",letter,
L3-44-01594-letter,L3-44-01594,letter,,,2,2,True,False,"{'v2': 5, 'v1': 2}","{'v1': 'B', 'v2': 'D'}",letter,
L3-44-01595-letter,L3-44-01595,letter,,,0,0,True,False,"{'v2': 0, 'v1': 0}","{'v1': 'N', 'v2': 'Z'}",letter,
L3-44-01596-letter,L3-44-01596,letter,,,8,8,True,False,"{'v2': 1, 'v1': 8}","{'v1': 'W', 'v2': 'F'}",letter,
L3-44-01597-letter,L3-44-01597,letter,,,8,8,True,False,"{'v2': 1, 'v1': 8}","{'v1': 'B', 'v2': 'N'}",letter,
L3-44-01598-letter,L3-44-01598,letter,,,4,4,True,False,"{'v2': 1, 'v1': 4}","{'v1': 'P', 'v2': 'X'}",letter,
L3-44-01599-letter,L3-44-01599,letter,,,1,1,True,False,"{'v2': 6, 'v1': 1}","{'v1': 'T', 'v2': 'P'}",letter,
L3-44-01600-letter,L3-44-01600,letter,,,3,3,True,False,"{'v2': 2, 'v1': 3}","{'v1': 'H', 'v2': 'J'}",letter,
L3-44-01601-letter,L3-44-01601,letter,,,1,1,True,False,"{'v2': 2, 'v1': 1}","{'v1': 'S', 'v2': 'B'}",letter,
L3-44-01602-letter,L3-44-01602,letter,,,7,7,True,False,"{'v2': 1, 'v1': 7}","{'v1': 'C', 'v2': 'Y'}",letter,
L3-44-01603-letter,L3-44-01603,letter,,,5,5,True,False,"{'v2': 5, 'v1': 5}","{'v1': 'C', 'v2': 'D'}",letter,
L3-44-01604-letter,L3-44-01604,letter,,,5,5,True,False,"{'v2': 2, 'v1': 5}","{'v1': 'I', 'v2': 'E'}",letter,
L3-44-01605-letter,L3-44-01605,letter,,,3,3,True,False,"{'v2': 1, 'v1': 3}","{'v1': 'T', 'v2': 'K'}",letter,
L3-44-01606-letter,L3-44-01606,letter,,,0,0,True,False,"{'v2': 9, 'v1': 0}","{'v1': 'X', 'v2': 'I'}",letter,
L3-44-01607-letter,L3-44-01607,letter,,,3,3,True,False,"{'v2': 6, 'v1': 3}","{'v1': 'S', 'v2': 'P'}",letter,
L3-44-01608-letter,L3-44-01608,letter,,,2,2,True,False,"{'v2': 0, 'v1': 2}","{'v1': 'L', 'v2': 'O'}",letter,
L3-44-01609-letter,L3-44-01609,letter,,,8,8,True,False,"{'v2': 1, 'v1': 8}","{'v1': 'T', 'v2': 'G'}",letter,
L3-44-01610-letter,L3-44-01610,letter,,,7,7,True,False,"{'v2': 5, 'v1': 7}","{'v1': 'C', 'v2': 'R'}",letter,
L3-44-01611-letter,L3-44-01611,letter,,,3,3,True,False,"{'v2': 2, 'v1': 3}","{'v1': 'D', 'v2': 'S'}",letter,
L3-44-01612-letter,L3-44-01612,letter,,,4,4,True,False,"{'v2': 1, 'v1': 4}","{'v1': 'E', 'v2': 'N'}",letter,
L3-44-01613-letter,L3-44-01613,letter,,,4,4,True,False,"{'v2': 2, 'v1': 4}","{'v1': 'R', 'v2': 'Y'}",letter,
L3-44-01614-letter,L3-44-01614,letter,,,4,4,True,False,"{'v2': 1, 'v1': 4}","{'v1': 'N', 'v2': 'Q'}",letter,
L3-44-01615-letter,L3-44-01615,letter,,,8,8,True,False,"{'v2': 1, 'v1': 8}","{'v1': 'Z', 'v2': 'E'}",letter,
L3-44-01616-letter,L3-44-01616,letter,,,7,7,True,False,"{'v2': 0, 'v1': 7}","{'v1': 'J', 'v2': 'R'}",letter,
L3-44-01617-letter,L3-44-01617,letter,,,8,8,True,False,"{'v2': 6, 'v1': 8}","{'v1': 'E', 'v2': 'M'}",letter,
L3-44-01618-letter,L3-44-01618,letter,,,2,2,True,False,"{'v2': 0, 'v1': 2}","{'v1': 'U', 'v2': 'G'}",letter,
L3-44-01619-letter,L3-44-01619,letter,,,6,6,True,False,"{'v2': 6, 'v1': 6}","{'v1': 'I', 'v2': 'F'}",letter,
L3-44-01620-letter,L3-44-01620,letter,,,0,0,True,False,"{'v2': 9, 'v1': 0}","{'v1': 'D', 'v2': 'Q'}",letter,
L3-44-01621-letter,L3-44-01621,letter,,,1,1,True,False,"{'v2': 0, 'v1': 1}","{'v1': 'K', 'v2': 'N'}",letter,
L3-44-01622-letter,L3-44-01622,letter,,,8,8,True,False,"{'v2': 0, 'v1': 8}","{'v1': 'L', 'v2': 'E'}",letter,
L3-44-01623-letter,L3-44-01623,letter,,,6,6,True,False,"{'v2': 0, 'v1': 6}","{'v1': 'O', 'v2': 'R'}",letter,
L3-44-01624-letter,L3-44-01624,letter,,,4,4,True,False,"{'v2': 3, 'v1': 4}","{'v1': 'G', 'v2': 'P'}",letter,
L3-44-01625-letter,L3-44-01625,letter,,,8,8,True,False,"{'v2': 8, 'v1': 8}","{'v1': 'B', 'v2': 'D'}",letter,
L3-44-01626-letter,L3-44-01626,letter,,,3,3,True,False,"{'v2': 0, 'v1': 3}","{'v1': 'L', 'v2': 'F'}",letter,
L3-44-01627-letter,L3-44-01627,letter,,,4,4,True,False,"{'v2': 0, 'v1': 4}","{'v1': 'V', 'v2': 'W'}",letter,
L3-44-01628-letter,L3-44-01628,letter,,,9,9,True,False,"{'v2': 2, 'v1': 9}","{'v1': 'S', 'v2': 'E'}",letter,
L3-44-01629-letter,L3-44-01629,letter,,,1,1,True,False,"{'v2': 7, 'v1': 1}","{'v1': 'K', 'v2': 'J'}",letter,
L3-44-01630-letter,L3-44-01630,letter,,,8,8,True,False,"{'v2': 7, 'v1': 8}","{'v1': 'V', 'v2': 'X'}",letter,
L3-44-01631-letter,L3-44-01631,letter,,,3,3,True,False,"{'v2': 0, 'v1': 3}","{'v1': 'V', 'v2': 'R'}",letter,
L3-44-01632-letter,L3-44-01632,letter,,,9,9,True,False,"{'v2': 2, 'v1': 9}","{'v1': 'W', 'v2': 'M'}",letter,
L3-44-01633-letter,L3-44-01633,letter,,,1,1,True,False,"{'v2': 7, 'v1': 1}","{'v1': 'T', 'v2': 'E'}",letter,
L3-44-01634-letter,L3-44-01634,letter,,,4,4,True,False,"{'v2': 3, 'v1': 4}","{'v1': 'K', 'v2': 'G'}",letter,
L3-44-01635-letter,L3-44-01635,letter,,,2,2,True,False,"{'v2': 2, 'v1': 2}","{'v1': 'V', 'v2': 'X'}",letter,
L3-44-01636-letter,L3-44-01636,letter,,,9,9,True,False,"{'v2': 1, 'v1': 9}","{'v1': 'M', 'v2': 'J'}",letter,
L3-44-01637-letter,L3-44-01637,letter,,,5,5,True,False,"{'v2': 3, 'v1': 5}","{'v1': 'P', 'v2': 'X'}",letter,
L3-44-01638-letter,L3-44-01638,letter,,,8,8,True,False,"{'v2': 1, 'v1': 8}","{'v1': 'Z', 'v2': 'R'}",letter,
L3-44-01639-letter,L3-44-01639,letter,,,8,8,True,False,"{'v2': 7, 'v1': 8}","{'v1': 'F', 'v2': 'T'}",letter,
L3-44-01640-letter,L3-44-01640,letter,,,5,5,True,False,"{'v2': 0, 'v1': 5}","{'v1': 'H', 'v2': 'I'}",letter,
L3-44-01641-letter,L3-44-01641,letter,,,4,4,True,False,"{'v2': 1, 'v1': 4}","{'v1': 'K', 'v2': 'J'}",letter,
L3-44-01642-letter,L3-44-01642,letter,,,3,3,True,False,"{'v2': 5, 'v1': 3}","{'v1': 'C', 'v2': 'U'}",letter,
L3-44-01643-letter,L3-44-01643,letter,,,7,7,True,False,"{'v2': 5, 'v1': 7}","{'v1': 'A', 'v2': 'S'}",letter,
L3-44-01644-letter,L3-44-01644,letter,,,5,5,True,False,"{'v2': 0, 'v1': 5}","{'v1': 'Z', 'v2': 'I'}",letter,
L3-44-01645-letter,L3-44-01645,letter,,,9,9,True,False,"{'v2': 0, 'v1': 9}","{'v1': 'R', 'v2': 'G'}",letter,
L3-44-01646-letter,L3-44-01646,letter,,,1,1,True,False,"{'v2': 2, 'v1': 1}","{'v1': 'O', 'v2': 'I'}",letter,
L3-44-01647-letter,L3-44-01647,letter,,,5,5,True,False,"{'v2': 1, 'v1': 5}","{'v1': 'N', 'v2': 'M'}",letter,
L3-44-01648-letter,L3-44-01648,letter,,,1,1,True,False,"{'v2': 7, 'v1': 1}","{'v1': 'L', 'v2': 'T'}",letter,
L3-44-01649-letter,L3-44-01649,letter,,,8,8,True,False,"{'v2': 6, 'v1': 8}","{'v1': 'E', 'v2': 'X'}",letter,
L3-44-01650-letter,L3-44-01650,letter,,,2,2,True,False,"{'v2': 1, 'v1': 2}","{'v1': 'A', 'v2': 'J'}",letter,
L3-44-01651-letter,L3-44-01651,letter,,,1,1,True,False,"{'v2': 1, 'v1': 1}","{'v1': 'N', 'v2': 'B'}",letter,
L3-44-01652-letter,L3-44-01652,letter,,,4,4,True,False,"{'v2': 5, 'v1': 4}","{'v1': 'B', 'v2': 'J'}",letter,
L3-44-01653-letter,L3-44-01653,letter,,,0,0,True,False,"{'v2': 7, 'v1': 0}","{'v1': 'Y', 'v2': 'I'}",letter,
L3-44-01654-letter,L3-44-01654,letter,,,7,7,True,False,"{'v2': 5, 'v1': 7}","{'v1': 'Q', 'v2': 'Z'}",letter,
L3-44-01655-letter,L3-44-01655,letter,,,4,4,True,False,"{'v2': 3, 'v1': 4}","{'v1': 'L', 'v2': 'V'}",letter,
L3-44-01656-letter,L3-44-01656,letter,,,7,7,True,False,"{'v2': 1, 'v1': 7}","{'v1': 'O', 'v2': 'G'}",letter,
L3-44-01657-letter,L3-44-01657,letter,,,8,8,True,False,"{'v2': 0, 'v1': 8}","{'v1': 'U', 'v2': 'J'}",letter,
L3-44-01658-letter,L3-44-01658,letter,,,5,-1,False,False,"{'v2': 0, 'v1': 5}","{'v1': 'H', 'v2': 'O'}",letter,
L3-44-01659-letter,L3-44-01659,letter,,,2,2,True,False,"{'v2': 2, 'v1': 2}","{'v1': 'J', 'v2': 'F'}",letter,
L3-44-01660-letter,L3-44-01660,letter,,,1,1,True,False,"{'v2': 6, 'v1': 1}","{'v1': 'A', 'v2': 'L'}",letter,
L3-44-01661-letter,L3-44-01661,letter,,,3,3,True,False,"{'v2': 3, 'v1': 3}","{'v1': 'V', 'v2': 'H'}",letter,
L3-44-01662-letter,L3-44-01662,letter,,,1,1,True,False,"{'v2': 3, 'v1': 1}","{'v1': 'T', 'v2': 'I'}",letter,
L3-44-01663-letter,L3-44-01663,letter,,,9,9,True,False,"{'v2': 0, 'v1': 9}","{'v1': 'Y', 'v2': 'G'}",letter,
L3-44-01664-letter,L3-44-01664,letter,,,9,9,True,False,"{'v2': 9, 'v1': 9}","{'v1': 'F', 'v2': 'D'}",letter,
L3-44-01665-letter,L3-44-01665,letter,,,7,7,True,False,"{'v2': 2, 'v1': 7}","{'v1': 'I', 'v2': 'L'}",letter,
L3-44-01666-letter,L3-44-01666,letter,,,9,9,True,False,"{'v2': 9, 'v1': 9}","{'v1': 'U', 'v2': 'J'}",letter,
L3-44-01667-letter,L3-44-01667,letter,,,8,8,True,False,"{'v2': 5, 'v1': 8}","{'v1': 'R', 'v2': 'L'}",letter,
L3-44-01668-letter,L3-44-01668,letter,,,4,4,True,False,"{'v2': 0, 'v1': 4}","{'v1': 'I', 'v2': 'K'}",letter,
L3-44-01669-letter,L3-44-01669,letter,,,8,8,True,False,"{'v2': 0, 'v1': 8}","{'v1': 'T', 'v2': 'V'}",letter,
L3-44-01670-letter,L3-44-01670,letter,,,4,4,True,False,"{'v2': 0, 'v1': 4}","{'v1': 'H', 'v2': 'O'}",letter,
L3-44-01671-letter,L3-44-01671,letter,,,1,1,True,False,"{'v2': 2, 'v1': 1}","{'v1': 'V', 'v2': 'K'}",letter,
L3-44-01672-letter,L3-44-01672,letter,,,1,1,True,False,"{'v2': 7, 'v1': 1}","{'v1': 'O', 'v2': 'L'}",letter,
L3-44-01673-letter,L3-44-01673,letter,,,1,1,True,False,"{'v2': 8, 'v1': 1}","{'v1': 'H', 'v2': 'S'}",letter,
L3-44-01674-letter,L3-44-01674,letter,,,9,9,True,False,"{'v2': 6, 'v1': 9}","{'v1': 'P', 'v2': 'Z'}",letter,
L3-44-01675-letter,L3-44-01675,letter,,,9,9,True,False,"{'v2': 9, 'v1': 9}","{'v1': 'A', 'v2': 'T'}",letter,
L3-44-01676-letter,L3-44-01676,letter,,,1,1,True,False,"{'v2': 1, 'v1': 1}","{'v1': 'N', 'v2': 'F'}",letter,
L3-44-01677-letter,L3-44-01677,letter,,,2,2,True,False,"{'v2': 1, 'v1': 2}","{'v1': 'J', 'v2': 'E'}",letter,
L3-44-01678-letter,L3-44-01678,letter,,,6,6,True,False,"{'v2': 2, 'v1': 6}","{'v1': 'L', 'v2': 'A'}",letter,
L3-44-01679-letter,L3-44-01679,letter,,,3,3,True,False,"{'v2': 0, 'v1': 3}","{'v1': 'A', 'v2': 'H'}",letter,
L3-44-01680-letter,L3-44-01680,letter,,,2,2,True,False,"{'v2': 6, 'v1': 2}","{'v1': 'E', 'v2': 'V'}",letter,
L3-44-01681-letter,L3-44-01681,letter,,,2,2,True,False,"{'v2': 0, 'v1': 2}","{'v1': 'O', 'v2': 'H'}",letter,
L3-44-01682-letter,L3-44-01682,letter,,,3,3,True,False,"{'v2': 1, 'v1': 3}","{'v1': 'G', 'v2': 'D'}",letter,
L3-44-01683-letter,L3-44-01683,letter,,,2,2,True,False,"{'v2': 0, 'v1': 2}","{'v1': 'X', 'v2': 'V'}",letter,
L3-44-01684-letter,L3-44-01684,letter,,,3,3,True,False,"{'v2': 1, 'v1': 3}","{'v1': 'T', 'v2': 'Z'}",letter,
L3-44-01685-letter,L3-44-01685,letter,,,6,6,True,False,"{'v2': 5, 'v1': 6}","{'v1': 'N', 'v2': 'B'}",letter,
L3-44-01686-letter,L3-44-01686,letter,,,1,1,True,False,"{'v2': 2, 'v1': 1}","{'v1': 'F', 'v2': 'Y'}",letter,
L3-44-01687-letter,L3-44-01687,letter,,,2,2,True,False,"{'v2': 6, 'v1': 2}","{'v1': 'I', 'v2': 'N'}",letter,
L3-44-01688-letter,L3-44-01688,letter,,,1,1,True,False,"{'v2': 5, 'v1': 1}","{'v1': 'J', 'v2': 'X'}",letter,
L3-44-01689-letter,L3-44-01689,letter,,,9,9,True,False,"{'v2': 8, 'v1': 9}","{'v1': 'O', 'v2': 'D'}",letter,
L3-44-01690-letter,L3-44-01690,letter,,,9,9,True,False,"{'v2': 5, 'v1': 9}","{'v1': 'H', 'v2': 'W'}",letter,
L3-44-01691-letter,L3-44-01691,letter,,,8,8,True,False,"{'v2': 8, 'v1': 8}","{'v1': 'J', 'v2': 'T'}",letter,
L3-44-01692-letter,L3-44-01692,letter,,,0,0,True,False,"{'v2': 0, 'v1': 0}","{'v1': 'P', 'v2': 'V'}",letter,
L3-44-01693-letter,L3-44-01693,letter,,,9,9,True,False,"{'v2': 6, 'v1': 9}","{'v1': 'C', 'v2': 'G'}",letter,
L3-44-01694-letter,L3-44-01694,letter,,,4,4,True,False,"{'v2': 0, 'v1': 4}","{'v1': 'D', 'v2': 'H'}",letter,
L3-44-01695-letter,L3-44-01695,letter,,,2,2,True,False,"{'v2': 0, 'v1': 2}","{'v1': 'D', 'v2': 'N'}",letter,
L3-44-01696-letter,L3-44-01696,letter,,,5,5,True,False,"{'v2': 1, 'v1': 5}","{'v1': 'Q', 'v2': 'R'}",letter,
L3-44-01697-letter,L3-44-01697,letter,,,1,1,True,False,"{'v2': 5, 'v1': 1}","{'v1': 'Y', 'v2': 'W'}",letter,
L3-44-01698-letter,L3-44-01698,letter,,,7,7,True,False,"{'v2': 7, 'v1': 7}","{'v1': 'W', 'v2': 'N'}",letter,
L3-44-01699-letter,L3-44-01699,letter,,,4,4,True,False,"{'v2': 0, 'v1': 4}","{'v1': 'Q', 'v2': 'B'}",letter,
L3-44-01700-letter,L3-44-01700,letter,,,2,2,True,False,"{'v2': 1, 'v1': 2}","{'v1': 'C', 'v2': 'F'}",letter,
L3-44-01701-letter,L3-44-01701,letter,,,6,6,True,False,"{'v2': 3, 'v1': 6}","{'v1': 'S', 'v2': 'Q'}",letter,
L3-44-01702-letter,L3-44-01702,letter,,,0,0,True,False,"{'v2': 6, 'v1': 0}","{'v1': 'N', 'v2': 'Y'}",letter,
L3-44-01703-letter,L3-44-01703,letter,,,4,4,True,False,"{'v2': 2, 'v1': 4}","{'v1': 'S', 'v2': 'D'}",letter,
L3-44-01704-letter,L3-44-01704,letter,,,8,8,True,False,"{'v2': 8, 'v1': 8}","{'v1': 'W', 'v2': 'Q'}",letter,
L3-44-01705-letter,L3-44-01705,letter,,,1,1,True,False,"{'v2': 2, 'v1': 1}","{'v1': 'K', 'v2': 'Q'}",letter,
L3-44-01706-letter,L3-44-01706,letter,,,3,3,True,False,"{'v2': 5, 'v1': 3}","{'v1': 'J', 'v2': 'S'}",letter,
L3-44-01707-letter,L3-44-01707,letter,,,4,4,True,False,"{'v2': 0, 'v1': 4}","{'v1': 'M', 'v2': 'W'}",letter,
L3-44-01708-letter,L3-44-01708,letter,,,9,9,True,False,"{'v2': 5, 'v1': 9}","{'v1': 'T', 'v2': 'H'}",letter,
L3-44-01709-letter,L3-44-01709,letter,,,8,8,True,False,"{'v2': 5, 'v1': 8}","{'v1': 'N', 'v2': 'O'}",letter,
L3-44-01710-letter,L3-44-01710,letter,,,7,7,True,False,"{'v2': 5, 'v1': 7}","{'v1': 'D', 'v2': 'Z'}",letter,
L3-44-01711-letter,L3-44-01711,letter,,,5,5,True,False,"{'v2': 2, 'v1': 5}","{'v1': 'M', 'v2': 'P'}",letter,
L3-44-01712-letter,L3-44-01712,letter,,,0,0,True,False,"{'v2': 5, 'v1': 0}","{'v1': 'G', 'v2': 'W'}",letter,
L3-44-01713-letter,L3-44-01713,letter,,,1,1,True,False,"{'v2': 1, 'v1': 1}","{'v1': 'I', 'v2': 'X'}",letter,
L3-44-01714-letter,L3-44-01714,letter,,,1,1,True,False,"{'v2': 7, 'v1': 1}","{'v1': 'V', 'v2': 'T'}",letter,
L3-44-01715-letter,L3-44-01715,letter,,,7,7,True,False,"{'v2': 5, 'v1': 7}","{'v1': 'B', 'v2': 'G'}",letter,
L3-44-01716-letter,L3-44-01716,letter,,,8,8,True,False,"{'v2': 1, 'v1': 8}","{'v1': 'C', 'v2': 'V'}",letter,
L3-44-01717-letter,L3-44-01717,letter,,,0,0,True,False,"{'v2': 1, 'v1': 0}","{'v1': 'J', 'v2': 'F'}",letter,
L3-44-01718-letter,L3-44-01718,letter,,,7,7,True,False,"{'v2': 3, 'v1': 7}","{'v1': 'Z', 'v2': 'A'}",letter,
L3-44-01719-letter,L3-44-01719,letter,,,3,3,True,False,"{'v2': 1, 'v1': 3}","{'v1': 'M', 'v2': 'F'}",letter,
L3-44-01720-letter,L3-44-01720,letter,,,3,3,True,False,"{'v2': 1, 'v1': 3}","{'v1': 'N', 'v2': 'Q'}",letter,
L3-44-01721-letter,L3-44-01721,letter,,,9,9,True,False,"{'v2': 7, 'v1': 9}","{'v1': 'F', 'v2': 'P'}",letter,
L3-44-01722-letter,L3-44-01722,letter,,,5,5,True,False,"{'v2': 0, 'v1': 5}","{'v1': 'E', 'v2': 'A'}",letter,
L3-44-01723-letter,L3-44-01723,letter,,,1,1,True,False,"{'v2': 1, 'v1': 1}","{'v1': 'F', 'v2': 'C'}",letter,
L3-44-01724-letter,L3-44-01724,letter,,,9,9,True,False,"{'v2': 0, 'v1': 9}","{'v1': 'G', 'v2': 'H'}",letter,
L3-44-01725-letter,L3-44-01725,letter,,,2,2,True,False,"{'v2': 2, 'v1': 2}","{'v1': 'J', 'v2': 'Y'}",letter,
L3-44-01726-letter,L3-44-01726,letter,,,4,4,True,False,"{'v2': 2, 'v1': 4}","{'v1': 'Q', 'v2': 'K'}",letter,
L3-44-01727-letter,L3-44-01727,letter,,,6,6,True,False,"{'v2': 3, 'v1': 6}","{'v1': 'L', 'v2': 'J'}",letter,
L3-44-01728-letter,L3-44-01728,letter,,,1,1,True,False,"{'v2': 8, 'v1': 1}","{'v1': 'L', 'v2': 'T'}",letter,
L3-44-01729-letter,L3-44-01729,letter,,,5,4,False,False,"{'v2': 0, 'v1': 5}","{'v1': 'O', 'v2': 'N'}",letter,
L3-44-01730-letter,L3-44-01730,letter,,,9,9,True,False,"{'v2': 6, 'v1': 9}","{'v1': 'F', 'v2': 'G'}",letter,
L3-44-01731-letter,L3-44-01731,letter,,,7,7,True,False,"{'v2': 0, 'v1': 7}","{'v1': 'X', 'v2': 'P'}",letter,
L3-44-01732-letter,L3-44-01732,letter,,,3,3,True,False,"{'v2': 2, 'v1': 3}","{'v1': 'S', 'v2': 'D'}",letter,
L3-44-01733-letter,L3-44-01733,letter,,,7,7,True,False,"{'v2': 7, 'v1': 7}","{'v1': 'Z', 'v2': 'D'}",letter,
L3-44-01734-letter,L3-44-01734,letter,,,3,3,True,False,"{'v2': 0, 'v1': 3}","{'v1': 'E', 'v2': 'P'}",letter,
L3-44-01735-letter,L3-44-01735,letter,,,5,5,True,False,"{'v2': 1, 'v1': 5}","{'v1': 'Q', 'v2': 'W'}",letter,
L3-44-01736-letter,L3-44-01736,letter,,,0,0,True,False,"{'v2': 0, 'v1': 0}","{'v1': 'L', 'v2': 'O'}",letter,
L3-44-01737-letter,L3-44-01737,letter,,,7,7,True,False,"{'v2': 0, 'v1': 7}","{'v1': 'V', 'v2': 'M'}",letter,
L3-44-01738-letter,L3-44-01738,letter,,,5,5,True,False,"{'v2': 0, 'v1': 5}","{'v1': 'K', 'v2': 'D'}",letter,
L3-44-01739-letter,L3-44-01739,letter,,,5,5,True,False,"{'v2': 1, 'v1': 5}","{'v1': 'E', 'v2': 'A'}",letter,
L3-44-01740-letter,L3-44-01740,letter,,,8,8,True,False,"{'v2': 5, 'v1': 8}","{'v1': 'Q', 'v2': 'E'}",letter,
L3-44-01741-letter,L3-44-01741,letter,,,4,4,True,False,"{'v2': 2, 'v1': 4}","{'v1': 'J', 'v2': 'X'}",letter,
L3-44-01742-letter,L3-44-01742,letter,,,7,7,True,False,"{'v2': 2, 'v1': 7}","{'v1': 'N', 'v2': 'L'}",letter,
L3-44-01743-letter,L3-44-01743,letter,,,9,9,True,False,"{'v2': 8, 'v1': 9}","{'v1': 'W', 'v2': 'E'}",letter,
L3-44-01744-letter,L3-44-01744,letter,,,2,2,True,False,"{'v2': 7, 'v1': 2}","{'v1': 'O', 'v2': 'X'}",letter,
L3-44-01745-letter,L3-44-01745,letter,,,3,3,True,False,"{'v2': 0, 'v1': 3}","{'v1': 'L', 'v2': 'B'}",letter,
L3-44-01746-letter,L3-44-01746,letter,,,8,8,True,False,"{'v2': 6, 'v1': 8}","{'v1': 'E', 'v2': 'F'}",letter,
L3-44-01747-letter,L3-44-01747,letter,,,0,0,True,False,"{'v2': 0, 'v1': 0}","{'v1': 'W', 'v2': 'K'}",letter,
L3-44-01748-letter,L3-44-01748,letter,,,1,1,True,False,"{'v2': 1, 'v1': 1}","{'v1': 'M', 'v2': 'O'}",letter,
L3-44-01749-letter,L3-44-01749,letter,,,5,5,True,False,"{'v2': 0, 'v1': 5}","{'v1': 'Y', 'v2': 'Z'}",letter,
L3-44-01750-letter,L3-44-01750,letter,,,6,6,True,False,"{'v2': 3, 'v1': 6}","{'v1': 'A', 'v2': 'L'}",letter,
L3-44-01751-letter,L3-44-01751,letter,,,9,9,True,False,"{'v2': 0, 'v1': 9}","{'v1': 'B', 'v2': 'X'}",letter,
L3-44-01752-letter,L3-44-01752,letter,,,0,0,True,False,"{'v2': 9, 'v1': 0}","{'v1': 'B', 'v2': 'O'}",letter,
L3-44-01753-letter,L3-44-01753,letter,,,8,8,True,False,"{'v2': 0, 'v1': 8}","{'v1': 'Y', 'v2': 'K'}",letter,
L3-44-01754-letter,L3-44-01754,letter,,,9,9,True,False,"{'v2': 7, 'v1': 9}","{'v1': 'U', 'v2': 'M'}",letter,
L3-44-01755-letter,L3-44-01755,letter,,,5,5,True,False,"{'v2': 3, 'v1': 5}","{'v1': 'Z', 'v2': 'S'}",letter,
L3-44-01756-letter,L3-44-01756,letter,,,4,4,True,False,"{'v2': 2, 'v1': 4}","{'v1': 'G', 'v2': 'Z'}",letter,
L3-44-01757-letter,L3-44-01757,letter,,,8,8,True,False,"{'v2': 7, 'v1': 8}","{'v1': 'E', 'v2': 'Y'}",letter,
L3-44-01758-letter,L3-44-01758,letter,,,9,9,True,False,"{'v2': 5, 'v1': 9}","{'v1': 'S', 'v2': 'N'}",letter,
L3-44-01759-letter,L3-44-01759,letter,,,8,8,True,False,"{'v2': 7, 'v1': 8}","{'v1': 'X', 'v2': 'K'}",letter,
L3-44-01760-letter,L3-44-01760,letter,,,8,8,True,False,"{'v2': 1, 'v1': 8}","{'v1': 'G', 'v2': 'S'}",letter,
L3-44-01761-letter,L3-44-01761,letter,,,2,2,True,False,"{'v2': 0, 'v1': 2}","{'v1': 'R', 'v2': 'U'}",letter,
L3-44-01762-letter,L3-44-01762,letter,,,7,7,True,False,"{'v2': 0, 'v1': 7}","{'v1': 'C', 'v2': 'R'}",letter,
L3-44-01763-letter,L3-44-01763,letter,,,4,4,True,False,"{'v2': 5, 'v1': 4}","{'v1': 'V', 'v2': 'A'}",letter,
L3-44-01764-letter,L3-44-01764,letter,,,5,5,True,False,"{'v2': 2, 'v1': 5}","{'v1': 'V', 'v2': 'P'}",letter,
L3-44-01765-letter,L3-44-01765,letter,,,2,2,True,False,"{'v2': 1, 'v1': 2}","{'v1': 'Z', 'v2': 'Q'}",letter,
L3-44-01766-letter,L3-44-01766,letter,,,5,5,True,False,"{'v2': 2, 'v1': 5}","{'v1': 'Z', 'v2': 'N'}",letter,
L3-44-01767-letter,L3-44-01767,letter,,,3,3,True,False,"{'v2': 2, 'v1': 3}","{'v1': 'X', 'v2': 'A'}",letter,
L3-44-01768-letter,L3-44-01768,letter,,,7,7,True,False,"{'v2': 0, 'v1': 7}","{'v1': 'L', 'v2': 'Q'}",letter,
L3-44-01769-letter,L3-44-01769,letter,,,8,8,True,False,"{'v2': 8, 'v1': 8}","{'v1': 'I', 'v2': 'S'}",letter,
L3-44-01770-letter,L3-44-01770,letter,,,1,1,True,False,"{'v2': 0, 'v1': 1}","{'v1': 'Z', 'v2': 'C'}",letter,
L3-44-01771-letter,L3-44-01771,letter,,,3,3,True,False,"{'v2': 5, 'v1': 3}","{'v1': 'O', 'v2': 'B'}",letter,
L3-44-01772-letter,L3-44-01772,letter,,,5,5,True,False,"{'v2': 0, 'v1': 5}","{'v1': 'G', 'v2': 'L'}",letter,
L3-44-01773-letter,L3-44-01773,letter,,,5,5,True,False,"{'v2': 2, 'v1': 5}","{'v1': 'J', 'v2': 'I'}",letter,
L3-44-01774-letter,L3-44-01774,letter,,,2,2,True,False,"{'v2': 1, 'v1': 2}","{'v1': 'A', 'v2': 'F'}",letter,
L3-44-01775-letter,L3-44-01775,letter,,,3,3,True,False,"{'v2': 2, 'v1': 3}","{'v1': 'L', 'v2': 'E'}",letter,
L3-44-01776-letter,L3-44-01776,letter,,,4,4,True,False,"{'v2': 5, 'v1': 4}","{'v1': 'H', 'v2': 'P'}",letter,
L3-44-01777-letter,L3-44-01777,letter,,,5,5,True,False,"{'v2': 5, 'v1': 5}","{'v1': 'G', 'v2': 'Z'}",letter,
L3-44-01778-letter,L3-44-01778,letter,,,6,6,True,False,"{'v2': 1, 'v1': 6}","{'v1': 'T', 'v2': 'H'}",letter,
L3-44-01779-letter,L3-44-01779,letter,,,6,6,True,False,"{'v2': 0, 'v1': 6}","{'v1': 'R', 'v2': 'J'}",letter,
L3-44-01780-letter,L3-44-01780,letter,,,8,8,True,False,"{'v2': 7, 'v1': 8}","{'v1': 'W', 'v2': 'S'}",letter,
L3-44-01781-letter,L3-44-01781,letter,,,1,1,True,False,"{'v2': 0, 'v1': 1}","{'v1': 'S', 'v2': 'Y'}",letter,
L3-44-01782-letter,L3-44-01782,letter,,,7,7,True,False,"{'v2': 5, 'v1': 7}","{'v1': 'O', 'v2': 'B'}",letter,
L3-44-01783-letter,L3-44-01783,letter,,,4,4,True,False,"{'v2': 5, 'v1': 4}","{'v1': 'T', 'v2': 'D'}",letter,
L3-44-01784-letter,L3-44-01784,letter,,,1,1,True,False,"{'v2': 0, 'v1': 1}","{'v1': 'S', 'v2': 'H'}",letter,
L3-44-01785-letter,L3-44-01785,letter,,,8,8,True,False,"{'v2': 0, 'v1': 8}","{'v1': 'X', 'v2': 'H'}",letter,
L3-44-01786-letter,L3-44-01786,letter,,,2,2,True,False,"{'v2': 0, 'v1': 2}","{'v1': 'U', 'v2': 'O'}",letter,
L3-44-01787-letter,L3-44-01787,letter,,,7,7,True,False,"{'v2': 6, 'v1': 7}","{'v1': 'D', 'v2': 'Y'}",letter,
L3-44-01788-letter,L3-44-01788,letter,,,5,5,True,False,"{'v2': 0, 'v1': 5}","{'v1': 'Q', 'v2': 'A'}",letter,
L3-44-01789-letter,L3-44-01789,letter,,,8,8,True,False,"{'v2': 8, 'v1': 8}","{'v1': 'A', 'v2': 'S'}",letter,
L3-44-01790-letter,L3-44-01790,letter,,,3,3,True,False,"{'v2': 0, 'v1': 3}","{'v1': 'H', 'v2': 'J'}",letter,
L3-44-01791-letter,L3-44-01791,letter,,,3,3,True,False,"{'v2': 6, 'v1': 3}","{'v1': 'M', 'v2': 'U'}",letter,
L3-44-01792-letter,L3-44-01792,letter,,,0,0,True,False,"{'v2': 0, 'v1': 0}","{'v1': 'C', 'v2': 'O'}",letter,
L3-44-01793-letter,L3-44-01793,letter,,,4,4,True,False,"{'v2': 5, 'v1': 4}","{'v1': 'M', 'v2': 'I'}",letter,
L3-44-01794-letter,L3-44-01794,letter,,,3,3,True,False,"{'v2': 1, 'v1': 3}","{'v1': 'W', 'v2': 'S'}",letter,
L3-44-01795-letter,L3-44-01795,letter,,,0,0,True,False,"{'v2': 7, 'v1': 0}","{'v1': 'B', 'v2': 'D'}",letter,
L3-44-01796-letter,L3-44-01796,letter,,,3,3,True,False,"{'v2': 0, 'v1': 3}","{'v1': 'C', 'v2': 'H'}",letter,
L3-44-01797-letter,L3-44-01797,letter,,,8,8,True,False,"{'v2': 0, 'v1': 8}","{'v1': 'U', 'v2': 'I'}",letter,
L3-44-01798-letter,L3-44-01798,letter,,,5,5,True,False,"{'v2': 0, 'v1': 5}","{'v1': 'A', 'v2': 'S'}",letter,
L3-44-01799-letter,L3-44-01799,letter,,,2,2,True,False,"{'v2': 0, 'v1': 2}","{'v1': 'K', 'v2': 'X'}",letter,
L3-44-01800-letter,L3-44-01800,letter,,,0,0,True,False,"{'v2': 9, 'v1': 0}","{'v1': 'E', 'v2': 'I'}",letter,
L3-44-01801-letter,L3-44-01801,letter,,,6,6,True,False,"{'v2': 3, 'v1': 6}","{'v1': 'I', 'v2': 'C'}",letter,
L3-44-01802-letter,L3-44-01802,letter,,,2,2,True,False,"{'v2': 7, 'v1': 2}","{'v1': 'F', 'v2': 'O'}",letter,
L3-44-01803-letter,L3-44-01803,letter,,,2,2,True,False,"{'v2': 3, 'v1': 2}","{'v1': 'U', 'v2': 'B'}",letter,
L3-44-01804-letter,L3-44-01804,letter,,,8,8,True,False,"{'v2': 1, 'v1': 8}","{'v1': 'J', 'v2': 'Z'}",letter,
L3-44-01805-letter,L3-44-01805,letter,,,9,9,True,False,"{'v2': 6, 'v1': 9}","{'v1': 'A', 'v2': 'V'}",letter,
L3-44-01806-letter,L3-44-01806,letter,,,2,2,True,False,"{'v2': 7, 'v1': 2}","{'v1': 'S', 'v2': 'W'}",letter,
L3-44-01807-letter,L3-44-01807,letter,,,4,4,True,False,"{'v2': 5, 'v1': 4}","{'v1': 'E', 'v2': 'A'}",letter,
L3-44-01808-letter,L3-44-01808,letter,,,6,6,True,False,"{'v2': 0, 'v1': 6}","{'v1': 'J', 'v2': 'U'}",letter,
L3-44-01809-letter,L3-44-01809,letter,,,7,7,True,False,"{'v2': 7, 'v1': 7}","{'v1': 'S', 'v2': 'Y'}",letter,
L3-44-01810-letter,L3-44-01810,letter,,,5,5,True,False,"{'v2': 1, 'v1': 5}","{'v1': 'I', 'v2': 'J'}",letter,
L3-44-01811-letter,L3-44-01811,letter,,,2,2,True,False,"{'v2': 2, 'v1': 2}","{'v1': 'D', 'v2': 'V'}",letter,
L3-44-01812-letter,L3-44-01812,letter,,,8,8,True,False,"{'v2': 1, 'v1': 8}","{'v1': 'A', 'v2': 'Z'}",letter,
L3-44-01813-letter,L3-44-01813,letter,,,6,6,True,False,"{'v2': 6, 'v1': 6}","{'v1': 'G', 'v2': 'Z'}",letter,
L3-44-01814-letter,L3-44-01814,letter,,,8,8,True,False,"{'v2': 0, 'v1': 8}","{'v1': 'Z', 'v2': 'H'}",letter,
L3-44-01815-letter,L3-44-01815,letter,,,7,7,True,False,"{'v2': 1, 'v1': 7}","{'v1': 'Y', 'v2': 'C'}",letter,
L3-44-01816-letter,L3-44-01816,letter,,,5,5,True,False,"{'v2': 0, 'v1': 5}","{'v1': 'X', 'v2': 'E'}",letter,
L3-44-01817-letter,L3-44-01817,letter,,,4,4,True,False,"{'v2': 5, 'v1': 4}","{'v1': 'D', 'v2': 'H'}",letter,
L3-44-01818-letter,L3-44-01818,letter,,,4,4,True,False,"{'v2': 2, 'v1': 4}","{'v1': 'J', 'v2': 'L'}",letter,
L3-44-01819-letter,L3-44-01819,letter,,,0,0,True,False,"{'v2': 7, 'v1': 0}","{'v1': 'V', 'v2': 'K'}",letter,
L3-44-01820-letter,L3-44-01820,letter,,,8,8,True,False,"{'v2': 1, 'v1': 8}","{'v1': 'U', 'v2': 'R'}",letter,
L3-44-01821-letter,L3-44-01821,letter,,,0,0,True,False,"{'v2': 7, 'v1': 0}","{'v1': 'B', 'v2': 'J'}",letter,
L3-44-01822-letter,L3-44-01822,letter,,,3,3,True,False,"{'v2': 1, 'v1': 3}","{'v1': 'F', 'v2': 'M'}",letter,
L3-44-01823-letter,L3-44-01823,letter,,,5,5,True,False,"{'v2': 2, 'v1': 5}","{'v1': 'H', 'v2': 'C'}",letter,
L3-44-01824-letter,L3-44-01824,letter,,,0,0,True,False,"{'v2': 0, 'v1': 0}","{'v1': 'U', 'v2': 'Y'}",letter,
L3-44-01825-letter,L3-44-01825,letter,,,2,2,True,False,"{'v2': 5, 'v1': 2}","{'v1': 'A', 'v2': 'O'}",letter,
L3-44-01826-letter,L3-44-01826,letter,,,2,2,True,False,"{'v2': 1, 'v1': 2}","{'v1': 'H', 'v2': 'G'}",letter,
L3-44-01827-letter,L3-44-01827,letter,,,7,7,True,False,"{'v2': 1, 'v1': 7}","{'v1': 'K', 'v2': 'L'}",letter,
L3-44-01828-letter,L3-44-01828,letter,,,4,4,True,False,"{'v2': 2, 'v1': 4}","{'v1': 'L', 'v2': 'Z'}",letter,
L3-44-01829-letter,L3-44-01829,letter,,,4,4,True,False,"{'v2': 2, 'v1': 4}","{'v1': 'G', 'v2': 'A'}",letter,
L3-44-01830-letter,L3-44-01830,letter,,,8,8,True,False,"{'v2': 1, 'v1': 8}","{'v1': 'E', 'v2': 'C'}",letter,
L3-44-01831-letter,L3-44-01831,letter,,,8,8,True,False,"{'v2': 6, 'v1': 8}","{'v1': 'I', 'v2': 'E'}",letter,
L3-44-01832-letter,L3-44-01832,letter,,,6,6,True,False,"{'v2': 0, 'v1': 6}","{'v1': 'N', 'v2': 'K'}",letter,
L3-44-01833-letter,L3-44-01833,letter,,,2,2,True,False,"{'v2': 0, 'v1': 2}","{'v1': 'T', 'v2': 'Z'}",letter,
L3-44-01834-letter,L3-44-01834,letter,,,1,1,True,False,"{'v2': 7, 'v1': 1}","{'v1': 'R', 'v2': 'Q'}",letter,
L3-44-01835-letter,L3-44-01835,letter,,,8,8,True,False,"{'v2': 7, 'v1': 8}","{'v1': 'G', 'v2': 'Z'}",letter,
L3-44-01836-letter,L3-44-01836,letter,,,5,5,True,False,"{'v2': 2, 'v1': 5}","{'v1': 'A', 'v2': 'K'}",letter,
L3-44-01837-letter,L3-44-01837,letter,,,3,3,True,False,"{'v2': 6, 'v1': 3}","{'v1': 'K', 'v2': 'P'}",letter,
L3-44-01838-letter,L3-44-01838,letter,,,5,5,True,False,"{'v2': 0, 'v1': 5}","{'v1': 'X', 'v2': 'U'}",letter,
L3-44-01839-letter,L3-44-01839,letter,,,1,1,True,False,"{'v2': 1, 'v1': 1}","{'v1': 'N', 'v2': 'P'}",letter,
L3-44-01840-letter,L3-44-01840,letter,,,1,1,True,False,"{'v2': 0, 'v1': 1}","{'v1': 'R', 'v2': 'C'}",letter,
L3-44-01841-letter,L3-44-01841,letter,,,3,3,True,False,"{'v2': 0, 'v1': 3}","{'v1': 'K', 'v2': 'B'}",letter,
L3-44-01842-letter,L3-44-01842,letter,,,2,2,True,False,"{'v2': 6, 'v1': 2}","{'v1': 'N', 'v2': 'T'}",letter,
L3-44-01843-letter,L3-44-01843,letter,,,1,1,True,False,"{'v2': 6, 'v1': 1}","{'v1': 'S', 'v2': 'R'}",letter,
L3-44-01844-letter,L3-44-01844,letter,,,7,7,True,False,"{'v2': 1, 'v1': 7}","{'v1': 'X', 'v2': 'R'}",letter,
L3-44-01845-letter,L3-44-01845,letter,,,0,0,True,False,"{'v2': 6, 'v1': 0}","{'v1': 'A', 'v2': 'N'}",letter,
L3-44-01846-letter,L3-44-01846,letter,,,7,7,True,False,"{'v2': 0, 'v1': 7}","{'v1': 'R', 'v2': 'Y'}",letter,
L3-44-01847-letter,L3-44-01847,letter,,,0,0,True,False,"{'v2': 0, 'v1': 0}","{'v1': 'U', 'v2': 'V'}",letter,
L3-44-01848-letter,L3-44-01848,letter,,,4,4,True,False,"{'v2': 5, 'v1': 4}","{'v1': 'U', 'v2': 'X'}",letter,
L3-44-01849-letter,L3-44-01849,letter,,,5,5,True,False,"{'v2': 0, 'v1': 5}","{'v1': 'X', 'v2': 'H'}",letter,
L3-44-01850-letter,L3-44-01850,letter,,,9,9,True,False,"{'v2': 9, 'v1': 9}","{'v1': 'K', 'v2': 'X'}",letter,
L3-44-01851-letter,L3-44-01851,letter,,,5,5,True,False,"{'v2': 2, 'v1': 5}","{'v1': 'H', 'v2': 'M'}",letter,
L3-44-01852-letter,L3-44-01852,letter,,,2,2,True,False,"{'v2': 7, 'v1': 2}","{'v1': 'Z', 'v2': 'O'}",letter,
L3-44-01853-letter,L3-44-01853,letter,,,6,6,True,False,"{'v2': 1, 'v1': 6}","{'v1': 'Z', 'v2': 'Y'}",letter,
L3-44-01854-letter,L3-44-01854,letter,,,2,2,True,False,"{'v2': 5, 'v1': 2}","{'v1': 'O', 'v2': 'J'}",letter,
L3-44-01855-letter,L3-44-01855,letter,,,2,2,True,False,"{'v2': 2, 'v1': 2}","{'v1': 'N', 'v2': 'B'}",letter,
L3-44-01856-letter,L3-44-01856,letter,,,8,8,True,False,"{'v2': 1, 'v1': 8}","{'v1': 'M', 'v2': 'T'}",letter,
L3-44-01857-letter,L3-44-01857,letter,,,1,1,True,False,"{'v2': 8, 'v1': 1}","{'v1': 'Q', 'v2': 'X'}",letter,
L3-44-01858-letter,L3-44-01858,letter,,,0,0,True,False,"{'v2': 0, 'v1': 0}","{'v1': 'I', 'v2': 'G'}",letter,
L3-44-01859-letter,L3-44-01859,letter,,,9,9,True,False,"{'v2': 2, 'v1': 9}","{'v1': 'P', 'v2': 'N'}",letter,
L3-44-01860-letter,L3-44-01860,letter,,,3,3,True,False,"{'v2': 2, 'v1': 3}","{'v1': 'G', 'v2': 'Q'}",letter,
L3-44-01861-letter,L3-44-01861,letter,,,0,0,True,False,"{'v2': 7, 'v1': 0}","{'v1': 'K', 'v2': 'J'}",letter,
L3-44-01862-letter,L3-44-01862,letter,,,6,6,True,False,"{'v2': 1, 'v1': 6}","{'v1': 'H', 'v2': 'O'}",letter,
L3-44-01863-letter,L3-44-01863,letter,,,3,3,True,False,"{'v2': 0, 'v1': 3}","{'v1': 'Q', 'v2': 'G'}",letter,
L3-44-01864-letter,L3-44-01864,letter,,,5,5,True,False,"{'v2': 3, 'v1': 5}","{'v1': 'D', 'v2': 'M'}",letter,
L3-44-01865-letter,L3-44-01865,letter,,,2,2,True,False,"{'v2': 7, 'v1': 2}","{'v1': 'K', 'v2': 'S'}",letter,
L3-44-01866-letter,L3-44-01866,letter,,,0,0,True,False,"{'v2': 0, 'v1': 0}","{'v1': 'P', 'v2': 'C'}",letter,
L3-44-01867-letter,L3-44-01867,letter,,,7,7,True,False,"{'v2': 2, 'v1': 7}","{'v1': 'L', 'v2': 'F'}",letter,
L3-44-01868-letter,L3-44-01868,letter,,,2,2,True,False,"{'v2': 0, 'v1': 2}","{'v1': 'V', 'v2': 'D'}",letter,
L3-44-01869-letter,L3-44-01869,letter,,,8,8,True,False,"{'v2': 7, 'v1': 8}","{'v1': 'I', 'v2': 'K'}",letter,
L3-44-01870-letter,L3-44-01870,letter,,,2,2,True,False,"{'v2': 1, 'v1': 2}","{'v1': 'N', 'v2': 'X'}",letter,
L3-44-01871-letter,L3-44-01871,letter,,,0,0,True,False,"{'v2': 0, 'v1': 0}","{'v1': 'T', 'v2': 'U'}",letter,
L3-44-01872-letter,L3-44-01872,letter,,,3,3,True,False,"{'v2': 2, 'v1': 3}","{'v1': 'O', 'v2': 'M'}",letter,
L3-44-01873-letter,L3-44-01873,letter,,,1,1,True,False,"{'v2': 2, 'v1': 1}","{'v1': 'L', 'v2': 'B'}",letter,
L3-44-01874-letter,L3-44-01874,letter,,,8,8,True,False,"{'v2': 6, 'v1': 8}","{'v1': 'G', 'v2': 'L'}",letter,
L3-44-01875-letter,L3-44-01875,letter,,,1,1,True,False,"{'v2': 3, 'v1': 1}","{'v1': 'Q', 'v2': 'E'}",letter,
L3-44-01876-letter,L3-44-01876,letter,,,9,9,True,False,"{'v2': 8, 'v1': 9}","{'v1': 'X', 'v2': 'F'}",letter,
L3-44-01877-letter,L3-44-01877,letter,,,4,4,True,False,"{'v2': 5, 'v1': 4}","{'v1': 'E', 'v2': 'W'}",letter,
L3-44-01878-letter,L3-44-01878,letter,,,5,5,True,False,"{'v2': 0, 'v1': 5}","{'v1': 'G', 'v2': 'F'}",letter,
L3-44-01879-letter,L3-44-01879,letter,,,0,0,True,False,"{'v2': 9, 'v1': 0}","{'v1': 'S', 'v2': 'G'}",letter,
L3-44-01880-letter,L3-44-01880,letter,,,2,2,True,False,"{'v2': 0, 'v1': 2}","{'v1': 'N', 'v2': 'K'}",letter,
L3-44-01881-letter,L3-44-01881,letter,,,0,0,True,False,"{'v2': 6, 'v1': 0}","{'v1': 'E', 'v2': 'M'}",letter,
L3-44-01882-letter,L3-44-01882,letter,,,1,1,True,False,"{'v2': 8, 'v1': 1}","{'v1': 'W', 'v2': 'F'}",letter,
L3-44-01883-letter,L3-44-01883,letter,,,3,3,True,False,"{'v2': 6, 'v1': 3}","{'v1': 'I', 'v2': 'N'}",letter,
L3-44-01884-letter,L3-44-01884,letter,,,3,3,True,False,"{'v2': 3, 'v1': 3}","{'v1': 'U', 'v2': 'D'}",letter,
L3-44-01885-letter,L3-44-01885,letter,,,3,3,True,False,"{'v2': 3, 'v1': 3}","{'v1': 'K', 'v2': 'P'}",letter,
L3-44-01886-letter,L3-44-01886,letter,,,8,8,True,False,"{'v2': 6, 'v1': 8}","{'v1': 'Z', 'v2': 'K'}",letter,
L3-44-01887-letter,L3-44-01887,letter,,,5,5,True,False,"{'v2': 3, 'v1': 5}","{'v1': 'T', 'v2': 'I'}",letter,
L3-44-01888-letter,L3-44-01888,letter,,,9,9,True,False,"{'v2': 9, 'v1': 9}","{'v1': 'I', 'v2': 'O'}",letter,
L3-44-01889-letter,L3-44-01889,letter,,,1,1,True,False,"{'v2': 1, 'v1': 1}","{'v1': 'P', 'v2': 'W'}",letter,
L3-44-01890-letter,L3-44-01890,letter,,,1,1,True,False,"{'v2': 1, 'v1': 1}","{'v1': 'Z', 'v2': 'R'}",letter,
L3-44-01891-letter,L3-44-01891,letter,,,0,0,True,False,"{'v2': 0, 'v1': 0}","{'v1': 'P', 'v2': 'T'}",letter,
L3-44-01892-letter,L3-44-01892,letter,,,7,7,True,False,"{'v2': 1, 'v1': 7}","{'v1': 'R', 'v2': 'H'}",letter,
L3-44-01893-letter,L3-44-01893,letter,,,7,7,True,False,"{'v2': 0, 'v1': 7}","{'v1': 'X', 'v2': 'I'}",letter,
L3-44-01894-letter,L3-44-01894,letter,,,1,1,True,False,"{'v2': 6, 'v1': 1}","{'v1': 'B', 'v2': 'I'}",letter,
L3-44-01895-letter,L3-44-01895,letter,,,8,8,True,False,"{'v2': 3, 'v1': 8}","{'v1': 'G', 'v2': 'S'}",letter,
L3-44-01896-letter,L3-44-01896,letter,,,2,2,True,False,"{'v2': 5, 'v1': 2}","{'v1': 'D', 'v2': 'B'}",letter,
L3-44-01897-letter,L3-44-01897,letter,,,9,9,True,False,"{'v2': 5, 'v1': 9}","{'v1': 'K', 'v2': 'A'}",letter,
L3-44-01898-letter,L3-44-01898,letter,,,0,0,True,False,"{'v2': 6, 'v1': 0}","{'v1': 'O', 'v2': 'I'}",letter,
L3-44-01899-letter,L3-44-01899,letter,,,0,0,True,False,"{'v2': 6, 'v1': 0}","{'v1': 'G', 'v2': 'N'}",letter,
L3-44-01900-letter,L3-44-01900,letter,,,2,2,True,False,"{'v2': 5, 'v1': 2}","{'v1': 'K', 'v2': 'U'}",letter,
L3-44-01901-letter,L3-44-01901,letter,,,8,8,True,False,"{'v2': 1, 'v1': 8}","{'v1': 'V', 'v2': 'Q'}",letter,
L3-44-01902-letter,L3-44-01902,letter,,,4,4,True,False,"{'v2': 2, 'v1': 4}","{'v1': 'B', 'v2': 'L'}",letter,
L3-44-01903-letter,L3-44-01903,letter,,,2,2,True,False,"{'v2': 1, 'v1': 2}","{'v1': 'B', 'v2': 'L'}",letter,
L3-44-01904-letter,L3-44-01904,letter,,,9,9,True,False,"{'v2': 2, 'v1': 9}","{'v1': 'G', 'v2': 'D'}",letter,
L3-44-01905-letter,L3-44-01905,letter,,,2,2,True,False,"{'v2': 1, 'v1': 2}","{'v1': 'K', 'v2': 'U'}",letter,
L3-44-01906-letter,L3-44-01906,letter,,,2,2,True,False,"{'v2': 6, 'v1': 2}","{'v1': 'M', 'v2': 'X'}",letter,
L3-44-01907-letter,L3-44-01907,letter,,,0,0,True,False,"{'v2': 0, 'v1': 0}","{'v1': 'B', 'v2': 'T'}",letter,
L3-44-01908-letter,L3-44-01908,letter,,,7,7,True,False,"{'v2': 0, 'v1': 7}","{'v1': 'T', 'v2': 'J'}",letter,
L3-44-01909-letter,L3-44-01909,letter,,,2,2,True,False,"{'v2': 5, 'v1': 2}","{'v1': 'O', 'v2': 'K'}",letter,
L3-44-01910-letter,L3-44-01910,letter,,,2,2,True,False,"{'v2': 2, 'v1': 2}","{'v1': 'F', 'v2': 'Y'}",letter,
L3-44-01911-letter,L3-44-01911,letter,,,3,3,True,False,"{'v2': 0, 'v1': 3}","{'v1': 'E', 'v2': 'L'}",letter,
L3-44-01912-letter,L3-44-01912,letter,,,6,5,False,False,"{'v2': 0, 'v1': 6}","{'v1': 'N', 'v2': 'I'}",letter,
L3-44-01913-letter,L3-44-01913,letter,,,0,0,True,False,"{'v2': 2, 'v1': 0}","{'v1': 'T', 'v2': 'V'}",letter,
L3-44-01914-letter,L3-44-01914,letter,,,2,2,True,False,"{'v2': 5, 'v1': 2}","{'v1': 'I', 'v2': 'G'}",letter,
L3-44-01915-letter,L3-44-01915,letter,,,4,4,True,False,"{'v2': 5, 'v1': 4}","{'v1': 'R', 'v2': 'S'}",letter,
L3-44-01916-letter,L3-44-01916,letter,,,4,4,True,False,"{'v2': 5, 'v1': 4}","{'v1': 'Y', 'v2': 'S'}",letter,
L3-44-01917-letter,L3-44-01917,letter,,,0,0,True,False,"{'v2': 6, 'v1': 0}","{'v1': 'Q', 'v2': 'M'}",letter,
L3-44-01918-letter,L3-44-01918,letter,,,9,9,True,False,"{'v2': 5, 'v1': 9}","{'v1': 'J', 'v2': 'K'}",letter,
L3-44-01919-letter,L3-44-01919,letter,,,2,2,True,False,"{'v2': 7, 'v1': 2}","{'v1': 'Y', 'v2': 'K'}",letter,
L3-44-01920-letter,L3-44-01920,letter,,,4,4,True,False,"{'v2': 0, 'v1': 4}","{'v1': 'K', 'v2': 'U'}",letter,
L3-44-01921-letter,L3-44-01921,letter,,,1,1,True,False,"{'v2': 2, 'v1': 1}","{'v1': 'N', 'v2': 'R'}",letter,
L3-44-01922-letter,L3-44-01922,letter,,,9,9,True,False,"{'v2': 6, 'v1': 9}","{'v1': 'W', 'v2': 'C'}",letter,
L3-44-01923-letter,L3-44-01923,letter,,,3,3,True,False,"{'v2': 5, 'v1': 3}","{'v1': 'S', 'v2': 'J'}",letter,
L3-44-01924-letter,L3-44-01924,letter,,,3,3,True,False,"{'v2': 0, 'v1': 3}","{'v1': 'J', 'v2': 'S'}",letter,
L3-44-01925-letter,L3-44-01925,letter,,,1,1,True,False,"{'v2': 6, 'v1': 1}","{'v1': 'R', 'v2': 'T'}",letter,
L3-44-01926-letter,L3-44-01926,letter,,,0,0,True,False,"{'v2': 0, 'v1': 0}","{'v1': 'Y', 'v2': 'W'}",letter,
L3-44-01927-letter,L3-44-01927,letter,,,3,3,True,False,"{'v2': 3, 'v1': 3}","{'v1': 'B', 'v2': 'N'}",letter,
L3-44-01928-letter,L3-44-01928,letter,,,3,3,True,False,"{'v2': 1, 'v1': 3}","{'v1': 'E', 'v2': 'U'}",letter,
L3-44-01929-letter,L3-44-01929,letter,,,7,7,True,False,"{'v2': 2, 'v1': 7}","{'v1': 'E', 'v2': 'H'}",letter,
L3-44-01930-letter,L3-44-01930,letter,,,5,5,True,False,"{'v2': 2, 'v1': 5}","{'v1': 'M', 'v2': 'G'}",letter,
L3-44-01931-letter,L3-44-01931,letter,,,0,0,True,False,"{'v2': 6, 'v1': 0}","{'v1': 'Y', 'v2': 'F'}",letter,
L3-44-01932-letter,L3-44-01932,letter,,,7,7,True,False,"{'v2': 3, 'v1': 7}","{'v1': 'A', 'v2': 'Q'}",letter,
L3-44-01933-letter,L3-44-01933,letter,,,1,1,True,False,"{'v2': 2, 'v1': 1}","{'v1': 'L', 'v2': 'R'}",letter,
L3-44-01934-letter,L3-44-01934,letter,,,8,8,True,False,"{'v2': 1, 'v1': 8}","{'v1': 'M', 'v2': 'N'}",letter,
L3-44-01935-letter,L3-44-01935,letter,,,5,5,True,False,"{'v2': 3, 'v1': 5}","{'v1': 'N', 'v2': 'W'}",letter,
L3-44-01936-letter,L3-44-01936,letter,,,6,6,True,False,"{'v2': 1, 'v1': 6}","{'v1': 'F', 'v2': 'Z'}",letter,
L3-44-01937-letter,L3-44-01937,letter,,,8,8,True,False,"{'v2': 7, 'v1': 8}","{'v1': 'R', 'v2': 'K'}",letter,
L3-44-01938-letter,L3-44-01938,letter,,,6,6,True,False,"{'v2': 2, 'v1': 6}","{'v1': 'M', 'v2': 'C'}",letter,
L3-44-01939-letter,L3-44-01939,letter,,,4,4,True,False,"{'v2': 1, 'v1': 4}","{'v1': 'A', 'v2': 'T'}",letter,
L3-44-01940-letter,L3-44-01940,letter,,,6,6,True,False,"{'v2': 0, 'v1': 6}","{'v1': 'M', 'v2': 'N'}",letter,
L3-44-01941-letter,L3-44-01941,letter,,,1,1,True,False,"{'v2': 7, 'v1': 1}","{'v1': 'H', 'v2': 'P'}",letter,
L3-44-01942-letter,L3-44-01942,letter,,,3,3,True,False,"{'v2': 1, 'v1': 3}","{'v1': 'Z', 'v2': 'S'}",letter,
L3-44-01943-letter,L3-44-01943,letter,,,8,8,True,False,"{'v2': 1, 'v1': 8}","{'v1': 'D', 'v2': 'H'}",letter,
L3-44-01944-letter,L3-44-01944,letter,,,7,7,True,False,"{'v2': 1, 'v1': 7}","{'v1': 'A', 'v2': 'Y'}",letter,
L3-44-01945-letter,L3-44-01945,letter,,,7,7,True,False,"{'v2': 6, 'v1': 7}","{'v1': 'C', 'v2': 'G'}",letter,
L3-44-01946-letter,L3-44-01946,letter,,,4,4,True,False,"{'v2': 3, 'v1': 4}","{'v1': 'Q', 'v2': 'I'}",letter,
L3-44-01947-letter,L3-44-01947,letter,,,2,2,True,False,"{'v2': 0, 'v1': 2}","{'v1': 'P', 'v2': 'I'}",letter,
L3-44-01948-letter,L3-44-01948,letter,,,0,0,True,False,"{'v2': 6, 'v1': 0}","{'v1': 'F', 'v2': 'Y'}",letter,
L3-44-01949-letter,L3-44-01949,letter,,,0,0,True,False,"{'v2': 7, 'v1': 0}","{'v1': 'D', 'v2': 'P'}",letter,
L3-44-01950-letter,L3-44-01950,letter,,,4,4,True,False,"{'v2': 3, 'v1': 4}","{'v1': 'D', 'v2': 'C'}",letter,
L3-44-01951-letter,L3-44-01951,letter,,,6,6,True,False,"{'v2': 5, 'v1': 6}","{'v1': 'F', 'v2': 'R'}",letter,
L3-44-01952-letter,L3-44-01952,letter,,,3,3,True,False,"{'v2': 6, 'v1': 3}","{'v1': 'A', 'v2': 'R'}",letter,
L3-44-01953-letter,L3-44-01953,letter,,,4,4,True,False,"{'v2': 3, 'v1': 4}","{'v1': 'B', 'v2': 'U'}",letter,
L3-44-01954-letter,L3-44-01954,letter,,,1,1,True,False,"{'v2': 6, 'v1': 1}","{'v1': 'R', 'v2': 'C'}",letter,
L3-44-01955-letter,L3-44-01955,letter,,,6,6,True,False,"{'v2': 1, 'v1': 6}","{'v1': 'Z', 'v2': 'V'}",letter,
L3-44-01956-letter,L3-44-01956,letter,,,0,0,True,False,"{'v2': 7, 'v1': 0}","{'v1': 'Z', 'v2': 'H'}",letter,
L3-44-01957-letter,L3-44-01957,letter,,,6,6,True,False,"{'v2': 3, 'v1': 6}","{'v1': 'H', 'v2': 'Y'}",letter,
L3-44-01958-letter,L3-44-01958,letter,,,5,5,True,False,"{'v2': 1, 'v1': 5}","{'v1': 'Z', 'v2': 'I'}",letter,
L3-44-01959-letter,L3-44-01959,letter,,,1,1,True,False,"{'v2': 7, 'v1': 1}","{'v1': 'W', 'v2': 'D'}",letter,
L3-44-01960-letter,L3-44-01960,letter,,,4,4,True,False,"{'v2': 0, 'v1': 4}","{'v1': 'D', 'v2': 'L'}",letter,
L3-44-01961-letter,L3-44-01961,letter,,,4,4,True,False,"{'v2': 5, 'v1': 4}","{'v1': 'P', 'v2': 'U'}",letter,
L3-44-01962-letter,L3-44-01962,letter,,,1,1,True,False,"{'v2': 0, 'v1': 1}","{'v1': 'S', 'v2': 'R'}",letter,
L3-44-01963-letter,L3-44-01963,letter,,,0,0,True,False,"{'v2': 5, 'v1': 0}","{'v1': 'E', 'v2': 'X'}",letter,
L3-44-01964-letter,L3-44-01964,letter,,,4,4,True,False,"{'v2': 1, 'v1': 4}","{'v1': 'G', 'v2': 'U'}",letter,
L3-44-01965-letter,L3-44-01965,letter,,,2,2,True,False,"{'v2': 5, 'v1': 2}","{'v1': 'W', 'v2': 'D'}",letter,
L3-44-01966-letter,L3-44-01966,letter,,,9,9,True,False,"{'v2': 1, 'v1': 9}","{'v1': 'Q', 'v2': 'E'}",letter,
L3-44-01967-letter,L3-44-01967,letter,,,6,6,True,False,"{'v2': 1, 'v1': 6}","{'v1': 'E', 'v2': 'D'}",letter,
L3-44-01968-letter,L3-44-01968,letter,,,3,3,True,False,"{'v2': 1, 'v1': 3}","{'v1': 'Y', 'v2': 'Z'}",letter,
L3-44-01969-letter,L3-44-01969,letter,,,7,7,True,False,"{'v2': 7, 'v1': 7}","{'v1': 'H', 'v2': 'A'}",letter,
L3-44-01970-letter,L3-44-01970,letter,,,7,7,True,False,"{'v2': 1, 'v1': 7}","{'v1': 'P', 'v2': 'D'}",letter,
L3-44-01971-letter,L3-44-01971,letter,,,1,1,True,False,"{'v2': 1, 'v1': 1}","{'v1': 'B', 'v2': 'M'}",letter,
L3-44-01972-letter,L3-44-01972,letter,,,4,4,True,False,"{'v2': 1, 'v1': 4}","{'v1': 'P', 'v2': 'Y'}",letter,
L3-44-01973-letter,L3-44-01973,letter,,,1,1,True,False,"{'v2': 1, 'v1': 1}","{'v1': 'K', 'v2': 'B'}",letter,
L3-44-01974-letter,L3-44-01974,letter,,,3,3,True,False,"{'v2': 0, 'v1': 3}","{'v1': 'S', 'v2': 'I'}",letter,
L3-44-01975-letter,L3-44-01975,letter,,,8,8,True,False,"{'v2': 1, 'v1': 8}","{'v1': 'L', 'v2': 'N'}",letter,
L3-44-01976-letter,L3-44-01976,letter,,,3,3,True,False,"{'v2': 1, 'v1': 3}","{'v1': 'Z', 'v2': 'P'}",letter,
L3-44-01977-letter,L3-44-01977,letter,,,1,1,True,False,"{'v2': 1, 'v1': 1}","{'v1': 'R', 'v2': 'Y'}",letter,
L3-44-01978-letter,L3-44-01978,letter,,,8,8,True,False,"{'v2': 0, 'v1': 8}","{'v1': 'T', 'v2': 'V'}",letter,
L3-44-01979-letter,L3-44-01979,letter,,,9,9,True,False,"{'v2': 8, 'v1': 9}","{'v1': 'C', 'v2': 'M'}",letter,
L3-44-01980-letter,L3-44-01980,letter,,,7,7,True,False,"{'v2': 7, 'v1': 7}","{'v1': 'C', 'v2': 'O'}",letter,
L3-44-01981-letter,L3-44-01981,letter,,,7,7,True,False,"{'v2': 5, 'v1': 7}","{'v1': 'X', 'v2': 'D'}",letter,
L3-44-01982-letter,L3-44-01982,letter,,,7,7,True,False,"{'v2': 0, 'v1': 7}","{'v1': 'J', 'v2': 'E'}",letter,
L3-44-01983-letter,L3-44-01983,letter,,,6,6,True,False,"{'v2': 1, 'v1': 6}","{'v1': 'W', 'v2': 'B'}",letter,
L3-44-01984-letter,L3-44-01984,letter,,,4,4,True,False,"{'v2': 2, 'v1': 4}","{'v1': 'V', 'v2': 'T'}",letter,
L3-44-01985-letter,L3-44-01985,letter,,,2,2,True,False,"{'v2': 2, 'v1': 2}","{'v1': 'Q', 'v2': 'S'}",letter,
L3-44-01986-letter,L3-44-01986,letter,,,1,1,True,False,"{'v2': 0, 'v1': 1}","{'v1': 'I', 'v2': 'V'}",letter,
L3-44-01987-letter,L3-44-01987,letter,,,5,5,True,False,"{'v2': 1, 'v1': 5}","{'v1': 'N', 'v2': 'O'}",letter,
L3-44-01988-letter,L3-44-01988,letter,,,1,1,True,False,"{'v2': 5, 'v1': 1}","{'v1': 'C', 'v2': 'V'}",letter,
L3-44-01989-letter,L3-44-01989,letter,,,0,0,True,False,"{'v2': 0, 'v1': 0}","{'v1': 'H', 'v2': 'Y'}",letter,
L3-44-01990-letter,L3-44-01990,letter,,,4,4,True,False,"{'v2': 5, 'v1': 4}","{'v1': 'Z', 'v2': 'K'}",letter,
L3-44-01991-letter,L3-44-01991,letter,,,9,9,True,False,"{'v2': 2, 'v1': 9}","{'v1': 'X', 'v2': 'W'}",letter,
L3-44-01992-letter,L3-44-01992,letter,,,5,5,True,False,"{'v2': 2, 'v1': 5}","{'v1': 'P', 'v2': 'E'}",letter,
L3-44-01993-letter,L3-44-01993,letter,,,3,3,True,False,"{'v2': 6, 'v1': 3}","{'v1': 'C', 'v2': 'O'}",letter,
L3-44-01994-letter,L3-44-01994,letter,,,3,3,True,False,"{'v2': 3, 'v1': 3}","{'v1': 'T', 'v2': 'U'}",letter,
L3-44-01995-letter,L3-44-01995,letter,,,8,8,True,False,"{'v2': 0, 'v1': 8}","{'v1': 'R', 'v2': 'H'}",letter,
L3-44-01996-letter,L3-44-01996,letter,,,0,0,True,False,"{'v2': 6, 'v1': 0}","{'v1': 'V', 'v2': 'S'}",letter,
L3-44-01997-letter,L3-44-01997,letter,,,5,5,True,False,"{'v2': 3, 'v1': 5}","{'v1': 'K', 'v2': 'H'}",letter,
L3-44-01998-letter,L3-44-01998,letter,,,4,4,True,False,"{'v2': 2, 'v1': 4}","{'v1': 'V', 'v2': 'I'}",letter,
L3-44-01999-letter,L3-44-01999,letter,,,5,5,True,False,"{'v2': 1, 'v1': 5}","{'v1': 'X', 'v2': 'R'}",letter,
L3-44-00000-neutral,L3-44-00000,neutral,,,3,3,True,False,"{'v2': 1, 'v1': 3}","{'v1': 'truck', 'v2': 'ant'}",neutral,
L3-44-00001-neutral,L3-44-00001,neutral,,,3,3,True,False,"{'v2': 1, 'v1': 3}","{'v1': 'web', 'v2': 'lake'}",neutral,
L3-44-00002-neutral,L3-44-00002,neutral,,,7,7,True,False,"{'v2': 2, 'v1': 7}","{'v1': 'horse', 'v2': 'pear'}",neutral,
L3-44-00003-neutral,L3-44-00003,neutral,,,4,4,True,False,"{'v2': 5, 'v1': 4}","{'v1': 'pig', 'v2': 'fork'}",neutral,
L3-44-00004-neutral,L3-44-00004,neutral,,,5,5,True,False,"{'v2': 0, 'v1': 5}","{'v1': 'van', 'v2': 'ring'}",neutral,
L3-44-00005-neutral,L3-44-00005,neutral,,,3,3,True,False,"{'v2': 0, 'v1': 3}","{'v1': 'tea', 'v2': 'train'}",neutral,
L3-44-00006-neutral,L3-44-00006,neutral,,,4,4,True,False,"{'v2': 1, 'v1': 4}","{'v1': 'van', 'v2': 'pot'}",neutral,
L3-44-00007-neutral,L3-44-00007,neutral,,,8,6,False,False,"{'v2': 6, 'v1': 8}","{'v1': 'nut', 'v2': 'farm'}",neutral,
L3-44-00008-neutral,L3-44-00008,neutral,,,3,3,True,False,"{'v2': 0, 'v1': 3}","{'v1': 'rug', 'v2': 'web'}",neutral,
L3-44-00009-neutral,L3-44-00009,neutral,,,1,1,True,False,"{'v2': 0, 'v1': 1}","{'v1': 'dog', 'v2': 'wolf'}",neutral,
L3-44-00010-neutral,L3-44-00010,neutral,,,5,5,True,False,"{'v2': 3, 'v1': 5}","{'v1': 'leaf', 'v2': 'book'}",neutral,
L3-44-00011-neutral,L3-44-00011,neutral,,,5,5,True,False,"{'v2': 1, 'v1': 5}","{'v1': 'table', 'v2': 'bee'}",neutral,
L3-44-00012-neutral,L3-44-00012,neutral,,,3,3,True,False,"{'v2': 0, 'v1': 3}","{'v1': 'ink', 'v2': 'wheel'}",neutral,
L3-44-00013-neutral,L3-44-00013,neutral,,,9,9,True,False,"{'v2': 1, 'v1': 9}","{'v1': 'bag', 'v2': 'seed'}",neutral,
L3-44-00014-neutral,L3-44-00014,neutral,,,7,6,False,False,"{'v2': 0, 'v1': 7}","{'v1': 'boat', 'v2': 'owl'}",neutral,
L3-44-00015-neutral,L3-44-00015,neutral,,,9,18,False,False,"{'v2': 0, 'v1': 9}","{'v1': 'cloud', 'v2': 'pear'}",neutral,
L3-44-00016-neutral,L3-44-00016,neutral,,,8,8,True,False,"{'v2': 1, 'v1': 8}","{'v1': 'table', 'v2': 'cow'}",neutral,
L3-44-00017-neutral,L3-44-00017,neutral,,,7,7,True,False,"{'v2': 2, 'v1': 7}","{'v1': 'lid', 'v2': 'hat'}",neutral,
L3-44-00018-neutral,L3-44-00018,neutral,,,7,7,True,False,"{'v2': 0, 'v1': 7}","{'v1': 'owl', 'v2': 'table'}",neutral,
L3-44-00019-neutral,L3-44-00019,neutral,,,3,3,True,False,"{'v2': 5, 'v1': 3}","{'v1': 'fig', 'v2': 'lake'}",neutral,
L3-44-00020-neutral,L3-44-00020,neutral,,,1,1,True,False,"{'v2': 1, 'v1': 1}","{'v1': 'table', 'v2': 'rod'}",neutral,
L3-44-00021-neutral,L3-44-00021,neutral,,,5,5,True,False,"{'v2': 1, 'v1': 5}","{'v1': 'jam', 'v2': 'lake'}",neutral,
L3-44-00022-neutral,L3-44-00022,neutral,,,3,3,True,False,"{'v2': 5, 'v1': 3}","{'v1': 'fork', 'v2': 'rag'}",neutral,
L3-44-00023-neutral,L3-44-00023,neutral,,,3,3,True,False,"{'v2': 2, 'v1': 3}","{'v1': 'wheel', 'v2': 'fan'}",neutral,
L3-44-00024-neutral,L3-44-00024,neutral,,,2,2,True,False,"{'v2': 1, 'v1': 2}","{'v1': 'lake', 'v2': 'net'}",neutral,
L3-44-00025-neutral,L3-44-00025,neutral,,,7,7,True,False,"{'v2': 5, 'v1': 7}","{'v1': 'map', 'v2': 'roof'}",neutral,
L3-44-00026-neutral,L3-44-00026,neutral,,,6,6,True,False,"{'v2': 5, 'v1': 6}","{'v1': 'mouse', 'v2': 'cake'}",neutral,
L3-44-00027-neutral,L3-44-00027,neutral,,,6,6,True,False,"{'v2': 0, 'v1': 6}","{'v1': 'desk', 'v2': 'river'}",neutral,
L3-44-00028-neutral,L3-44-00028,neutral,,,1,1,True,False,"{'v2': 5, 'v1': 1}","{'v1': 'hat', 'v2': 'seed'}",neutral,
L3-44-00029-neutral,L3-44-00029,neutral,,,8,8,True,False,"{'v2': 3, 'v1': 8}","{'v1': 'ant', 'v2': 'door'}",neutral,
L3-44-00030-neutral,L3-44-00030,neutral,,,1,1,True,False,"{'v2': 6, 'v1': 1}","{'v1': 'star', 'v2': 'frog'}",neutral,
L3-44-00031-neutral,L3-44-00031,neutral,,,5,5,True,False,"{'v2': 1, 'v1': 5}","{'v1': 'wheel', 'v2': 'bus'}",neutral,
L3-44-00032-neutral,L3-44-00032,neutral,,,0,-4,False,False,"{'v2': 7, 'v1': 0}","{'v1': 'frog', 'v2': 'ring'}",neutral,
L3-44-00033-neutral,L3-44-00033,neutral,,,1,1,True,False,"{'v2': 1, 'v1': 1}","{'v1': 'lamp', 'v2': 'soap'}",neutral,
L3-44-00034-neutral,L3-44-00034,neutral,,,2,2,True,False,"{'v2': 0, 'v1': 2}","{'v1': 'ant', 'v2': 'bread'}",neutral,
L3-44-00035-neutral,L3-44-00035,neutral,,,0,0,True,False,"{'v2': 6, 'v1': 0}","{'v1': 'bag', 'v2': 'pan'}",neutral,
L3-44-00036-neutral,L3-44-00036,neutral,,,6,6,True,False,"{'v2': 3, 'v1': 6}","{'v1': 'seed', 'v2': 'hill'}",neutral,
L3-44-00037-neutral,L3-44-00037,neutral,,,2,2,True,False,"{'v2': 3, 'v1': 2}","{'v1': 'fish', 'v2': 'cow'}",neutral,
L3-44-00038-neutral,L3-44-00038,neutral,,,3,3,True,False,"{'v2': 5, 'v1': 3}","{'v1': 'tent', 'v2': 'hat'}",neutral,
L3-44-00039-neutral,L3-44-00039,neutral,,,7,7,True,False,"{'v2': 2, 'v1': 7}","{'v1': 'bus', 'v2': 'dog'}",neutral,
L3-44-00040-neutral,L3-44-00040,neutral,,,3,3,True,False,"{'v2': 5, 'v1': 3}","{'v1': 'cloud', 'v2': 'ring'}",neutral,
L3-44-00041-neutral,L3-44-00041,neutral,,,3,3,True,False,"{'v2': 1, 'v1': 3}","{'v1': 'chair', 'v2': 'tea'}",neutral,
L3-44-00042-neutral,L3-44-00042,neutral,,,2,2,True,False,"{'v2': 1, 'v1': 2}","{'v1': 'desk', 'v2': 'river'}",neutral,
L3-44-00043-neutral,L3-44-00043,neutral,,,6,6,True,False,"{'v2': 6, 'v1': 6}","{'v1': 'shirt', 'v2': 'wheel'}",neutral,
L3-44-00044-neutral,L3-44-00044,neutral,,,4,4,True,False,"{'v2': 1, 'v1': 4}","{'v1': 'egg', 'v2': 'box'}",neutral,
L3-44-00045-neutral,L3-44-00045,neutral,,,3,3,True,False,"{'v2': 0, 'v1': 3}","{'v1': 'cap', 'v2': 'box'}",neutral,
L3-44-00046-neutral,L3-44-00046,neutral,,,9,9,True,False,"{'v2': 0, 'v1': 9}","{'v1': 'river', 'v2': 'cap'}",neutral,
L3-44-00047-neutral,L3-44-00047,neutral,,,3,3,True,False,"{'v2': 5, 'v1': 3}","{'v1': 'bed', 'v2': 'frog'}",neutral,
L3-44-00048-neutral,L3-44-00048,neutral,,,5,5,True,False,"{'v2': 0, 'v1': 5}","{'v1': 'car', 'v2': 'frog'}",neutral,
L3-44-00049-neutral,L3-44-00049,neutral,,,6,6,True,False,"{'v2': 6, 'v1': 6}","{'v1': 'gem', 'v2': 'wheel'}",neutral,
L3-44-00050-neutral,L3-44-00050,neutral,,,8,8,True,False,"{'v2': 8, 'v1': 8}","{'v1': 'rug', 'v2': 'fig'}",neutral,
L3-44-00051-neutral,L3-44-00051,neutral,,,1,1,True,False,"{'v2': 7, 'v1': 1}","{'v1': 'lake', 'v2': 'apple'}",neutral,
L3-44-00052-neutral,L3-44-00052,neutral,,,0,0,True,False,"{'v2': 1, 'v1': 0}","{'v1': 'nut', 'v2': 'lake'}",neutral,
L3-44-00053-neutral,L3-44-00053,neutral,,,0,0,True,False,"{'v2': 9, 'v1': 0}","{'v1': 'frog', 'v2': 'pot'}",neutral,
L3-44-00054-neutral,L3-44-00054,neutral,,,6,6,True,False,"{'v2': 1, 'v1': 6}","{'v1': 'ink', 'v2': 'fig'}",neutral,
L3-44-00055-neutral,L3-44-00055,neutral,,,8,8,True,False,"{'v2': 2, 'v1': 8}","{'v1': 'roof', 'v2': 'coat'}",neutral,
L3-44-00056-neutral,L3-44-00056,neutral,,,9,9,True,False,"{'v2': 1, 'v1': 9}","{'v1': 'tent', 'v2': 'bag'}",neutral,
L3-44-00057-neutral,L3-44-00057,neutral,,,0,0,True,False,"{'v2': 1, 'v1': 0}","{'v1': 'ring', 'v2': 'train'}",neutral,
L3-44-00058-neutral,L3-44-00058,neutral,,,4,4,True,False,"{'v2': 1, 'v1': 4}","{'v1': 'apple', 'v2': 'jam'}",neutral,
L3-44-00059-neutral,L3-44-00059,neutral,,,8,8,True,False,"{'v2': 7, 'v1': 8}","{'v1': 'salt', 'v2': 'boat'}",neutral,
L3-44-00060-neutral,L3-44-00060,neutral,,,5,5,True,False,"{'v2': 2, 'v1': 5}","{'v1': 'lid', 'v2': 'bag'}",neutral,
L3-44-00061-neutral,L3-44-00061,neutral,,,5,5,True,False,"{'v2': 1, 'v1': 5}","{'v1': 'boat', 'v2': 'lake'}",neutral,
L3-44-00062-neutral,L3-44-00062,neutral,,,9,9,True,False,"{'v2': 0, 'v1': 9}","{'v1': 'fan', 'v2': 'bag'}",neutral,
L3-44-00063-neutral,L3-44-00063,neutral,,,3,3,True,False,"{'v2': 0, 'v1': 3}","{'v1': 'apple', 'v2': 'toy'}",neutral,
L3-44-00064-neutral,L3-44-00064,neutral,,,2,2,True,False,"{'v2': 7, 'v1': 2}","{'v1': 'fish', 'v2': 'van'}",neutral,
L3-44-00065-neutral,L3-44-00065,neutral,,,8,8,True,False,"{'v2': 7, 'v1': 8}","{'v1': 'web', 'v2': 'soup'}",neutral,
L3-44-00066-neutral,L3-44-00066,neutral,,,7,7,True,False,"{'v2': 6, 'v1': 7}","{'v1': 'key', 'v2': 'river'}",neutral,
L3-44-00067-neutral,L3-44-00067,neutral,,,6,6,True,False,"{'v2': 2, 'v1': 6}","{'v1': 'pan', 'v2': 'owl'}",neutral,
L3-44-00068-neutral,L3-44-00068,neutral,,,9,9,True,False,"{'v2': 1, 'v1': 9}","{'v1': 'river', 'v2': 'pear'}",neutral,
L3-44-00069-neutral,L3-44-00069,neutral,,,3,3,True,False,"{'v2': 6, 'v1': 3}","{'v1': 'owl', 'v2': 'yard'}",neutral,
L3-44-00070-neutral,L3-44-00070,neutral,,,4,4,True,False,"{'v2': 2, 'v1': 4}","{'v1': 'moon', 'v2': 'ring'}",neutral,
L3-44-00071-neutral,L3-44-00071,neutral,,,0,0,True,False,"{'v2': 9, 'v1': 0}","{'v1': 'egg', 'v2': 'rod'}",neutral,
L3-44-00072-neutral,L3-44-00072,neutral,,,8,8,True,False,"{'v2': 8, 'v1': 8}","{'v1': 'soup', 'v2': 'truck'}",neutral,
L3-44-00073-neutral,L3-44-00073,neutral,,,0,0,True,False,"{'v2': 8, 'v1': 0}","{'v1': 'salt', 'v2': 'gem'}",neutral,
L3-44-00074-neutral,L3-44-00074,neutral,,,8,8,True,False,"{'v2': 0, 'v1': 8}","{'v1': 'cat', 'v2': 'yard'}",neutral,
L3-44-00075-neutral,L3-44-00075,neutral,,,3,3,True,False,"{'v2': 1, 'v1': 3}","{'v1': 'wheel', 'v2': 'fork'}",neutral,
L3-44-00076-neutral,L3-44-00076,neutral,,,1,1,True,False,"{'v2': 6, 'v1': 1}","{'v1': 'ring', 'v2': 'van'}",neutral,
L3-44-00077-neutral,L3-44-00077,neutral,,,2,2,True,False,"{'v2': 2, 'v1': 2}","{'v1': 'hat', 'v2': 'fox'}",neutral,
L3-44-00078-neutral,L3-44-00078,neutral,,,1,1,True,False,"{'v2': 8, 'v1': 1}","{'v1': 'cloud', 'v2': 'ink'}",neutral,
L3-44-00079-neutral,L3-44-00079,neutral,,,7,7,True,False,"{'v2': 0, 'v1': 7}","{'v1': 'ring', 'v2': 'fox'}",neutral,
L3-44-00080-neutral,L3-44-00080,neutral,,,2,2,True,False,"{'v2': 5, 'v1': 2}","{'v1': 'moon', 'v2': 'sun'}",neutral,
L3-44-00081-neutral,L3-44-00081,neutral,,,6,6,True,False,"{'v2': 5, 'v1': 6}","{'v1': 'egg', 'v2': 'hill'}",neutral,
L3-44-00082-neutral,L3-44-00082,neutral,,,0,0,True,False,"{'v2': 6, 'v1': 0}","{'v1': 'chair', 'v2': 'cloud'}",neutral,
L3-44-00083-neutral,L3-44-00083,neutral,,,6,6,True,False,"{'v2': 0, 'v1': 6}","{'v1': 'tea', 'v2': 'cap'}",neutral,
L3-44-00084-neutral,L3-44-00084,neutral,,,9,9,True,False,"{'v2': 0, 'v1': 9}","{'v1': 'soap', 'v2': 'star'}",neutral,
L3-44-00085-neutral,L3-44-00085,neutral,,,2,2,True,False,"{'v2': 6, 'v1': 2}","{'v1': 'tent', 'v2': 'table'}",neutral,
L3-44-00086-neutral,L3-44-00086,neutral,,,2,2,True,False,"{'v2': 0, 'v1': 2}","{'v1': 'fig', 'v2': 'bread'}",neutral,
L3-44-00087-neutral,L3-44-00087,neutral,,,2,2,True,False,"{'v2': 2, 'v1': 2}","{'v1': 'ship', 'v2': 'rug'}",neutral,
L3-44-00088-neutral,L3-44-00088,neutral,,,1,1,True,False,"{'v2': 7, 'v1': 1}","{'v1': 'ant', 'v2': 'pan'}",neutral,
L3-44-00089-neutral,L3-44-00089,neutral,,,3,3,True,False,"{'v2': 0, 'v1': 3}","{'v1': 'jam', 'v2': 'lake'}",neutral,
L3-44-00090-neutral,L3-44-00090,neutral,,,3,3,True,False,"{'v2': 0, 'v1': 3}","{'v1': 'bin', 'v2': 'apple'}",neutral,
L3-44-00091-neutral,L3-44-00091,neutral,,,6,6,True,False,"{'v2': 0, 'v1': 6}","{'v1': 'dog', 'v2': 'roof'}",neutral,
L3-44-00092-neutral,L3-44-00092,neutral,,,3,3,True,False,"{'v2': 1, 'v1': 3}","{'v1': 'moon', 'v2': 'farm'}",neutral,
L3-44-00093-neutral,L3-44-00093,neutral,,,9,9,True,False,"{'v2': 9, 'v1': 9}","{'v1': 'tea', 'v2': 'jar'}",neutral,
L3-44-00094-neutral,L3-44-00094,neutral,,,4,4,True,False,"{'v2': 2, 'v1': 4}","{'v1': 'jar', 'v2': 'bee'}",neutral,
L3-44-00095-neutral,L3-44-00095,neutral,,,5,5,True,False,"{'v2': 5, 'v1': 5}","{'v1': 'book', 'v2': 'apple'}",neutral,
L3-44-00096-neutral,L3-44-00096,neutral,,,2,2,True,False,"{'v2': 2, 'v1': 2}","{'v1': 'bee', 'v2': 'water'}",neutral,
L3-44-00097-neutral,L3-44-00097,neutral,,,8,8,True,False,"{'v2': 8, 'v1': 8}","{'v1': 'owl', 'v2': 'nut'}",neutral,
L3-44-00098-neutral,L3-44-00098,neutral,,,9,9,True,False,"{'v2': 0, 'v1': 9}","{'v1': 'chair', 'v2': 'sky'}",neutral,
L3-44-00099-neutral,L3-44-00099,neutral,,,6,6,True,False,"{'v2': 0, 'v1': 6}","{'v1': 'bread', 'v2': 'boat'}",neutral,
L3-44-00100-neutral,L3-44-00100,neutral,,,8,8,True,False,"{'v2': 8, 'v1': 8}","{'v1': 'van', 'v2': 'moon'}",neutral,
L3-44-00101-neutral,L3-44-00101,neutral,,,3,3,True,False,"{'v2': 3, 'v1': 3}","{'v1': 'seed', 'v2': 'ant'}",neutral,
L3-44-00102-neutral,L3-44-00102,neutral,,,9,9,True,False,"{'v2': 5, 'v1': 9}","{'v1': 'apple', 'v2': 'truck'}",neutral,
L3-44-00103-neutral,L3-44-00103,neutral,,,0,0,True,False,"{'v2': 0, 'v1': 0}","{'v1': 'fork', 'v2': 'wheel'}",neutral,
L3-44-00104-neutral,L3-44-00104,neutral,,,0,0,True,False,"{'v2': 2, 'v1': 0}","{'v1': 'fish', 'v2': 'soup'}",neutral,
L3-44-00105-neutral,L3-44-00105,neutral,,,6,6,True,False,"{'v2': 1, 'v1': 6}","{'v1': 'tent', 'v2': 'map'}",neutral,
L3-44-00106-neutral,L3-44-00106,neutral,,,1,1,True,False,"{'v2': 5, 'v1': 1}","{'v1': 'desk', 'v2': 'moon'}",neutral,
L3-44-00107-neutral,L3-44-00107,neutral,,,9,9,True,False,"{'v2': 1, 'v1': 9}","{'v1': 'car', 'v2': 'bed'}",neutral,
L3-44-00108-neutral,L3-44-00108,neutral,,,4,4,True,False,"{'v2': 5, 'v1': 4}","{'v1': 'cow', 'v2': 'leaf'}",neutral,
L3-44-00109-neutral,L3-44-00109,neutral,,,4,4,True,False,"{'v2': 1, 'v1': 4}","{'v1': 'pear', 'v2': 'hat'}",neutral,
L3-44-00110-neutral,L3-44-00110,neutral,,,0,0,True,False,"{'v2': 6, 'v1': 0}","{'v1': 'cloud', 'v2': 'sock'}",neutral,
L3-44-00111-neutral,L3-44-00111,neutral,,,8,6,False,False,"{'v2': 0, 'v1': 8}","{'v1': 'fig', 'v2': 'leaf'}",neutral,
L3-44-00112-neutral,L3-44-00112,neutral,,,7,6,False,False,"{'v2': 5, 'v1': 7}","{'v1': 'truck', 'v2': 'train'}",neutral,
L3-44-00113-neutral,L3-44-00113,neutral,,,1,1,True,False,"{'v2': 3, 'v1': 1}","{'v1': 'door', 'v2': 'sky'}",neutral,
L3-44-00114-neutral,L3-44-00114,neutral,,,6,6,True,False,"{'v2': 0, 'v1': 6}","{'v1': 'toy', 'v2': 'shirt'}",neutral,
L3-44-00115-neutral,L3-44-00115,neutral,,,2,2,True,False,"{'v2': 2, 'v1': 2}","{'v1': 'shirt', 'v2': 'hill'}",neutral,
L3-44-00116-neutral,L3-44-00116,neutral,,,4,4,True,False,"{'v2': 0, 'v1': 4}","{'v1': 'pig', 'v2': 'tea'}",neutral,
L3-44-00117-neutral,L3-44-00117,neutral,,,8,8,True,False,"{'v2': 1, 'v1': 8}","{'v1': 'sock', 'v2': 'nest'}",neutral,
L3-44-00118-neutral,L3-44-00118,neutral,,,4,4,True,False,"{'v2': 1, 'v1': 4}","{'v1': 'soup', 'v2': 'moon'}",neutral,
L3-44-00119-neutral,L3-44-00119,neutral,,,2,2,True,False,"{'v2': 1, 'v1': 2}","{'v1': 'rag', 'v2': 'dog'}",neutral,
L3-44-00120-neutral,L3-44-00120,neutral,,,7,7,True,False,"{'v2': 6, 'v1': 7}","{'v1': 'toy', 'v2': 'fan'}",neutral,
L3-44-00121-neutral,L3-44-00121,neutral,,,3,3,True,False,"{'v2': 0, 'v1': 3}","{'v1': 'train', 'v2': 'car'}",neutral,
L3-44-00122-neutral,L3-44-00122,neutral,,,2,2,True,False,"{'v2': 2, 'v1': 2}","{'v1': 'pig', 'v2': 'egg'}",neutral,
L3-44-00123-neutral,L3-44-00123,neutral,,,6,6,True,False,"{'v2': 6, 'v1': 6}","{'v1': 'gem', 'v2': 'star'}",neutral,
L3-44-00124-neutral,L3-44-00124,neutral,,,9,9,True,False,"{'v2': 6, 'v1': 9}","{'v1': 'lake', 'v2': 'tea'}",neutral,
L3-44-00125-neutral,L3-44-00125,neutral,,,5,5,True,False,"{'v2': 5, 'v1': 5}","{'v1': 'lid', 'v2': 'pear'}",neutral,
L3-44-00126-neutral,L3-44-00126,neutral,,,3,3,True,False,"{'v2': 2, 'v1': 3}","{'v1': 'wheel', 'v2': 'pear'}",neutral,
L3-44-00127-neutral,L3-44-00127,neutral,,,6,6,True,False,"{'v2': 5, 'v1': 6}","{'v1': 'bin', 'v2': 'cow'}",neutral,
L3-44-00128-neutral,L3-44-00128,neutral,,,6,6,True,False,"{'v2': 5, 'v1': 6}","{'v1': 'gem', 'v2': 'door'}",neutral,
L3-44-00129-neutral,L3-44-00129,neutral,,,0,0,True,False,"{'v2': 9, 'v1': 0}","{'v1': 'truck', 'v2': 'car'}",neutral,
L3-44-00130-neutral,L3-44-00130,neutral,,,6,6,True,False,"{'v2': 0, 'v1': 6}","{'v1': 'fish', 'v2': 'owl'}",neutral,
L3-44-00131-neutral,L3-44-00131,neutral,,,2,2,True,False,"{'v2': 0, 'v1': 2}","{'v1': 'egg', 'v2': 'chair'}",neutral,
L3-44-00132-neutral,L3-44-00132,neutral,,,4,4,True,False,"{'v2': 2, 'v1': 4}","{'v1': 'pan', 'v2': 'nest'}",neutral,
L3-44-00133-neutral,L3-44-00133,neutral,,,4,4,True,False,"{'v2': 0, 'v1': 4}","{'v1': 'gem', 'v2': 'dog'}",neutral,
L3-44-00134-neutral,L3-44-00134,neutral,,,7,7,True,False,"{'v2': 1, 'v1': 7}","{'v1': 'frog', 'v2': 'bag'}",neutral,
L3-44-00135-neutral,L3-44-00135,neutral,,,8,8,True,False,"{'v2': 3, 'v1': 8}","{'v1': 'table', 'v2': 'rug'}",neutral,
L3-44-00136-neutral,L3-44-00136,neutral,,,5,6,False,False,"{'v2': 0, 'v1': 5}","{'v1': 'wheel', 'v2': 'horse'}",neutral,
L3-44-00137-neutral,L3-44-00137,neutral,,,2,2,True,False,"{'v2': 0, 'v1': 2}","{'v1': 'pig', 'v2': 'boat'}",neutral,
L3-44-00138-neutral,L3-44-00138,neutral,,,2,2,True,False,"{'v2': 0, 'v1': 2}","{'v1': 'train', 'v2': 'lake'}",neutral,
L3-44-00139-neutral,L3-44-00139,neutral,,,0,0,True,False,"{'v2': 7, 'v1': 0}","{'v1': 'coat', 'v2': 'ring'}",neutral,
L3-44-00140-neutral,L3-44-00140,neutral,,,3,3,True,False,"{'v2': 1, 'v1': 3}","{'v1': 'soap', 'v2': 'shirt'}",neutral,
L3-44-00141-neutral,L3-44-00141,neutral,,,5,5,True,False,"{'v2': 3, 'v1': 5}","{'v1': 'lamp', 'v2': 'cake'}",neutral,
L3-44-00142-neutral,L3-44-00142,neutral,,,4,4,True,False,"{'v2': 3, 'v1': 4}","{'v1': 'wheel', 'v2': 'fork'}",neutral,
L3-44-00143-neutral,L3-44-00143,neutral,,,6,6,True,False,"{'v2': 6, 'v1': 6}","{'v1': 'tea', 'v2': 'fan'}",neutral,
L3-44-00144-neutral,L3-44-00144,neutral,,,1,1,True,False,"{'v2': 2, 'v1': 1}","{'v1': 'tea', 'v2': 'cow'}",neutral,
L3-44-00145-neutral,L3-44-00145,neutral,,,9,9,True,False,"{'v2': 8, 'v1': 9}","{'v1': 'frog', 'v2': 'seed'}",neutral,
L3-44-00146-neutral,L3-44-00146,neutral,,,9,9,True,False,"{'v2': 8, 'v1': 9}","{'v1': 'rag', 'v2': 'ink'}",neutral,
L3-44-00147-neutral,L3-44-00147,neutral,,,9,9,True,False,"{'v2': 9, 'v1': 9}","{'v1': 'door', 'v2': 'tea'}",neutral,
L3-44-00148-neutral,L3-44-00148,neutral,,,5,5,True,False,"{'v2': 3, 'v1': 5}","{'v1': 'road', 'v2': 'star'}",neutral,
L3-44-00149-neutral,L3-44-00149,neutral,,,1,1,True,False,"{'v2': 3, 'v1': 1}","{'v1': 'pig', 'v2': 'chair'}",neutral,
L3-44-00150-neutral,L3-44-00150,neutral,,,1,1,True,False,"{'v2': 2, 'v1': 1}","{'v1': 'sky', 'v2': 'jam'}",neutral,
L3-44-00151-neutral,L3-44-00151,neutral,,,8,8,True,False,"{'v2': 8, 'v1': 8}","{'v1': 'box', 'v2': 'ink'}",neutral,
L3-44-00152-neutral,L3-44-00152,neutral,,,5,5,True,False,"{'v2': 0, 'v1': 5}","{'v1': 'apple', 'v2': 'pan'}",neutral,
L3-44-00153-neutral,L3-44-00153,neutral,,,4,4,True,False,"{'v2': 2, 'v1': 4}","{'v1': 'fan', 'v2': 'cloud'}",neutral,
L3-44-00154-neutral,L3-44-00154,neutral,,,5,4,False,False,"{'v2': 0, 'v1': 5}","{'v1': 'nut', 'v2': 'sock'}",neutral,
L3-44-00155-neutral,L3-44-00155,neutral,,,0,0,True,False,"{'v2': 1, 'v1': 0}","{'v1': 'sky', 'v2': 'moon'}",neutral,
L3-44-00156-neutral,L3-44-00156,neutral,,,0,0,True,False,"{'v2': 3, 'v1': 0}","{'v1': 'ink', 'v2': 'door'}",neutral,
L3-44-00157-neutral,L3-44-00157,neutral,,,3,3,True,False,"{'v2': 2, 'v1': 3}","{'v1': 'toy', 'v2': 'moon'}",neutral,
L3-44-00158-neutral,L3-44-00158,neutral,,,8,8,True,False,"{'v2': 1, 'v1': 8}","{'v1': 'soap', 'v2': 'bread'}",neutral,
L3-44-00159-neutral,L3-44-00159,neutral,,,1,1,True,False,"{'v2': 1, 'v1': 1}","{'v1': 'cap', 'v2': 'fish'}",neutral,
L3-44-00160-neutral,L3-44-00160,neutral,,,0,0,True,False,"{'v2': 2, 'v1': 0}","{'v1': 'map', 'v2': 'mouse'}",neutral,
L3-44-00161-neutral,L3-44-00161,neutral,,,1,1,True,False,"{'v2': 0, 'v1': 1}","{'v1': 'pot', 'v2': 'map'}",neutral,
L3-44-00162-neutral,L3-44-00162,neutral,,,4,4,True,False,"{'v2': 5, 'v1': 4}","{'v1': 'fox', 'v2': 'cat'}",neutral,
L3-44-00163-neutral,L3-44-00163,neutral,,,2,2,True,False,"{'v2': 1, 'v1': 2}","{'v1': 'door', 'v2': 'dog'}",neutral,
L3-44-00164-neutral,L3-44-00164,neutral,,,5,5,True,False,"{'v2': 0, 'v1': 5}","{'v1': 'tea', 'v2': 'coat'}",neutral,
L3-44-00165-neutral,L3-44-00165,neutral,,,7,7,True,False,"{'v2': 1, 'v1': 7}","{'v1': 'jar', 'v2': 'coat'}",neutral,
L3-44-00166-neutral,L3-44-00166,neutral,,,6,6,True,False,"{'v2': 1, 'v1': 6}","{'v1': 'book', 'v2': 'sky'}",neutral,
L3-44-00167-neutral,L3-44-00167,neutral,,,0,0,True,False,"{'v2': 2, 'v1': 0}","{'v1': 'fan', 'v2': 'soap'}",neutral,
L3-44-00168-neutral,L3-44-00168,neutral,,,4,4,True,False,"{'v2': 1, 'v1': 4}","{'v1': 'roof', 'v2': 'fox'}",neutral,
L3-44-00169-neutral,L3-44-00169,neutral,,,8,8,True,False,"{'v2': 6, 'v1': 8}","{'v1': 'key', 'v2': 'jar'}",neutral,
L3-44-00170-neutral,L3-44-00170,neutral,,,1,1,True,False,"{'v2': 7, 'v1': 1}","{'v1': 'cow', 'v2': 'fox'}",neutral,
L3-44-00171-neutral,L3-44-00171,neutral,,,1,1,True,False,"{'v2': 5, 'v1': 1}","{'v1': 'farm', 'v2': 'boat'}",neutral,
L3-44-00172-neutral,L3-44-00172,neutral,,,8,8,True,False,"{'v2': 0, 'v1': 8}","{'v1': 'shirt', 'v2': 'jar'}",neutral,
L3-44-00173-neutral,L3-44-00173,neutral,,,7,7,True,False,"{'v2': 2, 'v1': 7}","{'v1': 'coat', 'v2': 'chair'}",neutral,
L3-44-00174-neutral,L3-44-00174,neutral,,,3,3,True,False,"{'v2': 1, 'v1': 3}","{'v1': 'fish', 'v2': 'pot'}",neutral,
L3-44-00175-neutral,L3-44-00175,neutral,,,0,0,True,False,"{'v2': 1, 'v1': 0}","{'v1': 'pig', 'v2': 'ant'}",neutral,
L3-44-00176-neutral,L3-44-00176,neutral,,,0,0,True,False,"{'v2': 6, 'v1': 0}","{'v1': 'web', 'v2': 'coat'}",neutral,
L3-44-00177-neutral,L3-44-00177,neutral,,,7,7,True,False,"{'v2': 6, 'v1': 7}","{'v1': 'rag', 'v2': 'sock'}",neutral,
L3-44-00178-neutral,L3-44-00178,neutral,,,7,7,True,False,"{'v2': 1, 'v1': 7}","{'v1': 'pig', 'v2': 'cloud'}",neutral,
L3-44-00179-neutral,L3-44-00179,neutral,,,6,6,True,False,"{'v2': 2, 'v1': 6}","{'v1': 'web', 'v2': 'pan'}",neutral,
L3-44-00180-neutral,L3-44-00180,neutral,,,3,3,True,False,"{'v2': 0, 'v1': 3}","{'v1': 'fox', 'v2': 'moon'}",neutral,
L3-44-00181-neutral,L3-44-00181,neutral,,,2,2,True,False,"{'v2': 1, 'v1': 2}","{'v1': 'soap', 'v2': 'lid'}",neutral,
L3-44-00182-neutral,L3-44-00182,neutral,,,2,2,True,False,"{'v2': 6, 'v1': 2}","{'v1': 'wheel', 'v2': 'ship'}",neutral,
L3-44-00183-neutral,L3-44-00183,neutral,,,6,6,True,False,"{'v2': 6, 'v1': 6}","{'v1': 'cat', 'v2': 'net'}",neutral,
L3-44-00184-neutral,L3-44-00184,neutral,,,7,7,True,False,"{'v2': 2, 'v1': 7}","{'v1': 'table', 'v2': 'nest'}",neutral,
L3-44-00185-neutral,L3-44-00185,neutral,,,1,1,True,False,"{'v2': 7, 'v1': 1}","{'v1': 'soap', 'v2': 'cow'}",neutral,
L3-44-00186-neutral,L3-44-00186,neutral,,,5,4,False,False,"{'v2': 0, 'v1': 5}","{'v1': 'water', 'v2': 'roof'}",neutral,
L3-44-00187-neutral,L3-44-00187,neutral,,,2,2,True,False,"{'v2': 1, 'v1': 2}","{'v1': 'frog', 'v2': 'fork'}",neutral,
L3-44-00188-neutral,L3-44-00188,neutral,,,5,5,True,False,"{'v2': 5, 'v1': 5}","{'v1': 'farm', 'v2': 'star'}",neutral,
L3-44-00189-neutral,L3-44-00189,neutral,,,6,6,True,False,"{'v2': 0, 'v1': 6}","{'v1': 'nut', 'v2': 'truck'}",neutral,
L3-44-00190-neutral,L3-44-00190,neutral,,,2,-2,False,False,"{'v2': 0, 'v1': 2}","{'v1': 'egg', 'v2': 'yard'}",neutral,
L3-44-00191-neutral,L3-44-00191,neutral,,,9,9,True,False,"{'v2': 3, 'v1': 9}","{'v1': 'egg', 'v2': 'mouse'}",neutral,
L3-44-00192-neutral,L3-44-00192,neutral,,,5,5,True,False,"{'v2': 0, 'v1': 5}","{'v1': 'water', 'v2': 'yard'}",neutral,
L3-44-00193-neutral,L3-44-00193,neutral,,,5,5,True,False,"{'v2': 2, 'v1': 5}","{'v1': 'chair', 'v2': 'salt'}",neutral,
L3-44-00194-neutral,L3-44-00194,neutral,,,6,6,True,False,"{'v2': 1, 'v1': 6}","{'v1': 'map', 'v2': 'cake'}",neutral,
L3-44-00195-neutral,L3-44-00195,neutral,,,5,4,False,False,"{'v2': 0, 'v1': 5}","{'v1': 'rod', 'v2': 'wheel'}",neutral,
L3-44-00196-neutral,L3-44-00196,neutral,,,0,0,True,False,"{'v2': 0, 'v1': 0}","{'v1': 'pan', 'v2': 'water'}",neutral,
L3-44-00197-neutral,L3-44-00197,neutral,,,6,6,True,False,"{'v2': 1, 'v1': 6}","{'v1': 'moon', 'v2': 'door'}",neutral,
L3-44-00198-neutral,L3-44-00198,neutral,,,3,-3,False,False,"{'v2': 0, 'v1': 3}","{'v1': 'pig', 'v2': 'map'}",neutral,
L3-44-00199-neutral,L3-44-00199,neutral,,,2,2,True,False,"{'v2': 3, 'v1': 2}","{'v1': 'road', 'v2': 'table'}",neutral,
L3-44-00200-neutral,L3-44-00200,neutral,,,4,4,True,False,"{'v2': 0, 'v1': 4}","{'v1': 'tent', 'v2': 'yard'}",neutral,
L3-44-00201-neutral,L3-44-00201,neutral,,,9,9,True,False,"{'v2': 1, 'v1': 9}","{'v1': 'sun', 'v2': 'ring'}",neutral,
L3-44-00202-neutral,L3-44-00202,neutral,,,5,5,True,False,"{'v2': 2, 'v1': 5}","{'v1': 'bread', 'v2': 'horse'}",neutral,
L3-44-00203-neutral,L3-44-00203,neutral,,,4,4,True,False,"{'v2': 1, 'v1': 4}","{'v1': 'moon', 'v2': 'soap'}",neutral,
L3-44-00204-neutral,L3-44-00204,neutral,,,0,0,True,False,"{'v2': 0, 'v1': 0}","{'v1': 'tent', 'v2': 'nest'}",neutral,
L3-44-00205-neutral,L3-44-00205,neutral,,,2,2,True,False,"{'v2': 7, 'v1': 2}","{'v1': 'box', 'v2': 'cow'}",neutral,
L3-44-00206-neutral,L3-44-00206,neutral,,,4,4,True,False,"{'v2': 1, 'v1': 4}","{'v1': 'bag', 'v2': 'map'}",neutral,
L3-44-00207-neutral,L3-44-00207,neutral,,,9,9,True,False,"{'v2': 2, 'v1': 9}","{'v1': 'yard', 'v2': 'nut'}",neutral,
L3-44-00208-neutral,L3-44-00208,neutral,,,4,4,True,False,"{'v2': 3, 'v1': 4}","{'v1': 'lamp', 'v2': 'pan'}",neutral,
L3-44-00209-neutral,L3-44-00209,neutral,,,8,6,False,False,"{'v2': 6, 'v1': 8}","{'v1': 'river', 'v2': 'rag'}",neutral,
L3-44-00210-neutral,L3-44-00210,neutral,,,2,2,True,False,"{'v2': 1, 'v1': 2}","{'v1': 'key', 'v2': 'lake'}",neutral,
L3-44-00211-neutral,L3-44-00211,neutral,,,9,9,True,False,"{'v2': 0, 'v1': 9}","{'v1': 'ring', 'v2': 'van'}",neutral,
L3-44-00212-neutral,L3-44-00212,neutral,,,0,0,True,False,"{'v2': 0, 'v1': 0}","{'v1': 'shirt', 'v2': 'train'}",neutral,
L3-44-00213-neutral,L3-44-00213,neutral,,,8,8,True,False,"{'v2': 0, 'v1': 8}","{'v1': 'bread', 'v2': 'book'}",neutral,
L3-44-00214-neutral,L3-44-00214,neutral,,,2,2,True,False,"{'v2': 7, 'v1': 2}","{'v1': 'horse', 'v2': 'train'}",neutral,
L3-44-00215-neutral,L3-44-00215,neutral,,,5,5,True,False,"{'v2': 2, 'v1': 5}","{'v1': 'sun', 'v2': 'salt'}",neutral,
L3-44-00216-neutral,L3-44-00216,neutral,,,1,1,True,False,"{'v2': 1, 'v1': 1}","{'v1': 'cow', 'v2': 'fig'}",neutral,
L3-44-00217-neutral,L3-44-00217,neutral,,,4,4,True,False,"{'v2': 1, 'v1': 4}","{'v1': 'jam', 'v2': 'sock'}",neutral,
L3-44-00218-neutral,L3-44-00218,neutral,,,4,4,True,False,"{'v2': 1, 'v1': 4}","{'v1': 'cap', 'v2': 'bag'}",neutral,
L3-44-00219-neutral,L3-44-00219,neutral,,,8,8,True,False,"{'v2': 2, 'v1': 8}","{'v1': 'egg', 'v2': 'lamp'}",neutral,
L3-44-00220-neutral,L3-44-00220,neutral,,,7,7,True,False,"{'v2': 1, 'v1': 7}","{'v1': 'pot', 'v2': 'farm'}",neutral,
L3-44-00221-neutral,L3-44-00221,neutral,,,6,6,True,False,"{'v2': 3, 'v1': 6}","{'v1': 'toy', 'v2': 'bee'}",neutral,
L3-44-00222-neutral,L3-44-00222,neutral,,,6,6,True,False,"{'v2': 6, 'v1': 6}","{'v1': 'door', 'v2': 'pot'}",neutral,
L3-44-00223-neutral,L3-44-00223,neutral,,,0,-4,False,False,"{'v2': 7, 'v1': 0}","{'v1': 'cat', 'v2': 'cap'}",neutral,
L3-44-00224-neutral,L3-44-00224,neutral,,,1,1,True,False,"{'v2': 1, 'v1': 1}","{'v1': 'river', 'v2': 'train'}",neutral,
L3-44-00225-neutral,L3-44-00225,neutral,,,5,5,True,False,"{'v2': 1, 'v1': 5}","{'v1': 'nest', 'v2': 'cat'}",neutral,
L3-44-00226-neutral,L3-44-00226,neutral,,,8,8,True,False,"{'v2': 1, 'v1': 8}","{'v1': 'cat', 'v2': 'boat'}",neutral,
L3-44-00227-neutral,L3-44-00227,neutral,,,1,1,True,False,"{'v2': 7, 'v1': 1}","{'v1': 'hill', 'v2': 'mouse'}",neutral,
L3-44-00228-neutral,L3-44-00228,neutral,,,4,4,True,False,"{'v2': 2, 'v1': 4}","{'v1': 'ham', 'v2': 'bread'}",neutral,
L3-44-00229-neutral,L3-44-00229,neutral,,,5,5,True,False,"{'v2': 0, 'v1': 5}","{'v1': 'door', 'v2': 'nest'}",neutral,
L3-44-00230-neutral,L3-44-00230,neutral,,,9,9,True,False,"{'v2': 7, 'v1': 9}","{'v1': 'shirt', 'v2': 'bag'}",neutral,
L3-44-00231-neutral,L3-44-00231,neutral,,,1,1,True,False,"{'v2': 0, 'v1': 1}","{'v1': 'coat', 'v2': 'sky'}",neutral,
L3-44-00232-neutral,L3-44-00232,neutral,,,2,2,True,False,"{'v2': 1, 'v1': 2}","{'v1': 'pan', 'v2': 'yard'}",neutral,
L3-44-00233-neutral,L3-44-00233,neutral,,,2,2,True,False,"{'v2': 5, 'v1': 2}","{'v1': 'lamp', 'v2': 'lake'}",neutral,
L3-44-00234-neutral,L3-44-00234,neutral,,,0,-1,False,False,"{'v2': 0, 'v1': 0}","{'v1': 'fork', 'v2': 'road'}",neutral,
L3-44-00235-neutral,L3-44-00235,neutral,,,9,9,True,False,"{'v2': 8, 'v1': 9}","{'v1': 'cloud', 'v2': 'shirt'}",neutral,
L3-44-00236-neutral,L3-44-00236,neutral,,,7,7,True,False,"{'v2': 2, 'v1': 7}","{'v1': 'frog', 'v2': 'bin'}",neutral,
L3-44-00237-neutral,L3-44-00237,neutral,,,8,8,True,False,"{'v2': 6, 'v1': 8}","{'v1': 'key', 'v2': 'tent'}",neutral,
L3-44-00238-neutral,L3-44-00238,neutral,,,3,3,True,False,"{'v2': 2, 'v1': 3}","{'v1': 'table', 'v2': 'owl'}",neutral,
L3-44-00239-neutral,L3-44-00239,neutral,,,2,2,True,False,"{'v2': 0, 'v1': 2}","{'v1': 'pear', 'v2': 'chair'}",neutral,
L3-44-00240-neutral,L3-44-00240,neutral,,,1,1,True,False,"{'v2': 5, 'v1': 1}","{'v1': 'pig', 'v2': 'moon'}",neutral,
L3-44-00241-neutral,L3-44-00241,neutral,,,7,7,True,False,"{'v2': 2, 'v1': 7}","{'v1': 'web', 'v2': 'key'}",neutral,
L3-44-00242-neutral,L3-44-00242,neutral,,,2,2,True,False,"{'v2': 1, 'v1': 2}","{'v1': 'shirt', 'v2': 'sky'}",neutral,
L3-44-00243-neutral,L3-44-00243,neutral,,,0,0,True,False,"{'v2': 7, 'v1': 0}","{'v1': 'van', 'v2': 'egg'}",neutral,
L3-44-00244-neutral,L3-44-00244,neutral,,,6,6,True,False,"{'v2': 5, 'v1': 6}","{'v1': 'sky', 'v2': 'nest'}",neutral,
L3-44-00245-neutral,L3-44-00245,neutral,,,2,2,True,False,"{'v2': 5, 'v1': 2}","{'v1': 'bin', 'v2': 'wolf'}",neutral,
L3-44-00246-neutral,L3-44-00246,neutral,,,6,6,True,False,"{'v2': 2, 'v1': 6}","{'v1': 'fork', 'v2': 'water'}",neutral,
L3-44-00247-neutral,L3-44-00247,neutral,,,1,1,True,False,"{'v2': 8, 'v1': 1}","{'v1': 'pig', 'v2': 'door'}",neutral,
L3-44-00248-neutral,L3-44-00248,neutral,,,4,4,True,False,"{'v2': 0, 'v1': 4}","{'v1': 'bee', 'v2': 'fox'}",neutral,
L3-44-00249-neutral,L3-44-00249,neutral,,,0,0,True,False,"{'v2': 6, 'v1': 0}","{'v1': 'horse', 'v2': 'pig'}",neutral,
L3-44-00250-neutral,L3-44-00250,neutral,,,4,4,True,False,"{'v2': 1, 'v1': 4}","{'v1': 'wheel', 'v2': 'leaf'}",neutral,
L3-44-00251-neutral,L3-44-00251,neutral,,,7,7,True,False,"{'v2': 0, 'v1': 7}","{'v1': 'jar', 'v2': 'dog'}",neutral,
L3-44-00252-neutral,L3-44-00252,neutral,,,0,0,True,False,"{'v2': 2, 'v1': 0}","{'v1': 'box', 'v2': 'desk'}",neutral,
L3-44-00253-neutral,L3-44-00253,neutral,,,1,1,True,False,"{'v2': 3, 'v1': 1}","{'v1': 'toy', 'v2': 'jar'}",neutral,
L3-44-00254-neutral,L3-44-00254,neutral,,,0,0,True,False,"{'v2': 1, 'v1': 0}","{'v1': 'soup', 'v2': 'apple'}",neutral,
L3-44-00255-neutral,L3-44-00255,neutral,,,1,1,True,False,"{'v2': 2, 'v1': 1}","{'v1': 'leaf', 'v2': 'hill'}",neutral,
L3-44-00256-neutral,L3-44-00256,neutral,,,8,8,True,False,"{'v2': 8, 'v1': 8}","{'v1': 'fork', 'v2': 'seed'}",neutral,
L3-44-00257-neutral,L3-44-00257,neutral,,,2,-2,False,False,"{'v2': 2, 'v1': 2}","{'v1': 'tent', 'v2': 'jar'}",neutral,
L3-44-00258-neutral,L3-44-00258,neutral,,,5,5,True,False,"{'v2': 5, 'v1': 5}","{'v1': 'fan', 'v2': 'nest'}",neutral,
L3-44-00259-neutral,L3-44-00259,neutral,,,9,9,True,False,"{'v2': 0, 'v1': 9}","{'v1': 'desk', 'v2': 'leaf'}",neutral,
L3-44-00260-neutral,L3-44-00260,neutral,,,4,4,True,False,"{'v2': 1, 'v1': 4}","{'v1': 'river', 'v2': 'mouse'}",neutral,
L3-44-00261-neutral,L3-44-00261,neutral,,,7,7,True,False,"{'v2': 1, 'v1': 7}","{'v1': 'river', 'v2': 'door'}",neutral,
L3-44-00262-neutral,L3-44-00262,neutral,,,7,7,True,False,"{'v2': 2, 'v1': 7}","{'v1': 'truck', 'v2': 'fan'}",neutral,
L3-44-00263-neutral,L3-44-00263,neutral,,,9,9,True,False,"{'v2': 2, 'v1': 9}","{'v1': 'road', 'v2': 'tea'}",neutral,
L3-44-00264-neutral,L3-44-00264,neutral,,,6,6,True,False,"{'v2': 6, 'v1': 6}","{'v1': 'door', 'v2': 'bus'}",neutral,
L3-44-00265-neutral,L3-44-00265,neutral,,,3,3,True,False,"{'v2': 5, 'v1': 3}","{'v1': 'nut', 'v2': 'cat'}",neutral,
L3-44-00266-neutral,L3-44-00266,neutral,,,3,3,True,False,"{'v2': 1, 'v1': 3}","{'v1': 'bread', 'v2': 'pear'}",neutral,
L3-44-00267-neutral,L3-44-00267,neutral,,,7,7,True,False,"{'v2': 0, 'v1': 7}","{'v1': 'river', 'v2': 'ink'}",neutral,
L3-44-00268-neutral,L3-44-00268,neutral,,,4,4,True,False,"{'v2': 0, 'v1': 4}","{'v1': 'rag', 'v2': 'ant'}",neutral,
L3-44-00269-neutral,L3-44-00269,neutral,,,6,6,True,False,"{'v2': 0, 'v1': 6}","{'v1': 'ship', 'v2': 'sun'}",neutral,
L3-44-00270-neutral,L3-44-00270,neutral,,,9,9,True,False,"{'v2': 0, 'v1': 9}","{'v1': 'fig', 'v2': 'road'}",neutral,
L3-44-00271-neutral,L3-44-00271,neutral,,,9,9,True,False,"{'v2': 2, 'v1': 9}","{'v1': 'jam', 'v2': 'wolf'}",neutral,
L3-44-00272-neutral,L3-44-00272,neutral,,,6,5,False,False,"{'v2': 0, 'v1': 6}","{'v1': 'road', 'v2': 'gem'}",neutral,
L3-44-00273-neutral,L3-44-00273,neutral,,,8,8,True,False,"{'v2': 5, 'v1': 8}","{'v1': 'jam', 'v2': 'pear'}",neutral,
L3-44-00274-neutral,L3-44-00274,neutral,,,7,7,True,False,"{'v2': 1, 'v1': 7}","{'v1': 'rug', 'v2': 'sky'}",neutral,
L3-44-00275-neutral,L3-44-00275,neutral,,,6,6,True,False,"{'v2': 6, 'v1': 6}","{'v1': 'jar', 'v2': 'lake'}",neutral,
L3-44-00276-neutral,L3-44-00276,neutral,,,4,4,True,False,"{'v2': 2, 'v1': 4}","{'v1': 'rag', 'v2': 'coat'}",neutral,
L3-44-00277-neutral,L3-44-00277,neutral,,,6,6,True,False,"{'v2': 1, 'v1': 6}","{'v1': 'seed', 'v2': 'pan'}",neutral,
L3-44-00278-neutral,L3-44-00278,neutral,,,2,2,True,False,"{'v2': 7, 'v1': 2}","{'v1': 'net', 'v2': 'tea'}",neutral,
L3-44-00279-neutral,L3-44-00279,neutral,,,5,5,True,False,"{'v2': 1, 'v1': 5}","{'v1': 'bed', 'v2': 'apple'}",neutral,
L3-44-00280-neutral,L3-44-00280,neutral,,,4,4,True,False,"{'v2': 2, 'v1': 4}","{'v1': 'pig', 'v2': 'fork'}",neutral,
L3-44-00281-neutral,L3-44-00281,neutral,,,5,5,True,False,"{'v2': 2, 'v1': 5}","{'v1': 'bag', 'v2': 'pig'}",neutral,
L3-44-00282-neutral,L3-44-00282,neutral,,,2,2,True,False,"{'v2': 6, 'v1': 2}","{'v1': 'van', 'v2': 'nest'}",neutral,
L3-44-00283-neutral,L3-44-00283,neutral,,,8,8,True,False,"{'v2': 6, 'v1': 8}","{'v1': 'coat', 'v2': 'toy'}",neutral,
L3-44-00284-neutral,L3-44-00284,neutral,,,3,3,True,False,"{'v2': 1, 'v1': 3}","{'v1': 'hill', 'v2': 'frog'}",neutral,
L3-44-00285-neutral,L3-44-00285,neutral,,,9,9,True,False,"{'v2': 0, 'v1': 9}","{'v1': 'chair', 'v2': 'fork'}",neutral,
L3-44-00286-neutral,L3-44-00286,neutral,,,2,2,True,False,"{'v2': 7, 'v1': 2}","{'v1': 'car', 'v2': 'lid'}",neutral,
L3-44-00287-neutral,L3-44-00287,neutral,,,2,2,True,False,"{'v2': 6, 'v1': 2}","{'v1': 'fork', 'v2': 'net'}",neutral,
L3-44-00288-neutral,L3-44-00288,neutral,,,8,8,True,False,"{'v2': 0, 'v1': 8}","{'v1': 'cap', 'v2': 'apple'}",neutral,
L3-44-00289-neutral,L3-44-00289,neutral,,,3,3,True,False,"{'v2': 1, 'v1': 3}","{'v1': 'web', 'v2': 'chair'}",neutral,
L3-44-00290-neutral,L3-44-00290,neutral,,,7,7,True,False,"{'v2': 1, 'v1': 7}","{'v1': 'egg', 'v2': 'cow'}",neutral,
L3-44-00291-neutral,L3-44-00291,neutral,,,5,5,True,False,"{'v2': 1, 'v1': 5}","{'v1': 'pan', 'v2': 'bread'}",neutral,
L3-44-00292-neutral,L3-44-00292,neutral,,,6,6,True,False,"{'v2': 1, 'v1': 6}","{'v1': 'leaf', 'v2': 'pot'}",neutral,
L3-44-00293-neutral,L3-44-00293,neutral,,,7,7,True,False,"{'v2': 0, 'v1': 7}","{'v1': 'hill', 'v2': 'cake'}",neutral,
L3-44-00294-neutral,L3-44-00294,neutral,,,1,1,True,False,"{'v2': 1, 'v1': 1}","{'v1': 'toy', 'v2': 'ship'}",neutral,
L3-44-00295-neutral,L3-44-00295,neutral,,,1,1,True,False,"{'v2': 1, 'v1': 1}","{'v1': 'road', 'v2': 'web'}",neutral,
L3-44-00296-neutral,L3-44-00296,neutral,,,1,1,True,False,"{'v2': 2, 'v1': 1}","{'v1': 'apple', 'v2': 'ship'}",neutral,
L3-44-00297-neutral,L3-44-00297,neutral,,,4,4,True,False,"{'v2': 1, 'v1': 4}","{'v1': 'fox', 'v2': 'coat'}",neutral,
L3-44-00298-neutral,L3-44-00298,neutral,,,6,6,True,False,"{'v2': 0, 'v1': 6}","{'v1': 'ham', 'v2': 'van'}",neutral,
L3-44-00299-neutral,L3-44-00299,neutral,,,3,3,True,False,"{'v2': 3, 'v1': 3}","{'v1': 'door', 'v2': 'bed'}",neutral,
L3-44-00300-neutral,L3-44-00300,neutral,,,7,7,True,False,"{'v2': 7, 'v1': 7}","{'v1': 'box', 'v2': 'soap'}",neutral,
L3-44-00301-neutral,L3-44-00301,neutral,,,0,0,True,False,"{'v2': 5, 'v1': 0}","{'v1': 'jar', 'v2': 'car'}",neutral,
L3-44-00302-neutral,L3-44-00302,neutral,,,0,0,True,False,"{'v2': 6, 'v1': 0}","{'v1': 'rod', 'v2': 'ham'}",neutral,
L3-44-00303-neutral,L3-44-00303,neutral,,,1,1,True,False,"{'v2': 7, 'v1': 1}","{'v1': 'sun', 'v2': 'pig'}",neutral,
L3-44-00304-neutral,L3-44-00304,neutral,,,3,3,True,False,"{'v2': 0, 'v1': 3}","{'v1': 'cat', 'v2': 'pig'}",neutral,
L3-44-00305-neutral,L3-44-00305,neutral,,,4,4,True,False,"{'v2': 0, 'v1': 4}","{'v1': 'key', 'v2': 'sock'}",neutral,
L3-44-00306-neutral,L3-44-00306,neutral,,,6,6,True,False,"{'v2': 6, 'v1': 6}","{'v1': 'cat', 'v2': 'table'}",neutral,
L3-44-00307-neutral,L3-44-00307,neutral,,,7,7,True,False,"{'v2': 1, 'v1': 7}","{'v1': 'sock', 'v2': 'nut'}",neutral,
L3-44-00308-neutral,L3-44-00308,neutral,,,3,3,True,False,"{'v2': 2, 'v1': 3}","{'v1': 'shirt', 'v2': 'cake'}",neutral,
L3-44-00309-neutral,L3-44-00309,neutral,,,9,9,True,False,"{'v2': 6, 'v1': 9}","{'v1': 'fan', 'v2': 'ant'}",neutral,
L3-44-00310-neutral,L3-44-00310,neutral,,,9,9,True,False,"{'v2': 0, 'v1': 9}","{'v1': 'ink', 'v2': 'soap'}",neutral,
L3-44-00311-neutral,L3-44-00311,neutral,,,2,2,True,False,"{'v2': 5, 'v1': 2}","{'v1': 'fish', 'v2': 'bed'}",neutral,
L3-44-00312-neutral,L3-44-00312,neutral,,,9,9,True,False,"{'v2': 1, 'v1': 9}","{'v1': 'bed', 'v2': 'desk'}",neutral,
L3-44-00313-neutral,L3-44-00313,neutral,,,3,3,True,False,"{'v2': 2, 'v1': 3}","{'v1': 'nut', 'v2': 'roof'}",neutral,
L3-44-00314-neutral,L3-44-00314,neutral,,,6,6,True,False,"{'v2': 1, 'v1': 6}","{'v1': 'sock', 'v2': 'lamp'}",neutral,
L3-44-00315-neutral,L3-44-00315,neutral,,,1,1,True,False,"{'v2': 1, 'v1': 1}","{'v1': 'frog', 'v2': 'road'}",neutral,
L3-44-00316-neutral,L3-44-00316,neutral,,,1,1,True,False,"{'v2': 1, 'v1': 1}","{'v1': 'bin', 'v2': 'fork'}",neutral,
L3-44-00317-neutral,L3-44-00317,neutral,,,6,6,True,False,"{'v2': 5, 'v1': 6}","{'v1': 'lamp', 'v2': 'shirt'}",neutral,
L3-44-00318-neutral,L3-44-00318,neutral,,,9,9,True,False,"{'v2': 0, 'v1': 9}","{'v1': 'tent', 'v2': 'apple'}",neutral,
L3-44-00319-neutral,L3-44-00319,neutral,,,8,8,True,False,"{'v2': 1, 'v1': 8}","{'v1': 'salt', 'v2': 'nest'}",neutral,
L3-44-00320-neutral,L3-44-00320,neutral,,,4,4,True,False,"{'v2': 3, 'v1': 4}","{'v1': 'owl', 'v2': 'coat'}",neutral,
L3-44-00321-neutral,L3-44-00321,neutral,,,1,1,True,False,"{'v2': 0, 'v1': 1}","{'v1': 'leaf', 'v2': 'owl'}",neutral,
L3-44-00322-neutral,L3-44-00322,neutral,,,9,9,True,False,"{'v2': 0, 'v1': 9}","{'v1': 'car', 'v2': 'fish'}",neutral,
L3-44-00323-neutral,L3-44-00323,neutral,,,4,4,True,False,"{'v2': 0, 'v1': 4}","{'v1': 'wheel', 'v2': 'web'}",neutral,
L3-44-00324-neutral,L3-44-00324,neutral,,,8,8,True,False,"{'v2': 0, 'v1': 8}","{'v1': 'fish', 'v2': 'soap'}",neutral,
L3-44-00325-neutral,L3-44-00325,neutral,,,7,7,True,False,"{'v2': 1, 'v1': 7}","{'v1': 'jam', 'v2': 'ant'}",neutral,
L3-44-00326-neutral,L3-44-00326,neutral,,,7,7,True,False,"{'v2': 7, 'v1': 7}","{'v1': 'ant', 'v2': 'pear'}",neutral,
L3-44-00327-neutral,L3-44-00327,neutral,,,8,8,True,False,"{'v2': 1, 'v1': 8}","{'v1': 'salt', 'v2': 'horse'}",neutral,
L3-44-00328-neutral,L3-44-00328,neutral,,,2,2,True,False,"{'v2': 1, 'v1': 2}","{'v1': 'nut', 'v2': 'net'}",neutral,
L3-44-00329-neutral,L3-44-00329,neutral,,,6,6,True,False,"{'v2': 3, 'v1': 6}","{'v1': 'fan', 'v2': 'rod'}",neutral,
L3-44-00330-neutral,L3-44-00330,neutral,,,4,4,True,False,"{'v2': 2, 'v1': 4}","{'v1': 'cow', 'v2': 'yard'}",neutral,
L3-44-00331-neutral,L3-44-00331,neutral,,,6,6,True,False,"{'v2': 6, 'v1': 6}","{'v1': 'cow', 'v2': 'water'}",neutral,
L3-44-00332-neutral,L3-44-00332,neutral,,,7,7,True,False,"{'v2': 1, 'v1': 7}","{'v1': 'desk', 'v2': 'key'}",neutral,
L3-44-00333-neutral,L3-44-00333,neutral,,,5,5,True,False,"{'v2': 3, 'v1': 5}","{'v1': 'bee', 'v2': 'ship'}",neutral,
L3-44-00334-neutral,L3-44-00334,neutral,,,2,2,True,False,"{'v2': 1, 'v1': 2}","{'v1': 'salt', 'v2': 'horse'}",neutral,
L3-44-00335-neutral,L3-44-00335,neutral,,,8,8,True,False,"{'v2': 1, 'v1': 8}","{'v1': 'jam', 'v2': 'bag'}",neutral,
L3-44-00336-neutral,L3-44-00336,neutral,,,0,0,True,False,"{'v2': 5, 'v1': 0}","{'v1': 'bread', 'v2': 'ship'}",neutral,
L3-44-00337-neutral,L3-44-00337,neutral,,,1,1,True,False,"{'v2': 2, 'v1': 1}","{'v1': 'fish', 'v2': 'bed'}",neutral,
L3-44-00338-neutral,L3-44-00338,neutral,,,4,4,True,False,"{'v2': 2, 'v1': 4}","{'v1': 'hill', 'v2': 'ship'}",neutral,
L3-44-00339-neutral,L3-44-00339,neutral,,,5,5,True,False,"{'v2': 0, 'v1': 5}","{'v1': 'fig', 'v2': 'door'}",neutral,
L3-44-00340-neutral,L3-44-00340,neutral,,,0,-4,False,False,"{'v2': 7, 'v1': 0}","{'v1': 'fig', 'v2': 'box'}",neutral,
L3-44-00341-neutral,L3-44-00341,neutral,,,1,1,True,False,"{'v2': 2, 'v1': 1}","{'v1': 'bread', 'v2': 'yard'}",neutral,
L3-44-00342-neutral,L3-44-00342,neutral,,,1,1,True,False,"{'v2': 1, 'v1': 1}","{'v1': 'roof', 'v2': 'map'}",neutral,
L3-44-00343-neutral,L3-44-00343,neutral,,,5,5,True,False,"{'v2': 1, 'v1': 5}","{'v1': 'hat', 'v2': 'ant'}",neutral,
L3-44-00344-neutral,L3-44-00344,neutral,,,2,2,True,False,"{'v2': 3, 'v1': 2}","{'v1': 'hat', 'v2': 'fig'}",neutral,
L3-44-00345-neutral,L3-44-00345,neutral,,,6,6,True,False,"{'v2': 6, 'v1': 6}","{'v1': 'ham', 'v2': 'fox'}",neutral,
L3-44-00346-neutral,L3-44-00346,neutral,,,2,-2,False,False,"{'v2': 0, 'v1': 2}","{'v1': 'sock', 'v2': 'bus'}",neutral,
L3-44-00347-neutral,L3-44-00347,neutral,,,8,8,True,False,"{'v2': 5, 'v1': 8}","{'v1': 'ring', 'v2': 'rag'}",neutral,
L3-44-00348-neutral,L3-44-00348,neutral,,,8,8,True,False,"{'v2': 7, 'v1': 8}","{'v1': 'sun', 'v2': 'gem'}",neutral,
L3-44-00349-neutral,L3-44-00349,neutral,,,4,4,True,False,"{'v2': 0, 'v1': 4}","{'v1': 'boat', 'v2': 'river'}",neutral,
L3-44-00350-neutral,L3-44-00350,neutral,,,7,7,True,False,"{'v2': 7, 'v1': 7}","{'v1': 'bin', 'v2': 'jar'}",neutral,
L3-44-00351-neutral,L3-44-00351,neutral,,,9,9,True,False,"{'v2': 7, 'v1': 9}","{'v1': 'sky', 'v2': 'bed'}",neutral,
L3-44-00352-neutral,L3-44-00352,neutral,,,7,7,True,False,"{'v2': 2, 'v1': 7}","{'v1': 'lake', 'v2': 'shirt'}",neutral,
L3-44-00353-neutral,L3-44-00353,neutral,,,9,9,True,False,"{'v2': 1, 'v1': 9}","{'v1': 'box', 'v2': 'web'}",neutral,
L3-44-00354-neutral,L3-44-00354,neutral,,,8,8,True,False,"{'v2': 8, 'v1': 8}","{'v1': 'coat', 'v2': 'apple'}",neutral,
L3-44-00355-neutral,L3-44-00355,neutral,,,1,1,True,False,"{'v2': 5, 'v1': 1}","{'v1': 'bee', 'v2': 'river'}",neutral,
L3-44-00356-neutral,L3-44-00356,neutral,,,4,4,True,False,"{'v2': 5, 'v1': 4}","{'v1': 'tent', 'v2': 'bin'}",neutral,
L3-44-00357-neutral,L3-44-00357,neutral,,,3,3,True,False,"{'v2': 1, 'v1': 3}","{'v1': 'boat', 'v2': 'horse'}",neutral,
L3-44-00358-neutral,L3-44-00358,neutral,,,5,5,True,False,"{'v2': 3, 'v1': 5}","{'v1': 'hill', 'v2': 'van'}",neutral,
L3-44-00359-neutral,L3-44-00359,neutral,,,6,6,True,False,"{'v2': 6, 'v1': 6}","{'v1': 'bread', 'v2': 'cake'}",neutral,
L3-44-00360-neutral,L3-44-00360,neutral,,,9,0,False,False,"{'v2': 0, 'v1': 9}","{'v1': 'wolf', 'v2': 'hill'}",neutral,
L3-44-00361-neutral,L3-44-00361,neutral,,,7,7,True,False,"{'v2': 0, 'v1': 7}","{'v1': 'sock', 'v2': 'shirt'}",neutral,
L3-44-00362-neutral,L3-44-00362,neutral,,,2,2,True,False,"{'v2': 0, 'v1': 2}","{'v1': 'cow', 'v2': 'fork'}",neutral,
L3-44-00363-neutral,L3-44-00363,neutral,,,8,8,True,False,"{'v2': 1, 'v1': 8}","{'v1': 'sun', 'v2': 'chair'}",neutral,
L3-44-00364-neutral,L3-44-00364,neutral,,,3,3,True,False,"{'v2': 2, 'v1': 3}","{'v1': 'van', 'v2': 'leaf'}",neutral,
L3-44-00365-neutral,L3-44-00365,neutral,,,1,1,True,False,"{'v2': 6, 'v1': 1}","{'v1': 'sock', 'v2': 'ink'}",neutral,
L3-44-00366-neutral,L3-44-00366,neutral,,,9,9,True,False,"{'v2': 0, 'v1': 9}","{'v1': 'bus', 'v2': 'dog'}",neutral,
L3-44-00367-neutral,L3-44-00367,neutral,,,9,9,True,False,"{'v2': 7, 'v1': 9}","{'v1': 'coat', 'v2': 'apple'}",neutral,
L3-44-00368-neutral,L3-44-00368,neutral,,,5,5,True,False,"{'v2': 1, 'v1': 5}","{'v1': 'rag', 'v2': 'bin'}",neutral,
L3-44-00369-neutral,L3-44-00369,neutral,,,8,8,True,False,"{'v2': 5, 'v1': 8}","{'v1': 'ship', 'v2': 'lamp'}",neutral,
L3-44-00370-neutral,L3-44-00370,neutral,,,6,6,True,False,"{'v2': 1, 'v1': 6}","{'v1': 'river', 'v2': 'tea'}",neutral,
L3-44-00371-neutral,L3-44-00371,neutral,,,1,1,True,False,"{'v2': 6, 'v1': 1}","{'v1': 'egg', 'v2': 'water'}",neutral,
L3-44-00372-neutral,L3-44-00372,neutral,,,9,9,True,False,"{'v2': 9, 'v1': 9}","{'v1': 'coat', 'v2': 'soup'}",neutral,
L3-44-00373-neutral,L3-44-00373,neutral,,,2,2,True,False,"{'v2': 7, 'v1': 2}","{'v1': 'lid', 'v2': 'star'}",neutral,
L3-44-00374-neutral,L3-44-00374,neutral,,,7,7,True,False,"{'v2': 5, 'v1': 7}","{'v1': 'fox', 'v2': 'ink'}",neutral,
L3-44-00375-neutral,L3-44-00375,neutral,,,0,0,True,False,"{'v2': 8, 'v1': 0}","{'v1': 'map', 'v2': 'river'}",neutral,
L3-44-00376-neutral,L3-44-00376,neutral,,,2,2,True,False,"{'v2': 0, 'v1': 2}","{'v1': 'roof', 'v2': 'ship'}",neutral,
L3-44-00377-neutral,L3-44-00377,neutral,,,8,8,True,False,"{'v2': 8, 'v1': 8}","{'v1': 'toy', 'v2': 'nest'}",neutral,
L3-44-00378-neutral,L3-44-00378,neutral,,,0,0,True,False,"{'v2': 9, 'v1': 0}","{'v1': 'fox', 'v2': 'hill'}",neutral,
L3-44-00379-neutral,L3-44-00379,neutral,,,2,2,True,False,"{'v2': 0, 'v1': 2}","{'v1': 'book', 'v2': 'river'}",neutral,
L3-44-00380-neutral,L3-44-00380,neutral,,,5,5,True,False,"{'v2': 5, 'v1': 5}","{'v1': 'sun', 'v2': 'rod'}",neutral,
L3-44-00381-neutral,L3-44-00381,neutral,,,0,0,True,False,"{'v2': 6, 'v1': 0}","{'v1': 'fox', 'v2': 'fork'}",neutral,
L3-44-00382-neutral,L3-44-00382,neutral,,,7,7,True,False,"{'v2': 1, 'v1': 7}","{'v1': 'tent', 'v2': 'sun'}",neutral,
L3-44-00383-neutral,L3-44-00383,neutral,,,8,8,True,False,"{'v2': 6, 'v1': 8}","{'v1': 'desk', 'v2': 'rug'}",neutral,
L3-44-00384-neutral,L3-44-00384,neutral,,,6,6,True,False,"{'v2': 0, 'v1': 6}","{'v1': 'leaf', 'v2': 'lamp'}",neutral,
L3-44-00385-neutral,L3-44-00385,neutral,,,3,3,True,False,"{'v2': 2, 'v1': 3}","{'v1': 'lake', 'v2': 'dog'}",neutral,
L3-44-00386-neutral,L3-44-00386,neutral,,,8,8,True,False,"{'v2': 2, 'v1': 8}","{'v1': 'river', 'v2': 'horse'}",neutral,
L3-44-00387-neutral,L3-44-00387,neutral,,,3,3,True,False,"{'v2': 6, 'v1': 3}","{'v1': 'cloud', 'v2': 'pig'}",neutral,
L3-44-00388-neutral,L3-44-00388,neutral,,,4,4,True,False,"{'v2': 0, 'v1': 4}","{'v1': 'net', 'v2': 'lake'}",neutral,
L3-44-00389-neutral,L3-44-00389,neutral,,,3,3,True,False,"{'v2': 2, 'v1': 3}","{'v1': 'fig', 'v2': 'fan'}",neutral,
L3-44-00390-neutral,L3-44-00390,neutral,,,7,7,True,False,"{'v2': 7, 'v1': 7}","{'v1': 'fig', 'v2': 'hill'}",neutral,
L3-44-00391-neutral,L3-44-00391,neutral,,,3,3,True,False,"{'v2': 3, 'v1': 3}","{'v1': 'door', 'v2': 'farm'}",neutral,
L3-44-00392-neutral,L3-44-00392,neutral,,,3,3,True,False,"{'v2': 6, 'v1': 3}","{'v1': 'toy', 'v2': 'owl'}",neutral,
L3-44-00393-neutral,L3-44-00393,neutral,,,5,5,True,False,"{'v2': 2, 'v1': 5}","{'v1': 'frog', 'v2': 'roof'}",neutral,
L3-44-00394-neutral,L3-44-00394,neutral,,,2,2,True,False,"{'v2': 7, 'v1': 2}","{'v1': 'desk', 'v2': 'seed'}",neutral,
L3-44-00395-neutral,L3-44-00395,neutral,,,0,0,True,False,"{'v2': 2, 'v1': 0}","{'v1': 'egg', 'v2': 'hill'}",neutral,
L3-44-00396-neutral,L3-44-00396,neutral,,,4,4,True,False,"{'v2': 1, 'v1': 4}","{'v1': 'soap', 'v2': 'boat'}",neutral,
L3-44-00397-neutral,L3-44-00397,neutral,,,3,3,True,False,"{'v2': 5, 'v1': 3}","{'v1': 'leaf', 'v2': 'rug'}",neutral,
L3-44-00398-neutral,L3-44-00398,neutral,,,6,6,True,False,"{'v2': 2, 'v1': 6}","{'v1': 'roof', 'v2': 'bag'}",neutral,
L3-44-00399-neutral,L3-44-00399,neutral,,,5,5,True,False,"{'v2': 3, 'v1': 5}","{'v1': 'yard', 'v2': 'sky'}",neutral,
L3-44-00400-neutral,L3-44-00400,neutral,,,8,6,False,False,"{'v2': 6, 'v1': 8}","{'v1': 'lid', 'v2': 'owl'}",neutral,
L3-44-00401-neutral,L3-44-00401,neutral,,,4,4,True,False,"{'v2': 1, 'v1': 4}","{'v1': 'wolf', 'v2': 'nest'}",neutral,
L3-44-00402-neutral,L3-44-00402,neutral,,,2,2,True,False,"{'v2': 1, 'v1': 2}","{'v1': 'seed', 'v2': 'pig'}",neutral,
L3-44-00403-neutral,L3-44-00403,neutral,,,8,8,True,False,"{'v2': 7, 'v1': 8}","{'v1': 'map', 'v2': 'dog'}",neutral,
L3-44-00404-neutral,L3-44-00404,neutral,,,0,0,True,False,"{'v2': 1, 'v1': 0}","{'v1': 'cake', 'v2': 'bin'}",neutral,
L3-44-00405-neutral,L3-44-00405,neutral,,,1,1,True,False,"{'v2': 6, 'v1': 1}","{'v1': 'bed', 'v2': 'fox'}",neutral,
L3-44-00406-neutral,L3-44-00406,neutral,,,5,5,True,False,"{'v2': 2, 'v1': 5}","{'v1': 'jar', 'v2': 'lamp'}",neutral,
L3-44-00407-neutral,L3-44-00407,neutral,,,4,4,True,False,"{'v2': 0, 'v1': 4}","{'v1': 'cow', 'v2': 'apple'}",neutral,
L3-44-00408-neutral,L3-44-00408,neutral,,,4,4,True,False,"{'v2': 5, 'v1': 4}","{'v1': 'table', 'v2': 'ham'}",neutral,
L3-44-00409-neutral,L3-44-00409,neutral,,,3,3,True,False,"{'v2': 6, 'v1': 3}","{'v1': 'lid', 'v2': 'hill'}",neutral,
L3-44-00410-neutral,L3-44-00410,neutral,,,9,9,True,False,"{'v2': 3, 'v1': 9}","{'v1': 'key', 'v2': 'net'}",neutral,
L3-44-00411-neutral,L3-44-00411,neutral,,,7,7,True,False,"{'v2': 1, 'v1': 7}","{'v1': 'cap', 'v2': 'pan'}",neutral,
L3-44-00412-neutral,L3-44-00412,neutral,,,3,3,True,False,"{'v2': 0, 'v1': 3}","{'v1': 'cap', 'v2': 'road'}",neutral,
L3-44-00413-neutral,L3-44-00413,neutral,,,3,3,True,False,"{'v2': 1, 'v1': 3}","{'v1': 'apple', 'v2': 'yard'}",neutral,
L3-44-00414-neutral,L3-44-00414,neutral,,,1,1,True,False,"{'v2': 3, 'v1': 1}","{'v1': 'bread', 'v2': 'book'}",neutral,
L3-44-00415-neutral,L3-44-00415,neutral,,,9,9,True,False,"{'v2': 6, 'v1': 9}","{'v1': 'road', 'v2': 'nut'}",neutral,
L3-44-00416-neutral,L3-44-00416,neutral,,,4,4,True,False,"{'v2': 2, 'v1': 4}","{'v1': 'fig', 'v2': 'nut'}",neutral,
L3-44-00417-neutral,L3-44-00417,neutral,,,5,5,True,False,"{'v2': 0, 'v1': 5}","{'v1': 'farm', 'v2': 'rug'}",neutral,
L3-44-00418-neutral,L3-44-00418,neutral,,,2,2,True,False,"{'v2': 0, 'v1': 2}","{'v1': 'ink', 'v2': 'pear'}",neutral,
L3-44-00419-neutral,L3-44-00419,neutral,,,0,0,True,False,"{'v2': 1, 'v1': 0}","{'v1': 'bed', 'v2': 'horse'}",neutral,
L3-44-00420-neutral,L3-44-00420,neutral,,,3,3,True,False,"{'v2': 5, 'v1': 3}","{'v1': 'train', 'v2': 'tea'}",neutral,
L3-44-00421-neutral,L3-44-00421,neutral,,,2,2,True,False,"{'v2': 5, 'v1': 2}","{'v1': 'horse', 'v2': 'wheel'}",neutral,
L3-44-00422-neutral,L3-44-00422,neutral,,,6,6,True,False,"{'v2': 3, 'v1': 6}","{'v1': 'fig', 'v2': 'bag'}",neutral,
L3-44-00423-neutral,L3-44-00423,neutral,,,2,2,True,False,"{'v2': 3, 'v1': 2}","{'v1': 'salt', 'v2': 'moon'}",neutral,
L3-44-00424-neutral,L3-44-00424,neutral,,,1,1,True,False,"{'v2': 5, 'v1': 1}","{'v1': 'fish', 'v2': 'jam'}",neutral,
L3-44-00425-neutral,L3-44-00425,neutral,,,8,8,True,False,"{'v2': 0, 'v1': 8}","{'v1': 'bag', 'v2': 'yard'}",neutral,
L3-44-00426-neutral,L3-44-00426,neutral,,,4,4,True,False,"{'v2': 1, 'v1': 4}","{'v1': 'bin', 'v2': 'ink'}",neutral,
L3-44-00427-neutral,L3-44-00427,neutral,,,4,4,True,False,"{'v2': 5, 'v1': 4}","{'v1': 'gem', 'v2': 'fig'}",neutral,
L3-44-00428-neutral,L3-44-00428,neutral,,,4,4,True,False,"{'v2': 2, 'v1': 4}","{'v1': 'rod', 'v2': 'sock'}",neutral,
L3-44-00429-neutral,L3-44-00429,neutral,,,1,1,True,False,"{'v2': 7, 'v1': 1}","{'v1': 'rug', 'v2': 'sun'}",neutral,
L3-44-00430-neutral,L3-44-00430,neutral,,,1,1,True,False,"{'v2': 5, 'v1': 1}","{'v1': 'cow', 'v2': 'gem'}",neutral,
L3-44-00431-neutral,L3-44-00431,neutral,,,1,1,True,False,"{'v2': 1, 'v1': 1}","{'v1': 'tent', 'v2': 'leaf'}",neutral,
L3-44-00432-neutral,L3-44-00432,neutral,,,7,7,True,False,"{'v2': 3, 'v1': 7}","{'v1': 'bin', 'v2': 'lake'}",neutral,
L3-44-00433-neutral,L3-44-00433,neutral,,,6,6,True,False,"{'v2': 1, 'v1': 6}","{'v1': 'ring', 'v2': 'door'}",neutral,
L3-44-00434-neutral,L3-44-00434,neutral,,,1,1,True,False,"{'v2': 6, 'v1': 1}","{'v1': 'hill', 'v2': 'bed'}",neutral,
L3-44-00435-neutral,L3-44-00435,neutral,,,8,8,True,False,"{'v2': 8, 'v1': 8}","{'v1': 'book', 'v2': 'soap'}",neutral,
L3-44-00436-neutral,L3-44-00436,neutral,,,2,2,True,False,"{'v2': 2, 'v1': 2}","{'v1': 'bag', 'v2': 'fork'}",neutral,
L3-44-00437-neutral,L3-44-00437,neutral,,,6,6,True,False,"{'v2': 0, 'v1': 6}","{'v1': 'fish', 'v2': 'nest'}",neutral,
L3-44-00438-neutral,L3-44-00438,neutral,,,2,2,True,False,"{'v2': 7, 'v1': 2}","{'v1': 'chair', 'v2': 'ant'}",neutral,
L3-44-00439-neutral,L3-44-00439,neutral,,,2,2,True,False,"{'v2': 5, 'v1': 2}","{'v1': 'cow', 'v2': 'map'}",neutral,
L3-44-00440-neutral,L3-44-00440,neutral,,,4,4,True,False,"{'v2': 3, 'v1': 4}","{'v1': 'frog', 'v2': 'rug'}",neutral,
L3-44-00441-neutral,L3-44-00441,neutral,,,1,1,True,False,"{'v2': 2, 'v1': 1}","{'v1': 'nest', 'v2': 'tea'}",neutral,
L3-44-00442-neutral,L3-44-00442,neutral,,,5,5,True,False,"{'v2': 1, 'v1': 5}","{'v1': 'coat', 'v2': 'ring'}",neutral,
L3-44-00443-neutral,L3-44-00443,neutral,,,6,6,True,False,"{'v2': 3, 'v1': 6}","{'v1': 'cat', 'v2': 'key'}",neutral,
L3-44-00444-neutral,L3-44-00444,neutral,,,2,2,True,False,"{'v2': 1, 'v1': 2}","{'v1': 'map', 'v2': 'car'}",neutral,
L3-44-00445-neutral,L3-44-00445,neutral,,,9,9,True,False,"{'v2': 0, 'v1': 9}","{'v1': 'box', 'v2': 'fig'}",neutral,
L3-44-00446-neutral,L3-44-00446,neutral,,,1,1,True,False,"{'v2': 1, 'v1': 1}","{'v1': 'cloud', 'v2': 'toy'}",neutral,
L3-44-00447-neutral,L3-44-00447,neutral,,,7,7,True,False,"{'v2': 1, 'v1': 7}","{'v1': 'road', 'v2': 'fig'}",neutral,
L3-44-00448-neutral,L3-44-00448,neutral,,,9,9,True,False,"{'v2': 0, 'v1': 9}","{'v1': 'rug', 'v2': 'ant'}",neutral,
L3-44-00449-neutral,L3-44-00449,neutral,,,1,1,True,False,"{'v2': 8, 'v1': 1}","{'v1': 'wolf', 'v2': 'net'}",neutral,
L3-44-00450-neutral,L3-44-00450,neutral,,,0,6,False,False,"{'v2': 7, 'v1': 0}","{'v1': 'fish', 'v2': 'cap'}",neutral,
L3-44-00451-neutral,L3-44-00451,neutral,,,7,7,True,False,"{'v2': 1, 'v1': 7}","{'v1': 'egg', 'v2': 'hat'}",neutral,
L3-44-00452-neutral,L3-44-00452,neutral,,,6,6,True,False,"{'v2': 0, 'v1': 6}","{'v1': 'tent', 'v2': 'mouse'}",neutral,
L3-44-00453-neutral,L3-44-00453,neutral,,,7,7,True,False,"{'v2': 0, 'v1': 7}","{'v1': 'soap', 'v2': 'roof'}",neutral,
L3-44-00454-neutral,L3-44-00454,neutral,,,6,6,True,False,"{'v2': 1, 'v1': 6}","{'v1': 'soap', 'v2': 'fish'}",neutral,
L3-44-00455-neutral,L3-44-00455,neutral,,,9,9,True,False,"{'v2': 9, 'v1': 9}","{'v1': 'horse', 'v2': 'cake'}",neutral,
L3-44-00456-neutral,L3-44-00456,neutral,,,7,7,True,False,"{'v2': 0, 'v1': 7}","{'v1': 'web', 'v2': 'key'}",neutral,
L3-44-00457-neutral,L3-44-00457,neutral,,,9,9,True,False,"{'v2': 9, 'v1': 9}","{'v1': 'bin', 'v2': 'sock'}",neutral,
L3-44-00458-neutral,L3-44-00458,neutral,,,5,5,True,False,"{'v2': 0, 'v1': 5}","{'v1': 'farm', 'v2': 'book'}",neutral,
L3-44-00459-neutral,L3-44-00459,neutral,,,4,4,True,False,"{'v2': 0, 'v1': 4}","{'v1': 'soap', 'v2': 'road'}",neutral,
L3-44-00460-neutral,L3-44-00460,neutral,,,8,8,True,False,"{'v2': 1, 'v1': 8}","{'v1': 'tent', 'v2': 'cloud'}",neutral,
L3-44-00461-neutral,L3-44-00461,neutral,,,1,1,True,False,"{'v2': 3, 'v1': 1}","{'v1': 'bed', 'v2': 'fork'}",neutral,
L3-44-00462-neutral,L3-44-00462,neutral,,,9,9,True,False,"{'v2': 9, 'v1': 9}","{'v1': 'frog', 'v2': 'ham'}",neutral,
L3-44-00463-neutral,L3-44-00463,neutral,,,6,6,True,False,"{'v2': 0, 'v1': 6}","{'v1': 'pot', 'v2': 'bread'}",neutral,
L3-44-00464-neutral,L3-44-00464,neutral,,,4,4,True,False,"{'v2': 2, 'v1': 4}","{'v1': 'bread', 'v2': 'truck'}",neutral,
L3-44-00465-neutral,L3-44-00465,neutral,,,1,1,True,False,"{'v2': 7, 'v1': 1}","{'v1': 'salt', 'v2': 'apple'}",neutral,
L3-44-00466-neutral,L3-44-00466,neutral,,,2,2,True,False,"{'v2': 2, 'v1': 2}","{'v1': 'web', 'v2': 'fox'}",neutral,
L3-44-00467-neutral,L3-44-00467,neutral,,,5,5,True,False,"{'v2': 1, 'v1': 5}","{'v1': 'cake', 'v2': 'jar'}",neutral,
L3-44-00468-neutral,L3-44-00468,neutral,,,8,8,True,False,"{'v2': 7, 'v1': 8}","{'v1': 'car', 'v2': 'jar'}",neutral,
L3-44-00469-neutral,L3-44-00469,neutral,,,2,2,True,False,"{'v2': 7, 'v1': 2}","{'v1': 'cap', 'v2': 'web'}",neutral,
L3-44-00470-neutral,L3-44-00470,neutral,,,0,0,True,False,"{'v2': 9, 'v1': 0}","{'v1': 'pig', 'v2': 'leaf'}",neutral,
L3-44-00471-neutral,L3-44-00471,neutral,,,1,1,True,False,"{'v2': 0, 'v1': 1}","{'v1': 'owl', 'v2': 'sky'}",neutral,
L3-44-00472-neutral,L3-44-00472,neutral,,,0,0,True,False,"{'v2': 0, 'v1': 0}","{'v1': 'bread', 'v2': 'bus'}",neutral,
L3-44-00473-neutral,L3-44-00473,neutral,,,5,5,True,False,"{'v2': 1, 'v1': 5}","{'v1': 'table', 'v2': 'book'}",neutral,
L3-44-00474-neutral,L3-44-00474,neutral,,,3,3,True,False,"{'v2': 1, 'v1': 3}","{'v1': 'apple', 'v2': 'farm'}",neutral,
L3-44-00475-neutral,L3-44-00475,neutral,,,2,2,True,False,"{'v2': 1, 'v1': 2}","{'v1': 'apple', 'v2': 'fan'}",neutral,
L3-44-00476-neutral,L3-44-00476,neutral,,,9,9,True,False,"{'v2': 9, 'v1': 9}","{'v1': 'seed', 'v2': 'bee'}",neutral,
L3-44-00477-neutral,L3-44-00477,neutral,,,5,5,True,False,"{'v2': 1, 'v1': 5}","{'v1': 'river', 'v2': 'wheel'}",neutral,
L3-44-00478-neutral,L3-44-00478,neutral,,,9,9,True,False,"{'v2': 1, 'v1': 9}","{'v1': 'rag', 'v2': 'cow'}",neutral,
L3-44-00479-neutral,L3-44-00479,neutral,,,0,0,True,False,"{'v2': 2, 'v1': 0}","{'v1': 'boat', 'v2': 'toy'}",neutral,
L3-44-00480-neutral,L3-44-00480,neutral,,,7,7,True,False,"{'v2': 7, 'v1': 7}","{'v1': 'cat', 'v2': 'lid'}",neutral,
L3-44-00481-neutral,L3-44-00481,neutral,,,3,3,True,False,"{'v2': 2, 'v1': 3}","{'v1': 'desk', 'v2': 'wheel'}",neutral,
L3-44-00482-neutral,L3-44-00482,neutral,,,7,7,True,False,"{'v2': 5, 'v1': 7}","{'v1': 'river', 'v2': 'fish'}",neutral,
L3-44-00483-neutral,L3-44-00483,neutral,,,9,9,True,False,"{'v2': 5, 'v1': 9}","{'v1': 'ham', 'v2': 'coat'}",neutral,
L3-44-00484-neutral,L3-44-00484,neutral,,,6,6,True,False,"{'v2': 6, 'v1': 6}","{'v1': 'sock', 'v2': 'ship'}",neutral,
L3-44-00485-neutral,L3-44-00485,neutral,,,1,1,True,False,"{'v2': 0, 'v1': 1}","{'v1': 'horse', 'v2': 'door'}",neutral,
L3-44-00486-neutral,L3-44-00486,neutral,,,3,3,True,False,"{'v2': 2, 'v1': 3}","{'v1': 'coat', 'v2': 'water'}",neutral,
L3-44-00487-neutral,L3-44-00487,neutral,,,7,7,True,False,"{'v2': 2, 'v1': 7}","{'v1': 'rod', 'v2': 'horse'}",neutral,
L3-44-00488-neutral,L3-44-00488,neutral,,,2,2,True,False,"{'v2': 7, 'v1': 2}","{'v1': 'desk', 'v2': 'boat'}",neutral,
L3-44-00489-neutral,L3-44-00489,neutral,,,0,0,True,False,"{'v2': 7, 'v1': 0}","{'v1': 'bin', 'v2': 'door'}",neutral,
L3-44-00490-neutral,L3-44-00490,neutral,,,0,0,True,False,"{'v2': 0, 'v1': 0}","{'v1': 'car', 'v2': 'fork'}",neutral,
L3-44-00491-neutral,L3-44-00491,neutral,,,2,2,True,False,"{'v2': 7, 'v1': 2}","{'v1': 'fox', 'v2': 'soap'}",neutral,
L3-44-00492-neutral,L3-44-00492,neutral,,,9,9,True,False,"{'v2': 2, 'v1': 9}","{'v1': 'wolf', 'v2': 'hat'}",neutral,
L3-44-00493-neutral,L3-44-00493,neutral,,,1,1,True,False,"{'v2': 6, 'v1': 1}","{'v1': 'key', 'v2': 'bee'}",neutral,
L3-44-00494-neutral,L3-44-00494,neutral,,,1,1,True,False,"{'v2': 7, 'v1': 1}","{'v1': 'van', 'v2': 'jam'}",neutral,
L3-44-00495-neutral,L3-44-00495,neutral,,,3,3,True,False,"{'v2': 5, 'v1': 3}","{'v1': 'shirt', 'v2': 'desk'}",neutral,
L3-44-00496-neutral,L3-44-00496,neutral,,,9,9,True,False,"{'v2': 1, 'v1': 9}","{'v1': 'chair', 'v2': 'pear'}",neutral,
L3-44-00497-neutral,L3-44-00497,neutral,,,7,7,True,False,"{'v2': 1, 'v1': 7}","{'v1': 'table', 'v2': 'ink'}",neutral,
L3-44-00498-neutral,L3-44-00498,neutral,,,0,0,True,False,"{'v2': 5, 'v1': 0}","{'v1': 'sun', 'v2': 'egg'}",neutral,
L3-44-00499-neutral,L3-44-00499,neutral,,,0,0,True,False,"{'v2': 0, 'v1': 0}","{'v1': 'ship', 'v2': 'fan'}",neutral,
L3-44-00500-neutral,L3-44-00500,neutral,,,2,2,True,False,"{'v2': 2, 'v1': 2}","{'v1': 'book', 'v2': 'pot'}",neutral,
L3-44-00501-neutral,L3-44-00501,neutral,,,9,9,True,False,"{'v2': 1, 'v1': 9}","{'v1': 'rug', 'v2': 'pan'}",neutral,
L3-44-00502-neutral,L3-44-00502,neutral,,,6,6,True,False,"{'v2': 5, 'v1': 6}","{'v1': 'water', 'v2': 'rag'}",neutral,
L3-44-00503-neutral,L3-44-00503,neutral,,,0,0,True,False,"{'v2': 0, 'v1': 0}","{'v1': 'cap', 'v2': 'bag'}",neutral,
L3-44-00504-neutral,L3-44-00504,neutral,,,1,1,True,False,"{'v2': 1, 'v1': 1}","{'v1': 'egg', 'v2': 'lid'}",neutral,
L3-44-00505-neutral,L3-44-00505,neutral,,,2,2,True,False,"{'v2': 5, 'v1': 2}","{'v1': 'rug', 'v2': 'dog'}",neutral,
L3-44-00506-neutral,L3-44-00506,neutral,,,9,9,True,False,"{'v2': 6, 'v1': 9}","{'v1': 'cloud', 'v2': 'pan'}",neutral,
L3-44-00507-neutral,L3-44-00507,neutral,,,9,9,True,False,"{'v2': 5, 'v1': 9}","{'v1': 'horse', 'v2': 'cap'}",neutral,
L3-44-00508-neutral,L3-44-00508,neutral,,,5,4,False,False,"{'v2': 0, 'v1': 5}","{'v1': 'river', 'v2': 'cloud'}",neutral,
L3-44-00509-neutral,L3-44-00509,neutral,,,3,-3,False,False,"{'v2': 2, 'v1': 3}","{'v1': 'table', 'v2': 'map'}",neutral,
L3-44-00510-neutral,L3-44-00510,neutral,,,1,1,True,False,"{'v2': 5, 'v1': 1}","{'v1': 'seed', 'v2': 'rag'}",neutral,
L3-44-00511-neutral,L3-44-00511,neutral,,,5,5,True,False,"{'v2': 3, 'v1': 5}","{'v1': 'sun', 'v2': 'apple'}",neutral,
L3-44-00512-neutral,L3-44-00512,neutral,,,5,5,True,False,"{'v2': 2, 'v1': 5}","{'v1': 'hill', 'v2': 'boat'}",neutral,
L3-44-00513-neutral,L3-44-00513,neutral,,,4,4,True,False,"{'v2': 2, 'v1': 4}","{'v1': 'horse', 'v2': 'road'}",neutral,
L3-44-00514-neutral,L3-44-00514,neutral,,,3,4,False,False,"{'v2': 0, 'v1': 3}","{'v1': 'gem', 'v2': 'web'}",neutral,
L3-44-00515-neutral,L3-44-00515,neutral,,,5,5,True,False,"{'v2': 1, 'v1': 5}","{'v1': 'table', 'v2': 'map'}",neutral,
L3-44-00516-neutral,L3-44-00516,neutral,,,1,1,True,False,"{'v2': 1, 'v1': 1}","{'v1': 'frog', 'v2': 'bread'}",neutral,
L3-44-00517-neutral,L3-44-00517,neutral,,,2,2,True,False,"{'v2': 0, 'v1': 2}","{'v1': 'cow', 'v2': 'pot'}",neutral,
L3-44-00518-neutral,L3-44-00518,neutral,,,3,3,True,False,"{'v2': 2, 'v1': 3}","{'v1': 'frog', 'v2': 'fan'}",neutral,
L3-44-00519-neutral,L3-44-00519,neutral,,,4,4,True,False,"{'v2': 5, 'v1': 4}","{'v1': 'pear', 'v2': 'jar'}",neutral,
L3-44-00520-neutral,L3-44-00520,neutral,,,7,7,True,False,"{'v2': 2, 'v1': 7}","{'v1': 'apple', 'v2': 'pan'}",neutral,
L3-44-00521-neutral,L3-44-00521,neutral,,,3,3,True,False,"{'v2': 1, 'v1': 3}","{'v1': 'wolf', 'v2': 'coat'}",neutral,
L3-44-00522-neutral,L3-44-00522,neutral,,,0,0,True,False,"{'v2': 7, 'v1': 0}","{'v1': 'door', 'v2': 'ship'}",neutral,
L3-44-00523-neutral,L3-44-00523,neutral,,,7,7,True,False,"{'v2': 1, 'v1': 7}","{'v1': 'cat', 'v2': 'road'}",neutral,
L3-44-00524-neutral,L3-44-00524,neutral,,,5,0,False,False,"{'v2': 0, 'v1': 5}","{'v1': 'shirt', 'v2': 'sock'}",neutral,
L3-44-00525-neutral,L3-44-00525,neutral,,,0,0,True,False,"{'v2': 0, 'v1': 0}","{'v1': 'shirt', 'v2': 'tea'}",neutral,
L3-44-00526-neutral,L3-44-00526,neutral,,,1,1,True,False,"{'v2': 5, 'v1': 1}","{'v1': 'pan', 'v2': 'ring'}",neutral,
L3-44-00527-neutral,L3-44-00527,neutral,,,7,7,True,False,"{'v2': 1, 'v1': 7}","{'v1': 'water', 'v2': 'bread'}",neutral,
L3-44-00528-neutral,L3-44-00528,neutral,,,0,0,True,False,"{'v2': 7, 'v1': 0}","{'v1': 'ink', 'v2': 'fork'}",neutral,
L3-44-00529-neutral,L3-44-00529,neutral,,,2,2,True,False,"{'v2': 1, 'v1': 2}","{'v1': 'fan', 'v2': 'moon'}",neutral,
L3-44-00530-neutral,L3-44-00530,neutral,,,2,2,True,False,"{'v2': 6, 'v1': 2}","{'v1': 'net', 'v2': 'sun'}",neutral,
L3-44-00531-neutral,L3-44-00531,neutral,,,8,8,True,False,"{'v2': 8, 'v1': 8}","{'v1': 'cloud', 'v2': 'sky'}",neutral,
L3-44-00532-neutral,L3-44-00532,neutral,,,0,0,True,False,"{'v2': 1, 'v1': 0}","{'v1': 'car', 'v2': 'pig'}",neutral,
L3-44-00533-neutral,L3-44-00533,neutral,,,9,9,True,False,"{'v2': 7, 'v1': 9}","{'v1': 'bread', 'v2': 'owl'}",neutral,
L3-44-00534-neutral,L3-44-00534,neutral,,,6,6,True,False,"{'v2': 1, 'v1': 6}","{'v1': 'star', 'v2': 'hat'}",neutral,
L3-44-00535-neutral,L3-44-00535,neutral,,,3,3,True,False,"{'v2': 0, 'v1': 3}","{'v1': 'river', 'v2': 'pear'}",neutral,
L3-44-00536-neutral,L3-44-00536,neutral,,,9,9,True,False,"{'v2': 8, 'v1': 9}","{'v1': 'fox', 'v2': 'jam'}",neutral,
L3-44-00537-neutral,L3-44-00537,neutral,,,0,0,True,False,"{'v2': 0, 'v1': 0}","{'v1': 'train', 'v2': 'star'}",neutral,
L3-44-00538-neutral,L3-44-00538,neutral,,,1,1,True,False,"{'v2': 3, 'v1': 1}","{'v1': 'sock', 'v2': 'pear'}",neutral,
L3-44-00539-neutral,L3-44-00539,neutral,,,3,3,True,False,"{'v2': 0, 'v1': 3}","{'v1': 'gem', 'v2': 'bus'}",neutral,
L3-44-00540-neutral,L3-44-00540,neutral,,,4,4,True,False,"{'v2': 2, 'v1': 4}","{'v1': 'horse', 'v2': 'ham'}",neutral,
L3-44-00541-neutral,L3-44-00541,neutral,,,0,0,True,False,"{'v2': 6, 'v1': 0}","{'v1': 'cap', 'v2': 'key'}",neutral,
L3-44-00542-neutral,L3-44-00542,neutral,,,8,8,True,False,"{'v2': 5, 'v1': 8}","{'v1': 'river', 'v2': 'cow'}",neutral,
L3-44-00543-neutral,L3-44-00543,neutral,,,5,5,True,False,"{'v2': 1, 'v1': 5}","{'v1': 'mouse', 'v2': 'net'}",neutral,
L3-44-00544-neutral,L3-44-00544,neutral,,,2,2,True,False,"{'v2': 0, 'v1': 2}","{'v1': 'river', 'v2': 'soup'}",neutral,
L3-44-00545-neutral,L3-44-00545,neutral,,,7,7,True,False,"{'v2': 1, 'v1': 7}","{'v1': 'rug', 'v2': 'sky'}",neutral,
L3-44-00546-neutral,L3-44-00546,neutral,,,9,9,True,False,"{'v2': 1, 'v1': 9}","{'v1': 'fork', 'v2': 'pear'}",neutral,
L3-44-00547-neutral,L3-44-00547,neutral,,,1,1,True,False,"{'v2': 6, 'v1': 1}","{'v1': 'cloud', 'v2': 'lid'}",neutral,
L3-44-00548-neutral,L3-44-00548,neutral,,,4,4,True,False,"{'v2': 5, 'v1': 4}","{'v1': 'cat', 'v2': 'moon'}",neutral,
L3-44-00549-neutral,L3-44-00549,neutral,,,5,5,True,False,"{'v2': 0, 'v1': 5}","{'v1': 'owl', 'v2': 'cow'}",neutral,
L3-44-00550-neutral,L3-44-00550,neutral,,,4,4,True,False,"{'v2': 5, 'v1': 4}","{'v1': 'leaf', 'v2': 'frog'}",neutral,
L3-44-00551-neutral,L3-44-00551,neutral,,,2,2,True,False,"{'v2': 0, 'v1': 2}","{'v1': 'bread', 'v2': 'tent'}",neutral,
L3-44-00552-neutral,L3-44-00552,neutral,,,1,1,True,False,"{'v2': 2, 'v1': 1}","{'v1': 'tent', 'v2': 'fork'}",neutral,
L3-44-00553-neutral,L3-44-00553,neutral,,,7,7,True,False,"{'v2': 1, 'v1': 7}","{'v1': 'apple', 'v2': 'bread'}",neutral,
L3-44-00554-neutral,L3-44-00554,neutral,,,7,7,True,False,"{'v2': 0, 'v1': 7}","{'v1': 'cake', 'v2': 'rug'}",neutral,
L3-44-00555-neutral,L3-44-00555,neutral,,,7,7,True,False,"{'v2': 1, 'v1': 7}","{'v1': 'desk', 'v2': 'map'}",neutral,
L3-44-00556-neutral,L3-44-00556,neutral,,,1,1,True,False,"{'v2': 7, 'v1': 1}","{'v1': 'roof', 'v2': 'car'}",neutral,
L3-44-00557-neutral,L3-44-00557,neutral,,,7,7,True,False,"{'v2': 2, 'v1': 7}","{'v1': 'fork', 'v2': 'rod'}",neutral,
L3-44-00558-neutral,L3-44-00558,neutral,,,4,4,True,False,"{'v2': 2, 'v1': 4}","{'v1': 'box', 'v2': 'owl'}",neutral,
L3-44-00559-neutral,L3-44-00559,neutral,,,4,4,True,False,"{'v2': 0, 'v1': 4}","{'v1': 'table', 'v2': 'truck'}",neutral,
L3-44-00560-neutral,L3-44-00560,neutral,,,5,5,True,False,"{'v2': 1, 'v1': 5}","{'v1': 'hill', 'v2': 'lake'}",neutral,
L3-44-00561-neutral,L3-44-00561,neutral,,,8,8,True,False,"{'v2': 1, 'v1': 8}","{'v1': 'hat', 'v2': 'lid'}",neutral,
L3-44-00562-neutral,L3-44-00562,neutral,,,5,5,True,False,"{'v2': 2, 'v1': 5}","{'v1': 'soap', 'v2': 'desk'}",neutral,
L3-44-00563-neutral,L3-44-00563,neutral,,,9,9,True,False,"{'v2': 7, 'v1': 9}","{'v1': 'fan', 'v2': 'lamp'}",neutral,
L3-44-00564-neutral,L3-44-00564,neutral,,,1,1,True,False,"{'v2': 1, 'v1': 1}","{'v1': 'river', 'v2': 'door'}",neutral,
L3-44-00565-neutral,L3-44-00565,neutral,,,2,2,True,False,"{'v2': 2, 'v1': 2}","{'v1': 'bus', 'v2': 'net'}",neutral,
L3-44-00566-neutral,L3-44-00566,neutral,,,7,7,True,False,"{'v2': 6, 'v1': 7}","{'v1': 'key', 'v2': 'truck'}",neutral,
L3-44-00567-neutral,L3-44-00567,neutral,,,0,0,True,False,"{'v2': 6, 'v1': 0}","{'v1': 'star', 'v2': 'water'}",neutral,
L3-44-00568-neutral,L3-44-00568,neutral,,,8,8,True,False,"{'v2': 6, 'v1': 8}","{'v1': 'train', 'v2': 'cap'}",neutral,
L3-44-00569-neutral,L3-44-00569,neutral,,,3,3,True,False,"{'v2': 0, 'v1': 3}","{'v1': 'cloud', 'v2': 'yard'}",neutral,
L3-44-00570-neutral,L3-44-00570,neutral,,,8,8,True,False,"{'v2': 0, 'v1': 8}","{'v1': 'cow', 'v2': 'soup'}",neutral,
L3-44-00571-neutral,L3-44-00571,neutral,,,1,1,True,False,"{'v2': 3, 'v1': 1}","{'v1': 'tent', 'v2': 'jar'}",neutral,
L3-44-00572-neutral,L3-44-00572,neutral,,,3,3,True,False,"{'v2': 1, 'v1': 3}","{'v1': 'dog', 'v2': 'cap'}",neutral,
L3-44-00573-neutral,L3-44-00573,neutral,,,7,7,True,False,"{'v2': 0, 'v1': 7}","{'v1': 'farm', 'v2': 'door'}",neutral,
L3-44-00574-neutral,L3-44-00574,neutral,,,7,7,True,False,"{'v2': 1, 'v1': 7}","{'v1': 'horse', 'v2': 'key'}",neutral,
L3-44-00575-neutral,L3-44-00575,neutral,,,5,5,True,False,"{'v2': 2, 'v1': 5}","{'v1': 'pear', 'v2': 'door'}",neutral,
L3-44-00576-neutral,L3-44-00576,neutral,,,1,1,True,False,"{'v2': 1, 'v1': 1}","{'v1': 'car', 'v2': 'sun'}",neutral,
L3-44-00577-neutral,L3-44-00577,neutral,,,2,2,True,False,"{'v2': 0, 'v1': 2}","{'v1': 'bed', 'v2': 'star'}",neutral,
L3-44-00578-neutral,L3-44-00578,neutral,,,1,1,True,False,"{'v2': 0, 'v1': 1}","{'v1': 'horse', 'v2': 'hill'}",neutral,
L3-44-00579-neutral,L3-44-00579,neutral,,,9,9,True,False,"{'v2': 2, 'v1': 9}","{'v1': 'rod', 'v2': 'sun'}",neutral,
L3-44-00580-neutral,L3-44-00580,neutral,,,4,4,True,False,"{'v2': 0, 'v1': 4}","{'v1': 'soap', 'v2': 'fish'}",neutral,
L3-44-00581-neutral,L3-44-00581,neutral,,,6,6,True,False,"{'v2': 1, 'v1': 6}","{'v1': 'jam', 'v2': 'pan'}",neutral,
L3-44-00582-neutral,L3-44-00582,neutral,,,9,9,True,False,"{'v2': 2, 'v1': 9}","{'v1': 'rod', 'v2': 'bag'}",neutral,
L3-44-00583-neutral,L3-44-00583,neutral,,,1,1,True,False,"{'v2': 5, 'v1': 1}","{'v1': 'sky', 'v2': 'cow'}",neutral,
L3-44-00584-neutral,L3-44-00584,neutral,,,4,4,True,False,"{'v2': 1, 'v1': 4}","{'v1': 'soap', 'v2': 'pig'}",neutral,
L3-44-00585-neutral,L3-44-00585,neutral,,,9,9,True,False,"{'v2': 0, 'v1': 9}","{'v1': 'table', 'v2': 'tent'}",neutral,
L3-44-00586-neutral,L3-44-00586,neutral,,,3,3,True,False,"{'v2': 6, 'v1': 3}","{'v1': 'net', 'v2': 'map'}",neutral,
L3-44-00587-neutral,L3-44-00587,neutral,,,0,0,True,False,"{'v2': 0, 'v1': 0}","{'v1': 'coat', 'v2': 'key'}",neutral,
L3-44-00588-neutral,L3-44-00588,neutral,,,8,8,True,False,"{'v2': 7, 'v1': 8}","{'v1': 'rod', 'v2': 'yard'}",neutral,
L3-44-00589-neutral,L3-44-00589,neutral,,,6,6,True,False,"{'v2': 1, 'v1': 6}","{'v1': 'cloud', 'v2': 'road'}",neutral,
L3-44-00590-neutral,L3-44-00590,neutral,,,5,5,True,False,"{'v2': 5, 'v1': 5}","{'v1': 'bed', 'v2': 'rod'}",neutral,
L3-44-00591-neutral,L3-44-00591,neutral,,,3,3,True,False,"{'v2': 1, 'v1': 3}","{'v1': 'pot', 'v2': 'mouse'}",neutral,
L3-44-00592-neutral,L3-44-00592,neutral,,,3,3,True,False,"{'v2': 0, 'v1': 3}","{'v1': 'salt', 'v2': 'wolf'}",neutral,
L3-44-00593-neutral,L3-44-00593,neutral,,,1,1,True,False,"{'v2': 6, 'v1': 1}","{'v1': 'pot', 'v2': 'star'}",neutral,
L3-44-00594-neutral,L3-44-00594,neutral,,,2,2,True,False,"{'v2': 2, 'v1': 2}","{'v1': 'shirt', 'v2': 'sky'}",neutral,
L3-44-00595-neutral,L3-44-00595,neutral,,,6,6,True,False,"{'v2': 1, 'v1': 6}","{'v1': 'rod', 'v2': 'star'}",neutral,
L3-44-00596-neutral,L3-44-00596,neutral,,,1,1,True,False,"{'v2': 6, 'v1': 1}","{'v1': 'jar', 'v2': 'ant'}",neutral,
L3-44-00597-neutral,L3-44-00597,neutral,,,4,4,True,False,"{'v2': 3, 'v1': 4}","{'v1': 'pan', 'v2': 'rag'}",neutral,
L3-44-00598-neutral,L3-44-00598,neutral,,,6,6,True,False,"{'v2': 5, 'v1': 6}","{'v1': 'yard', 'v2': 'boat'}",neutral,
L3-44-00599-neutral,L3-44-00599,neutral,,,0,0,True,False,"{'v2': 8, 'v1': 0}","{'v1': 'bed', 'v2': 'star'}",neutral,
L3-44-00600-neutral,L3-44-00600,neutral,,,0,0,True,False,"{'v2': 8, 'v1': 0}","{'v1': 'fox', 'v2': 'owl'}",neutral,
L3-44-00601-neutral,L3-44-00601,neutral,,,5,5,True,False,"{'v2': 1, 'v1': 5}","{'v1': 'roof', 'v2': 'owl'}",neutral,
L3-44-00602-neutral,L3-44-00602,neutral,,,3,3,True,False,"{'v2': 0, 'v1': 3}","{'v1': 'road', 'v2': 'pan'}",neutral,
L3-44-00603-neutral,L3-44-00603,neutral,,,9,9,True,False,"{'v2': 1, 'v1': 9}","{'v1': 'dog', 'v2': 'seed'}",neutral,
L3-44-00604-neutral,L3-44-00604,neutral,,,9,9,True,False,"{'v2': 7, 'v1': 9}","{'v1': 'hat', 'v2': 'cloud'}",neutral,
L3-44-00605-neutral,L3-44-00605,neutral,,,8,8,True,False,"{'v2': 2, 'v1': 8}","{'v1': 'ink', 'v2': 'truck'}",neutral,
L3-44-00606-neutral,L3-44-00606,neutral,,,6,6,True,False,"{'v2': 0, 'v1': 6}","{'v1': 'fish', 'v2': 'cap'}",neutral,
L3-44-00607-neutral,L3-44-00607,neutral,,,2,2,True,False,"{'v2': 1, 'v1': 2}","{'v1': 'roof', 'v2': 'bus'}",neutral,
L3-44-00608-neutral,L3-44-00608,neutral,,,4,4,True,False,"{'v2': 3, 'v1': 4}","{'v1': 'water', 'v2': 'desk'}",neutral,
L3-44-00609-neutral,L3-44-00609,neutral,,,2,2,True,False,"{'v2': 1, 'v1': 2}","{'v1': 'map', 'v2': 'door'}",neutral,
L3-44-00610-neutral,L3-44-00610,neutral,,,1,1,True,False,"{'v2': 6, 'v1': 1}","{'v1': 'cloud', 'v2': 'rug'}",neutral,
L3-44-00611-neutral,L3-44-00611,neutral,,,7,7,True,False,"{'v2': 5, 'v1': 7}","{'v1': 'tea', 'v2': 'pear'}",neutral,
L3-44-00612-neutral,L3-44-00612,neutral,,,9,9,True,False,"{'v2': 1, 'v1': 9}","{'v1': 'box', 'v2': 'ant'}",neutral,
L3-44-00613-neutral,L3-44-00613,neutral,,,9,9,True,False,"{'v2': 8, 'v1': 9}","{'v1': 'net', 'v2': 'shirt'}",neutral,
L3-44-00614-neutral,L3-44-00614,neutral,,,9,9,True,False,"{'v2': 1, 'v1': 9}","{'v1': 'bus', 'v2': 'chair'}",neutral,
L3-44-00615-neutral,L3-44-00615,neutral,,,7,7,True,False,"{'v2': 1, 'v1': 7}","{'v1': 'shirt', 'v2': 'nest'}",neutral,
L3-44-00616-neutral,L3-44-00616,neutral,,,9,9,True,False,"{'v2': 7, 'v1': 9}","{'v1': 'horse', 'v2': 'nest'}",neutral,
L3-44-00617-neutral,L3-44-00617,neutral,,,9,9,True,False,"{'v2': 0, 'v1': 9}","{'v1': 'toy', 'v2': 'roof'}",neutral,
L3-44-00618-neutral,L3-44-00618,neutral,,,5,5,True,False,"{'v2': 2, 'v1': 5}","{'v1': 'web', 'v2': 'egg'}",neutral,
L3-44-00619-neutral,L3-44-00619,neutral,,,1,1,True,False,"{'v2': 6, 'v1': 1}","{'v1': 'wheel', 'v2': 'map'}",neutral,
L3-44-00620-neutral,L3-44-00620,neutral,,,4,4,True,False,"{'v2': 0, 'v1': 4}","{'v1': 'wheel', 'v2': 'sun'}",neutral,
L3-44-00621-neutral,L3-44-00621,neutral,,,2,2,True,False,"{'v2': 6, 'v1': 2}","{'v1': 'toy', 'v2': 'bed'}",neutral,
L3-44-00622-neutral,L3-44-00622,neutral,,,9,9,True,False,"{'v2': 8, 'v1': 9}","{'v1': 'fig', 'v2': 'salt'}",neutral,
L3-44-00623-neutral,L3-44-00623,neutral,,,4,4,True,False,"{'v2': 0, 'v1': 4}","{'v1': 'bed', 'v2': 'ring'}",neutral,
L3-44-00624-neutral,L3-44-00624,neutral,,,9,9,True,False,"{'v2': 7, 'v1': 9}","{'v1': 'pear', 'v2': 'lamp'}",neutral,
L3-44-00625-neutral,L3-44-00625,neutral,,,8,8,True,False,"{'v2': 0, 'v1': 8}","{'v1': 'pot', 'v2': 'owl'}",neutral,
L3-44-00626-neutral,L3-44-00626,neutral,,,5,5,True,False,"{'v2': 0, 'v1': 5}","{'v1': 'roof', 'v2': 'sock'}",neutral,
L3-44-00627-neutral,L3-44-00627,neutral,,,9,9,True,False,"{'v2': 7, 'v1': 9}","{'v1': 'lake', 'v2': 'cloud'}",neutral,
L3-44-00628-neutral,L3-44-00628,neutral,,,4,4,True,False,"{'v2': 0, 'v1': 4}","{'v1': 'train', 'v2': 'key'}",neutral,
L3-44-00629-neutral,L3-44-00629,neutral,,,6,6,True,False,"{'v2': 3, 'v1': 6}","{'v1': 'nut', 'v2': 'horse'}",neutral,
L3-44-00630-neutral,L3-44-00630,neutral,,,5,5,True,False,"{'v2': 5, 'v1': 5}","{'v1': 'water', 'v2': 'fish'}",neutral,
L3-44-00631-neutral,L3-44-00631,neutral,,,7,7,True,False,"{'v2': 0, 'v1': 7}","{'v1': 'tent', 'v2': 'tea'}",neutral,
L3-44-00632-neutral,L3-44-00632,neutral,,,2,2,True,False,"{'v2': 1, 'v1': 2}","{'v1': 'key', 'v2': 'pot'}",neutral,
L3-44-00633-neutral,L3-44-00633,neutral,,,1,1,True,False,"{'v2': 1, 'v1': 1}","{'v1': 'bread', 'v2': 'cloud'}",neutral,
L3-44-00634-neutral,L3-44-00634,neutral,,,0,0,True,False,"{'v2': 1, 'v1': 0}","{'v1': 'horse', 'v2': 'ink'}",neutral,
L3-44-00635-neutral,L3-44-00635,neutral,,,0,0,True,False,"{'v2': 9, 'v1': 0}","{'v1': 'ant', 'v2': 'bin'}",neutral,
L3-44-00636-neutral,L3-44-00636,neutral,,,2,2,True,False,"{'v2': 6, 'v1': 2}","{'v1': 'yard', 'v2': 'soap'}",neutral,
L3-44-00637-neutral,L3-44-00637,neutral,,,9,9,True,False,"{'v2': 8, 'v1': 9}","{'v1': 'nut', 'v2': 'map'}",neutral,
L3-44-00638-neutral,L3-44-00638,neutral,,,4,4,True,False,"{'v2': 1, 'v1': 4}","{'v1': 'fig', 'v2': 'cat'}",neutral,
L3-44-00639-neutral,L3-44-00639,neutral,,,5,5,True,False,"{'v2': 1, 'v1': 5}","{'v1': 'gem', 'v2': 'fish'}",neutral,
L3-44-00640-neutral,L3-44-00640,neutral,,,8,8,True,False,"{'v2': 5, 'v1': 8}","{'v1': 'soup', 'v2': 'cap'}",neutral,
L3-44-00641-neutral,L3-44-00641,neutral,,,0,0,True,False,"{'v2': 8, 'v1': 0}","{'v1': 'lid', 'v2': 'lake'}",neutral,
L3-44-00642-neutral,L3-44-00642,neutral,,,4,4,True,False,"{'v2': 3, 'v1': 4}","{'v1': 'hat', 'v2': 'rod'}",neutral,
L3-44-00643-neutral,L3-44-00643,neutral,,,3,3,True,False,"{'v2': 1, 'v1': 3}","{'v1': 'cloud', 'v2': 'table'}",neutral,
L3-44-00644-neutral,L3-44-00644,neutral,,,7,7,True,False,"{'v2': 1, 'v1': 7}","{'v1': 'coat', 'v2': 'fig'}",neutral,
L3-44-00645-neutral,L3-44-00645,neutral,,,2,2,True,False,"{'v2': 2, 'v1': 2}","{'v1': 'water', 'v2': 'tent'}",neutral,
L3-44-00646-neutral,L3-44-00646,neutral,,,2,2,True,False,"{'v2': 0, 'v1': 2}","{'v1': 'table', 'v2': 'ring'}",neutral,
L3-44-00647-neutral,L3-44-00647,neutral,,,9,9,True,False,"{'v2': 0, 'v1': 9}","{'v1': 'lamp', 'v2': 'car'}",neutral,
L3-44-00648-neutral,L3-44-00648,neutral,,,5,5,True,False,"{'v2': 0, 'v1': 5}","{'v1': 'salt', 'v2': 'web'}",neutral,
L3-44-00649-neutral,L3-44-00649,neutral,,,4,4,True,False,"{'v2': 2, 'v1': 4}","{'v1': 'sun', 'v2': 'cake'}",neutral,
L3-44-00650-neutral,L3-44-00650,neutral,,,0,0,True,False,"{'v2': 6, 'v1': 0}","{'v1': 'bus', 'v2': 'fox'}",neutral,
L3-44-00651-neutral,L3-44-00651,neutral,,,7,7,True,False,"{'v2': 2, 'v1': 7}","{'v1': 'moon', 'v2': 'tent'}",neutral,
L3-44-00652-neutral,L3-44-00652,neutral,,,4,4,True,False,"{'v2': 1, 'v1': 4}","{'v1': 'leaf', 'v2': 'train'}",neutral,
L3-44-00653-neutral,L3-44-00653,neutral,,,1,1,True,False,"{'v2': 6, 'v1': 1}","{'v1': 'tent', 'v2': 'dog'}",neutral,
L3-44-00654-neutral,L3-44-00654,neutral,,,1,1,True,False,"{'v2': 6, 'v1': 1}","{'v1': 'pig', 'v2': 'sock'}",neutral,
L3-44-00655-neutral,L3-44-00655,neutral,,,6,6,True,False,"{'v2': 1, 'v1': 6}","{'v1': 'hill', 'v2': 'star'}",neutral,
L3-44-00656-neutral,L3-44-00656,neutral,,,7,7,True,False,"{'v2': 2, 'v1': 7}","{'v1': 'book', 'v2': 'box'}",neutral,
L3-44-00657-neutral,L3-44-00657,neutral,,,1,1,True,False,"{'v2': 7, 'v1': 1}","{'v1': 'cap', 'v2': 'train'}",neutral,
L3-44-00658-neutral,L3-44-00658,neutral,,,4,4,True,False,"{'v2': 1, 'v1': 4}","{'v1': 'hat', 'v2': 'map'}",neutral,
L3-44-00659-neutral,L3-44-00659,neutral,,,9,9,True,False,"{'v2': 3, 'v1': 9}","{'v1': 'boat', 'v2': 'ink'}",neutral,
L3-44-00660-neutral,L3-44-00660,neutral,,,2,2,True,False,"{'v2': 7, 'v1': 2}","{'v1': 'sock', 'v2': 'book'}",neutral,
L3-44-00661-neutral,L3-44-00661,neutral,,,9,9,True,False,"{'v2': 5, 'v1': 9}","{'v1': 'ham', 'v2': 'ring'}",neutral,
L3-44-00662-neutral,L3-44-00662,neutral,,,3,3,True,False,"{'v2': 5, 'v1': 3}","{'v1': 'water', 'v2': 'egg'}",neutral,
L3-44-00663-neutral,L3-44-00663,neutral,,,1,1,True,False,"{'v2': 1, 'v1': 1}","{'v1': 'bread', 'v2': 'apple'}",neutral,
L3-44-00664-neutral,L3-44-00664,neutral,,,1,1,True,False,"{'v2': 5, 'v1': 1}","{'v1': 'tea', 'v2': 'lake'}",neutral,
L3-44-00665-neutral,L3-44-00665,neutral,,,9,9,True,False,"{'v2': 5, 'v1': 9}","{'v1': 'lamp', 'v2': 'yard'}",neutral,
L3-44-00666-neutral,L3-44-00666,neutral,,,0,0,True,False,"{'v2': 6, 'v1': 0}","{'v1': 'fish', 'v2': 'bread'}",neutral,
L3-44-00667-neutral,L3-44-00667,neutral,,,4,4,True,False,"{'v2': 2, 'v1': 4}","{'v1': 'table', 'v2': 'ant'}",neutral,
L3-44-00668-neutral,L3-44-00668,neutral,,,4,4,True,False,"{'v2': 5, 'v1': 4}","{'v1': 'jar', 'v2': 'moon'}",neutral,
L3-44-00669-neutral,L3-44-00669,neutral,,,4,4,True,False,"{'v2': 2, 'v1': 4}","{'v1': 'water', 'v2': 'pig'}",neutral,
L3-44-00670-neutral,L3-44-00670,neutral,,,3,3,True,False,"{'v2': 3, 'v1': 3}","{'v1': 'sun', 'v2': 'boat'}",neutral,
L3-44-00671-neutral,L3-44-00671,neutral,,,3,3,True,False,"{'v2': 0, 'v1': 3}","{'v1': 'shirt', 'v2': 'star'}",neutral,
L3-44-00672-neutral,L3-44-00672,neutral,,,9,9,True,False,"{'v2': 7, 'v1': 9}","{'v1': 'frog', 'v2': 'salt'}",neutral,
L3-44-00673-neutral,L3-44-00673,neutral,,,9,9,True,False,"{'v2': 1, 'v1': 9}","{'v1': 'truck', 'v2': 'nut'}",neutral,
L3-44-00674-neutral,L3-44-00674,neutral,,,0,0,True,False,"{'v2': 2, 'v1': 0}","{'v1': 'sock', 'v2': 'fish'}",neutral,
L3-44-00675-neutral,L3-44-00675,neutral,,,8,8,True,False,"{'v2': 2, 'v1': 8}","{'v1': 'bin', 'v2': 'horse'}",neutral,
L3-44-00676-neutral,L3-44-00676,neutral,,,9,9,True,False,"{'v2': 2, 'v1': 9}","{'v1': 'jam', 'v2': 'nest'}",neutral,
L3-44-00677-neutral,L3-44-00677,neutral,,,5,5,True,False,"{'v2': 1, 'v1': 5}","{'v1': 'tea', 'v2': 'bed'}",neutral,
L3-44-00678-neutral,L3-44-00678,neutral,,,8,8,True,False,"{'v2': 0, 'v1': 8}","{'v1': 'soap', 'v2': 'book'}",neutral,
L3-44-00679-neutral,L3-44-00679,neutral,,,8,8,True,False,"{'v2': 1, 'v1': 8}","{'v1': 'fig', 'v2': 'wolf'}",neutral,
L3-44-00680-neutral,L3-44-00680,neutral,,,8,8,True,False,"{'v2': 1, 'v1': 8}","{'v1': 'lid', 'v2': 'fish'}",neutral,
L3-44-00681-neutral,L3-44-00681,neutral,,,0,0,True,False,"{'v2': 9, 'v1': 0}","{'v1': 'rug', 'v2': 'nest'}",neutral,
L3-44-00682-neutral,L3-44-00682,neutral,,,9,9,True,False,"{'v2': 5, 'v1': 9}","{'v1': 'key', 'v2': 'chair'}",neutral,
L3-44-00683-neutral,L3-44-00683,neutral,,,5,5,True,False,"{'v2': 1, 'v1': 5}","{'v1': 'bed', 'v2': 'car'}",neutral,
L3-44-00684-neutral,L3-44-00684,neutral,,,5,4,False,False,"{'v2': 0, 'v1': 5}","{'v1': 'car', 'v2': 'jam'}",neutral,
L3-44-00685-neutral,L3-44-00685,neutral,,,1,1,True,False,"{'v2': 1, 'v1': 1}","{'v1': 'mouse', 'v2': 'nut'}",neutral,
L3-44-00686-neutral,L3-44-00686,neutral,,,2,2,True,False,"{'v2': 0, 'v1': 2}","{'v1': 'pig', 'v2': 'desk'}",neutral,
L3-44-00687-neutral,L3-44-00687,neutral,,,9,9,True,False,"{'v2': 0, 'v1': 9}","{'v1': 'river', 'v2': 'desk'}",neutral,
L3-44-00688-neutral,L3-44-00688,neutral,,,8,8,True,False,"{'v2': 1, 'v1': 8}","{'v1': 'cow', 'v2': 'bread'}",neutral,
L3-44-00689-neutral,L3-44-00689,neutral,,,7,7,True,False,"{'v2': 6, 'v1': 7}","{'v1': 'road', 'v2': 'seed'}",neutral,
L3-44-00690-neutral,L3-44-00690,neutral,,,7,7,True,False,"{'v2': 5, 'v1': 7}","{'v1': 'chair', 'v2': 'bed'}",neutral,
L3-44-00691-neutral,L3-44-00691,neutral,,,9,9,True,False,"{'v2': 8, 'v1': 9}","{'v1': 'boat', 'v2': 'frog'}",neutral,
L3-44-00692-neutral,L3-44-00692,neutral,,,6,6,True,False,"{'v2': 1, 'v1': 6}","{'v1': 'cloud', 'v2': 'mouse'}",neutral,
L3-44-00693-neutral,L3-44-00693,neutral,,,3,3,True,False,"{'v2': 5, 'v1': 3}","{'v1': 'mouse', 'v2': 'ship'}",neutral,
L3-44-00694-neutral,L3-44-00694,neutral,,,7,7,True,False,"{'v2': 0, 'v1': 7}","{'v1': 'lid', 'v2': 'pear'}",neutral,
L3-44-00695-neutral,L3-44-00695,neutral,,,1,1,True,False,"{'v2': 1, 'v1': 1}","{'v1': 'lamp', 'v2': 'chair'}",neutral,
L3-44-00696-neutral,L3-44-00696,neutral,,,4,4,True,False,"{'v2': 2, 'v1': 4}","{'v1': 'cap', 'v2': 'jam'}",neutral,
L3-44-00697-neutral,L3-44-00697,neutral,,,1,1,True,False,"{'v2': 1, 'v1': 1}","{'v1': 'leaf', 'v2': 'nest'}",neutral,
L3-44-00698-neutral,L3-44-00698,neutral,,,7,7,True,False,"{'v2': 1, 'v1': 7}","{'v1': 'cap', 'v2': 'roof'}",neutral,
L3-44-00699-neutral,L3-44-00699,neutral,,,7,7,True,False,"{'v2': 1, 'v1': 7}","{'v1': 'map', 'v2': 'cake'}",neutral,
L3-44-00700-neutral,L3-44-00700,neutral,,,7,7,True,False,"{'v2': 7, 'v1': 7}","{'v1': 'bus', 'v2': 'bread'}",neutral,
L3-44-00701-neutral,L3-44-00701,neutral,,,4,4,True,False,"{'v2': 1, 'v1': 4}","{'v1': 'rug', 'v2': 'shirt'}",neutral,
L3-44-00702-neutral,L3-44-00702,neutral,,,7,7,True,False,"{'v2': 1, 'v1': 7}","{'v1': 'bin', 'v2': 'bread'}",neutral,
L3-44-00703-neutral,L3-44-00703,neutral,,,0,0,True,False,"{'v2': 1, 'v1': 0}","{'v1': 'bus', 'v2': 'bed'}",neutral,
L3-44-00704-neutral,L3-44-00704,neutral,,,8,8,True,False,"{'v2': 5, 'v1': 8}","{'v1': 'fork', 'v2': 'rag'}",neutral,
L3-44-00705-neutral,L3-44-00705,neutral,,,0,0,True,False,"{'v2': 6, 'v1': 0}","{'v1': 'boat', 'v2': 'bin'}",neutral,
L3-44-00706-neutral,L3-44-00706,neutral,,,5,5,True,False,"{'v2': 5, 'v1': 5}","{'v1': 'apple', 'v2': 'soap'}",neutral,
L3-44-00707-neutral,L3-44-00707,neutral,,,5,5,True,False,"{'v2': 1, 'v1': 5}","{'v1': 'car', 'v2': 'door'}",neutral,
L3-44-00708-neutral,L3-44-00708,neutral,,,6,6,True,False,"{'v2': 1, 'v1': 6}","{'v1': 'leaf', 'v2': 'net'}",neutral,
L3-44-00709-neutral,L3-44-00709,neutral,,,1,1,True,False,"{'v2': 0, 'v1': 1}","{'v1': 'owl', 'v2': 'ship'}",neutral,
L3-44-00710-neutral,L3-44-00710,neutral,,,2,2,True,False,"{'v2': 1, 'v1': 2}","{'v1': 'bin', 'v2': 'ham'}",neutral,
L3-44-00711-neutral,L3-44-00711,neutral,,,6,6,True,False,"{'v2': 0, 'v1': 6}","{'v1': 'chair', 'v2': 'apple'}",neutral,
L3-44-00712-neutral,L3-44-00712,neutral,,,3,3,True,False,"{'v2': 1, 'v1': 3}","{'v1': 'wolf', 'v2': 'fish'}",neutral,
L3-44-00713-neutral,L3-44-00713,neutral,,,3,3,True,False,"{'v2': 2, 'v1': 3}","{'v1': 'jar', 'v2': 'door'}",neutral,
L3-44-00714-neutral,L3-44-00714,neutral,,,9,9,True,False,"{'v2': 7, 'v1': 9}","{'v1': 'horse', 'v2': 'leaf'}",neutral,
L3-44-00715-neutral,L3-44-00715,neutral,,,8,8,True,False,"{'v2': 1, 'v1': 8}","{'v1': 'truck', 'v2': 'rod'}",neutral,
L3-44-00716-neutral,L3-44-00716,neutral,,,4,4,True,False,"{'v2': 2, 'v1': 4}","{'v1': 'jar', 'v2': 'cat'}",neutral,
L3-44-00717-neutral,L3-44-00717,neutral,,,9,9,True,False,"{'v2': 8, 'v1': 9}","{'v1': 'bread', 'v2': 'rod'}",neutral,
L3-44-00718-neutral,L3-44-00718,neutral,,,3,3,True,False,"{'v2': 1, 'v1': 3}","{'v1': 'ship', 'v2': 'hat'}",neutral,
L3-44-00719-neutral,L3-44-00719,neutral,,,0,-2,False,False,"{'v2': 0, 'v1': 0}","{'v1': 'salt', 'v2': 'soup'}",neutral,
L3-44-00720-neutral,L3-44-00720,neutral,,,4,4,True,False,"{'v2': 1, 'v1': 4}","{'v1': 'sky', 'v2': 'roof'}",neutral,
L3-44-00721-neutral,L3-44-00721,neutral,,,2,2,True,False,"{'v2': 5, 'v1': 2}","{'v1': 'truck', 'v2': 'hat'}",neutral,
L3-44-00722-neutral,L3-44-00722,neutral,,,5,5,True,False,"{'v2': 3, 'v1': 5}","{'v1': 'tent', 'v2': 'bus'}",neutral,
L3-44-00723-neutral,L3-44-00723,neutral,,,5,4,False,False,"{'v2': 0, 'v1': 5}","{'v1': 'wheel', 'v2': 'cloud'}",neutral,
L3-44-00724-neutral,L3-44-00724,neutral,,,8,8,True,False,"{'v2': 2, 'v1': 8}","{'v1': 'moon', 'v2': 'dog'}",neutral,
L3-44-00725-neutral,L3-44-00725,neutral,,,4,4,True,False,"{'v2': 3, 'v1': 4}","{'v1': 'web', 'v2': 'yard'}",neutral,
L3-44-00726-neutral,L3-44-00726,neutral,,,7,7,True,False,"{'v2': 5, 'v1': 7}","{'v1': 'desk', 'v2': 'hill'}",neutral,
L3-44-00727-neutral,L3-44-00727,neutral,,,5,5,True,False,"{'v2': 5, 'v1': 5}","{'v1': 'truck', 'v2': 'fox'}",neutral,
L3-44-00728-neutral,L3-44-00728,neutral,,,2,2,True,False,"{'v2': 2, 'v1': 2}","{'v1': 'leaf', 'v2': 'pan'}",neutral,
L3-44-00729-neutral,L3-44-00729,neutral,,,9,9,True,False,"{'v2': 0, 'v1': 9}","{'v1': 'pig', 'v2': 'door'}",neutral,
L3-44-00730-neutral,L3-44-00730,neutral,,,3,3,True,False,"{'v2': 6, 'v1': 3}","{'v1': 'van', 'v2': 'train'}",neutral,
L3-44-00731-neutral,L3-44-00731,neutral,,,4,4,True,False,"{'v2': 5, 'v1': 4}","{'v1': 'egg', 'v2': 'bus'}",neutral,
L3-44-00732-neutral,L3-44-00732,neutral,,,6,6,True,False,"{'v2': 1, 'v1': 6}","{'v1': 'nut', 'v2': 'ham'}",neutral,
L3-44-00733-neutral,L3-44-00733,neutral,,,8,8,True,False,"{'v2': 5, 'v1': 8}","{'v1': 'pot', 'v2': 'bus'}",neutral,
L3-44-00734-neutral,L3-44-00734,neutral,,,3,3,True,False,"{'v2': 1, 'v1': 3}","{'v1': 'fig', 'v2': 'frog'}",neutral,
L3-44-00735-neutral,L3-44-00735,neutral,,,1,-1,False,False,"{'v2': 6, 'v1': 1}","{'v1': 'seed', 'v2': 'wolf'}",neutral,
L3-44-00736-neutral,L3-44-00736,neutral,,,0,0,True,False,"{'v2': 2, 'v1': 0}","{'v1': 'hill', 'v2': 'lid'}",neutral,
L3-44-00737-neutral,L3-44-00737,neutral,,,3,3,True,False,"{'v2': 2, 'v1': 3}","{'v1': 'pot', 'v2': 'hat'}",neutral,
L3-44-00738-neutral,L3-44-00738,neutral,,,2,2,True,False,"{'v2': 2, 'v1': 2}","{'v1': 'jam', 'v2': 'lid'}",neutral,
L3-44-00739-neutral,L3-44-00739,neutral,,,5,5,True,False,"{'v2': 0, 'v1': 5}","{'v1': 'sock', 'v2': 'tea'}",neutral,
L3-44-00740-neutral,L3-44-00740,neutral,,,7,7,True,False,"{'v2': 1, 'v1': 7}","{'v1': 'bed', 'v2': 'sky'}",neutral,
L3-44-00741-neutral,L3-44-00741,neutral,,,0,0,True,False,"{'v2': 5, 'v1': 0}","{'v1': 'rug', 'v2': 'ring'}",neutral,
L3-44-00742-neutral,L3-44-00742,neutral,,,0,0,True,False,"{'v2': 1, 'v1': 0}","{'v1': 'ham', 'v2': 'coat'}",neutral,
L3-44-00743-neutral,L3-44-00743,neutral,,,9,9,True,False,"{'v2': 1, 'v1': 9}","{'v1': 'cat', 'v2': 'bin'}",neutral,
L3-44-00744-neutral,L3-44-00744,neutral,,,4,4,True,False,"{'v2': 5, 'v1': 4}","{'v1': 'mouse', 'v2': 'salt'}",neutral,
L3-44-00745-neutral,L3-44-00745,neutral,,,0,0,True,False,"{'v2': 5, 'v1': 0}","{'v1': 'tea', 'v2': 'ink'}",neutral,
L3-44-00746-neutral,L3-44-00746,neutral,,,5,5,True,False,"{'v2': 0, 'v1': 5}","{'v1': 'net', 'v2': 'table'}",neutral,
L3-44-00747-neutral,L3-44-00747,neutral,,,0,0,True,False,"{'v2': 1, 'v1': 0}","{'v1': 'moon', 'v2': 'egg'}",neutral,
L3-44-00748-neutral,L3-44-00748,neutral,,,1,1,True,False,"{'v2': 1, 'v1': 1}","{'v1': 'train', 'v2': 'door'}",neutral,
L3-44-00749-neutral,L3-44-00749,neutral,,,5,5,True,False,"{'v2': 1, 'v1': 5}","{'v1': 'bed', 'v2': 'tea'}",neutral,
L3-44-00750-neutral,L3-44-00750,neutral,,,8,8,True,False,"{'v2': 3, 'v1': 8}","{'v1': 'lamp', 'v2': 'soap'}",neutral,
L3-44-00751-neutral,L3-44-00751,neutral,,,1,1,True,False,"{'v2': 0, 'v1': 1}","{'v1': 'net', 'v2': 'map'}",neutral,
L3-44-00752-neutral,L3-44-00752,neutral,,,1,1,True,False,"{'v2': 2, 'v1': 1}","{'v1': 'sun', 'v2': 'ship'}",neutral,
L3-44-00753-neutral,L3-44-00753,neutral,,,1,1,True,False,"{'v2': 0, 'v1': 1}","{'v1': 'star', 'v2': 'fox'}",neutral,
L3-44-00754-neutral,L3-44-00754,neutral,,,2,2,True,False,"{'v2': 2, 'v1': 2}","{'v1': 'horse', 'v2': 'bed'}",neutral,
L3-44-00755-neutral,L3-44-00755,neutral,,,6,6,True,False,"{'v2': 0, 'v1': 6}","{'v1': 'farm', 'v2': 'bread'}",neutral,
L3-44-00756-neutral,L3-44-00756,neutral,,,6,6,True,False,"{'v2': 1, 'v1': 6}","{'v1': 'pear', 'v2': 'frog'}",neutral,
L3-44-00757-neutral,L3-44-00757,neutral,,,9,9,True,False,"{'v2': 1, 'v1': 9}","{'v1': 'mouse', 'v2': 'ham'}",neutral,
L3-44-00758-neutral,L3-44-00758,neutral,,,3,3,True,False,"{'v2': 2, 'v1': 3}","{'v1': 'car', 'v2': 'bee'}",neutral,
L3-44-00759-neutral,L3-44-00759,neutral,,,5,5,True,False,"{'v2': 0, 'v1': 5}","{'v1': 'dog', 'v2': 'table'}",neutral,
L3-44-00760-neutral,L3-44-00760,neutral,,,2,2,True,False,"{'v2': 5, 'v1': 2}","{'v1': 'bag', 'v2': 'fish'}",neutral,
L3-44-00761-neutral,L3-44-00761,neutral,,,4,4,True,False,"{'v2': 3, 'v1': 4}","{'v1': 'fan', 'v2': 'salt'}",neutral,
L3-44-00762-neutral,L3-44-00762,neutral,,,2,2,True,False,"{'v2': 6, 'v1': 2}","{'v1': 'apple', 'v2': 'toy'}",neutral,
L3-44-00763-neutral,L3-44-00763,neutral,,,3,3,True,False,"{'v2': 1, 'v1': 3}","{'v1': 'cake', 'v2': 'tea'}",neutral,
L3-44-00764-neutral,L3-44-00764,neutral,,,7,7,True,False,"{'v2': 1, 'v1': 7}","{'v1': 'pear', 'v2': 'pot'}",neutral,
L3-44-00765-neutral,L3-44-00765,neutral,,,8,8,True,False,"{'v2': 7, 'v1': 8}","{'v1': 'book', 'v2': 'bed'}",neutral,
L3-44-00766-neutral,L3-44-00766,neutral,,,5,5,True,False,"{'v2': 1, 'v1': 5}","{'v1': 'cap', 'v2': 'shirt'}",neutral,
L3-44-00767-neutral,L3-44-00767,neutral,,,7,7,True,False,"{'v2': 1, 'v1': 7}","{'v1': 'star', 'v2': 'fish'}",neutral,
L3-44-00768-neutral,L3-44-00768,neutral,,,1,1,True,False,"{'v2': 1, 'v1': 1}","{'v1': 'water', 'v2': 'river'}",neutral,
L3-44-00769-neutral,L3-44-00769,neutral,,,7,7,True,False,"{'v2': 5, 'v1': 7}","{'v1': 'bed', 'v2': 'table'}",neutral,
L3-44-00770-neutral,L3-44-00770,neutral,,,8,8,True,False,"{'v2': 1, 'v1': 8}","{'v1': 'jar', 'v2': 'sky'}",neutral,
L3-44-00771-neutral,L3-44-00771,neutral,,,2,2,True,False,"{'v2': 0, 'v1': 2}","{'v1': 'wolf', 'v2': 'jam'}",neutral,
L3-44-00772-neutral,L3-44-00772,neutral,,,7,7,True,False,"{'v2': 1, 'v1': 7}","{'v1': 'nut', 'v2': 'van'}",neutral,
L3-44-00773-neutral,L3-44-00773,neutral,,,9,9,True,False,"{'v2': 2, 'v1': 9}","{'v1': 'bread', 'v2': 'cow'}",neutral,
L3-44-00774-neutral,L3-44-00774,neutral,,,9,9,True,False,"{'v2': 0, 'v1': 9}","{'v1': 'lid', 'v2': 'table'}",neutral,
L3-44-00775-neutral,L3-44-00775,neutral,,,7,8,False,False,"{'v2': 0, 'v1': 7}","{'v1': 'table', 'v2': 'moon'}",neutral,
L3-44-00776-neutral,L3-44-00776,neutral,,,3,3,True,False,"{'v2': 6, 'v1': 3}","{'v1': 'sky', 'v2': 'pig'}",neutral,
L3-44-00777-neutral,L3-44-00777,neutral,,,6,6,True,False,"{'v2': 5, 'v1': 6}","{'v1': 'seed', 'v2': 'nut'}",neutral,
L3-44-00778-neutral,L3-44-00778,neutral,,,2,2,True,False,"{'v2': 5, 'v1': 2}","{'v1': 'owl', 'v2': 'ham'}",neutral,
L3-44-00779-neutral,L3-44-00779,neutral,,,7,7,True,False,"{'v2': 1, 'v1': 7}","{'v1': 'lamp', 'v2': 'fig'}",neutral,
L3-44-00780-neutral,L3-44-00780,neutral,,,8,6,False,False,"{'v2': 6, 'v1': 8}","{'v1': 'pan', 'v2': 'sky'}",neutral,
L3-44-00781-neutral,L3-44-00781,neutral,,,4,4,True,False,"{'v2': 0, 'v1': 4}","{'v1': 'jam', 'v2': 'roof'}",neutral,
L3-44-00782-neutral,L3-44-00782,neutral,,,1,1,True,False,"{'v2': 6, 'v1': 1}","{'v1': 'frog', 'v2': 'tea'}",neutral,
L3-44-00783-neutral,L3-44-00783,neutral,,,8,0,False,False,"{'v2': 0, 'v1': 8}","{'v1': 'van', 'v2': 'pear'}",neutral,
L3-44-00784-neutral,L3-44-00784,neutral,,,4,4,True,False,"{'v2': 1, 'v1': 4}","{'v1': 'bee', 'v2': 'water'}",neutral,
L3-44-00785-neutral,L3-44-00785,neutral,,,6,6,True,False,"{'v2': 5, 'v1': 6}","{'v1': 'egg', 'v2': 'mouse'}",neutral,
L3-44-00786-neutral,L3-44-00786,neutral,,,5,5,True,False,"{'v2': 2, 'v1': 5}","{'v1': 'fan', 'v2': 'fish'}",neutral,
L3-44-00787-neutral,L3-44-00787,neutral,,,5,5,True,False,"{'v2': 1, 'v1': 5}","{'v1': 'lake', 'v2': 'cloud'}",neutral,
L3-44-00788-neutral,L3-44-00788,neutral,,,9,9,True,False,"{'v2': 7, 'v1': 9}","{'v1': 'pig', 'v2': 'jar'}",neutral,
L3-44-00789-neutral,L3-44-00789,neutral,,,3,3,True,False,"{'v2': 1, 'v1': 3}","{'v1': 'dog', 'v2': 'pear'}",neutral,
L3-44-00790-neutral,L3-44-00790,neutral,,,4,4,True,False,"{'v2': 1, 'v1': 4}","{'v1': 'bus', 'v2': 'cow'}",neutral,
L3-44-00791-neutral,L3-44-00791,neutral,,,5,5,True,False,"{'v2': 0, 'v1': 5}","{'v1': 'boat', 'v2': 'bread'}",neutral,
L3-44-00792-neutral,L3-44-00792,neutral,,,3,3,True,False,"{'v2': 0, 'v1': 3}","{'v1': 'farm', 'v2': 'table'}",neutral,
L3-44-00793-neutral,L3-44-00793,neutral,,,8,8,True,False,"{'v2': 8, 'v1': 8}","{'v1': 'farm', 'v2': 'frog'}",neutral,
L3-44-00794-neutral,L3-44-00794,neutral,,,7,7,True,False,"{'v2': 0, 'v1': 7}","{'v1': 'rod', 'v2': 'fox'}",neutral,
L3-44-00795-neutral,L3-44-00795,neutral,,,4,4,True,False,"{'v2': 1, 'v1': 4}","{'v1': 'van', 'v2': 'web'}",neutral,
L3-44-00796-neutral,L3-44-00796,neutral,,,7,7,True,False,"{'v2': 1, 'v1': 7}","{'v1': 'desk', 'v2': 'map'}",neutral,
L3-44-00797-neutral,L3-44-00797,neutral,,,5,5,True,False,"{'v2': 3, 'v1': 5}","{'v1': 'fish', 'v2': 'pear'}",neutral,
L3-44-00798-neutral,L3-44-00798,neutral,,,6,6,True,False,"{'v2': 0, 'v1': 6}","{'v1': 'ink', 'v2': 'rag'}",neutral,
L3-44-00799-neutral,L3-44-00799,neutral,,,0,0,True,False,"{'v2': 7, 'v1': 0}","{'v1': 'roof', 'v2': 'lake'}",neutral,
L3-44-00800-neutral,L3-44-00800,neutral,,,9,9,True,False,"{'v2': 2, 'v1': 9}","{'v1': 'moon', 'v2': 'water'}",neutral,
L3-44-00801-neutral,L3-44-00801,neutral,,,6,6,True,False,"{'v2': 3, 'v1': 6}","{'v1': 'soup', 'v2': 'map'}",neutral,
L3-44-00802-neutral,L3-44-00802,neutral,,,9,9,True,False,"{'v2': 7, 'v1': 9}","{'v1': 'ham', 'v2': 'river'}",neutral,
L3-44-00803-neutral,L3-44-00803,neutral,,,2,2,True,False,"{'v2': 0, 'v1': 2}","{'v1': 'bus', 'v2': 'hat'}",neutral,
L3-44-00804-neutral,L3-44-00804,neutral,,,8,8,True,False,"{'v2': 1, 'v1': 8}","{'v1': 'farm', 'v2': 'bin'}",neutral,
L3-44-00805-neutral,L3-44-00805,neutral,,,8,8,True,False,"{'v2': 5, 'v1': 8}","{'v1': 'car', 'v2': 'gem'}",neutral,
L3-44-00806-neutral,L3-44-00806,neutral,,,0,0,True,False,"{'v2': 6, 'v1': 0}","{'v1': 'cap', 'v2': 'tent'}",neutral,
L3-44-00807-neutral,L3-44-00807,neutral,,,5,5,True,False,"{'v2': 5, 'v1': 5}","{'v1': 'pear', 'v2': 'salt'}",neutral,
L3-44-00808-neutral,L3-44-00808,neutral,,,9,9,True,False,"{'v2': 7, 'v1': 9}","{'v1': 'yard', 'v2': 'boat'}",neutral,
L3-44-00809-neutral,L3-44-00809,neutral,,,2,2,True,False,"{'v2': 1, 'v1': 2}","{'v1': 'horse', 'v2': 'roof'}",neutral,
L3-44-00810-neutral,L3-44-00810,neutral,,,2,2,True,False,"{'v2': 2, 'v1': 2}","{'v1': 'sun', 'v2': 'nut'}",neutral,
L3-44-00811-neutral,L3-44-00811,neutral,,,3,3,True,False,"{'v2': 0, 'v1': 3}","{'v1': 'star', 'v2': 'shirt'}",neutral,
L3-44-00812-neutral,L3-44-00812,neutral,,,8,8,True,False,"{'v2': 7, 'v1': 8}","{'v1': 'soap', 'v2': 'door'}",neutral,
L3-44-00813-neutral,L3-44-00813,neutral,,,8,8,True,False,"{'v2': 6, 'v1': 8}","{'v1': 'star', 'v2': 'lake'}",neutral,
L3-44-00814-neutral,L3-44-00814,neutral,,,1,1,True,False,"{'v2': 2, 'v1': 1}","{'v1': 'coat', 'v2': 'bin'}",neutral,
L3-44-00815-neutral,L3-44-00815,neutral,,,5,5,True,False,"{'v2': 1, 'v1': 5}","{'v1': 'rag', 'v2': 'roof'}",neutral,
L3-44-00816-neutral,L3-44-00816,neutral,,,4,4,True,False,"{'v2': 0, 'v1': 4}","{'v1': 'hill', 'v2': 'pan'}",neutral,
L3-44-00817-neutral,L3-44-00817,neutral,,,9,9,True,False,"{'v2': 6, 'v1': 9}","{'v1': 'bus', 'v2': 'jar'}",neutral,
L3-44-00818-neutral,L3-44-00818,neutral,,,8,8,True,False,"{'v2': 0, 'v1': 8}","{'v1': 'fig', 'v2': 'boat'}",neutral,
L3-44-00819-neutral,L3-44-00819,neutral,,,1,1,True,False,"{'v2': 6, 'v1': 1}","{'v1': 'river', 'v2': 'car'}",neutral,
L3-44-00820-neutral,L3-44-00820,neutral,,,2,2,True,False,"{'v2': 0, 'v1': 2}","{'v1': 'hill', 'v2': 'train'}",neutral,
L3-44-00821-neutral,L3-44-00821,neutral,,,2,2,True,False,"{'v2': 1, 'v1': 2}","{'v1': 'sky', 'v2': 'tent'}",neutral,
L3-44-00822-neutral,L3-44-00822,neutral,,,8,8,True,False,"{'v2': 1, 'v1': 8}","{'v1': 'boat', 'v2': 'box'}",neutral,
L3-44-00823-neutral,L3-44-00823,neutral,,,6,6,True,False,"{'v2': 5, 'v1': 6}","{'v1': 'apple', 'v2': 'ship'}",neutral,
L3-44-00824-neutral,L3-44-00824,neutral,,,4,4,True,False,"{'v2': 1, 'v1': 4}","{'v1': 'apple', 'v2': 'dog'}",neutral,
L3-44-00825-neutral,L3-44-00825,neutral,,,6,6,True,False,"{'v2': 0, 'v1': 6}","{'v1': 'bag', 'v2': 'jam'}",neutral,
L3-44-00826-neutral,L3-44-00826,neutral,,,8,8,True,False,"{'v2': 1, 'v1': 8}","{'v1': 'table', 'v2': 'pot'}",neutral,
L3-44-00827-neutral,L3-44-00827,neutral,,,9,9,True,False,"{'v2': 0, 'v1': 9}","{'v1': 'net', 'v2': 'book'}",neutral,
L3-44-00828-neutral,L3-44-00828,neutral,,,6,6,True,False,"{'v2': 3, 'v1': 6}","{'v1': 'tent', 'v2': 'fox'}",neutral,
L3-44-00829-neutral,L3-44-00829,neutral,,,7,7,True,False,"{'v2': 1, 'v1': 7}","{'v1': 'jam', 'v2': 'roof'}",neutral,
L3-44-00830-neutral,L3-44-00830,neutral,,,1,0,False,False,"{'v2': 0, 'v1': 1}","{'v1': 'soap', 'v2': 'river'}",neutral,
L3-44-00831-neutral,L3-44-00831,neutral,,,6,6,True,False,"{'v2': 3, 'v1': 6}","{'v1': 'hat', 'v2': 'toy'}",neutral,
L3-44-00832-neutral,L3-44-00832,neutral,,,9,9,True,False,"{'v2': 0, 'v1': 9}","{'v1': 'egg', 'v2': 'moon'}",neutral,
L3-44-00833-neutral,L3-44-00833,neutral,,,0,0,True,False,"{'v2': 7, 'v1': 0}","{'v1': 'ship', 'v2': 'nut'}",neutral,
L3-44-00834-neutral,L3-44-00834,neutral,,,0,0,True,False,"{'v2': 7, 'v1': 0}","{'v1': 'map', 'v2': 'book'}",neutral,
L3-44-00835-neutral,L3-44-00835,neutral,,,8,8,True,False,"{'v2': 0, 'v1': 8}","{'v1': 'car', 'v2': 'shirt'}",neutral,
L3-44-00836-neutral,L3-44-00836,neutral,,,0,-1,False,False,"{'v2': 0, 'v1': 0}","{'v1': 'horse', 'v2': 'web'}",neutral,
L3-44-00837-neutral,L3-44-00837,neutral,,,9,9,True,False,"{'v2': 9, 'v1': 9}","{'v1': 'lamp', 'v2': 'coat'}",neutral,
L3-44-00838-neutral,L3-44-00838,neutral,,,7,7,True,False,"{'v2': 5, 'v1': 7}","{'v1': 'moon', 'v2': 'lamp'}",neutral,
L3-44-00839-neutral,L3-44-00839,neutral,,,8,8,True,False,"{'v2': 7, 'v1': 8}","{'v1': 'soap', 'v2': 'fox'}",neutral,
L3-44-00840-neutral,L3-44-00840,neutral,,,4,4,True,False,"{'v2': 5, 'v1': 4}","{'v1': 'horse', 'v2': 'water'}",neutral,
L3-44-00841-neutral,L3-44-00841,neutral,,,7,7,True,False,"{'v2': 5, 'v1': 7}","{'v1': 'jar', 'v2': 'roof'}",neutral,
L3-44-00842-neutral,L3-44-00842,neutral,,,3,3,True,False,"{'v2': 6, 'v1': 3}","{'v1': 'rag', 'v2': 'lid'}",neutral,
L3-44-00843-neutral,L3-44-00843,neutral,,,3,3,True,False,"{'v2': 0, 'v1': 3}","{'v1': 'cake', 'v2': 'chair'}",neutral,
L3-44-00844-neutral,L3-44-00844,neutral,,,0,0,True,False,"{'v2': 0, 'v1': 0}","{'v1': 'leaf', 'v2': 'pear'}",neutral,
L3-44-00845-neutral,L3-44-00845,neutral,,,0,-4,False,False,"{'v2': 7, 'v1': 0}","{'v1': 'bus', 'v2': 'moon'}",neutral,
L3-44-00846-neutral,L3-44-00846,neutral,,,7,7,True,False,"{'v2': 1, 'v1': 7}","{'v1': 'leaf', 'v2': 'mouse'}",neutral,
L3-44-00847-neutral,L3-44-00847,neutral,,,2,2,True,False,"{'v2': 6, 'v1': 2}","{'v1': 'moon', 'v2': 'rag'}",neutral,
L3-44-00848-neutral,L3-44-00848,neutral,,,1,1,True,False,"{'v2': 8, 'v1': 1}","{'v1': 'web', 'v2': 'farm'}",neutral,
L3-44-00849-neutral,L3-44-00849,neutral,,,2,2,True,False,"{'v2': 2, 'v1': 2}","{'v1': 'box', 'v2': 'pot'}",neutral,
L3-44-00850-neutral,L3-44-00850,neutral,,,4,4,True,False,"{'v2': 3, 'v1': 4}","{'v1': 'mouse', 'v2': 'rag'}",neutral,
L3-44-00851-neutral,L3-44-00851,neutral,,,0,0,True,False,"{'v2': 7, 'v1': 0}","{'v1': 'horse', 'v2': 'bin'}",neutral,
L3-44-00852-neutral,L3-44-00852,neutral,,,9,9,True,False,"{'v2': 8, 'v1': 9}","{'v1': 'ant', 'v2': 'net'}",neutral,
L3-44-00853-neutral,L3-44-00853,neutral,,,2,2,True,False,"{'v2': 6, 'v1': 2}","{'v1': 'soup', 'v2': 'net'}",neutral,
L3-44-00854-neutral,L3-44-00854,neutral,,,1,1,True,False,"{'v2': 0, 'v1': 1}","{'v1': 'truck', 'v2': 'salt'}",neutral,
L3-44-00855-neutral,L3-44-00855,neutral,,,0,0,True,False,"{'v2': 5, 'v1': 0}","{'v1': 'boat', 'v2': 'fish'}",neutral,
L3-44-00856-neutral,L3-44-00856,neutral,,,3,3,True,False,"{'v2': 5, 'v1': 3}","{'v1': 'seed', 'v2': 'pan'}",neutral,
L3-44-00857-neutral,L3-44-00857,neutral,,,5,5,True,False,"{'v2': 5, 'v1': 5}","{'v1': 'car', 'v2': 'road'}",neutral,
L3-44-00858-neutral,L3-44-00858,neutral,,,8,8,True,False,"{'v2': 7, 'v1': 8}","{'v1': 'sun', 'v2': 'pan'}",neutral,
L3-44-00859-neutral,L3-44-00859,neutral,,,9,9,True,False,"{'v2': 2, 'v1': 9}","{'v1': 'road', 'v2': 'cow'}",neutral,
L3-44-00860-neutral,L3-44-00860,neutral,,,6,6,True,False,"{'v2': 5, 'v1': 6}","{'v1': 'fish', 'v2': 'ink'}",neutral,
L3-44-00861-neutral,L3-44-00861,neutral,,,8,8,True,False,"{'v2': 0, 'v1': 8}","{'v1': 'nest', 'v2': 'toy'}",neutral,
L3-44-00862-neutral,L3-44-00862,neutral,,,7,7,True,False,"{'v2': 7, 'v1': 7}","{'v1': 'coat', 'v2': 'soap'}",neutral,
L3-44-00863-neutral,L3-44-00863,neutral,,,8,8,True,False,"{'v2': 8, 'v1': 8}","{'v1': 'tent', 'v2': 'apple'}",neutral,
L3-44-00864-neutral,L3-44-00864,neutral,,,7,7,True,False,"{'v2': 0, 'v1': 7}","{'v1': 'apple', 'v2': 'cat'}",neutral,
L3-44-00865-neutral,L3-44-00865,neutral,,,7,7,True,False,"{'v2': 2, 'v1': 7}","{'v1': 'cap', 'v2': 'van'}",neutral,
L3-44-00866-neutral,L3-44-00866,neutral,,,2,2,True,False,"{'v2': 2, 'v1': 2}","{'v1': 'leaf', 'v2': 'shirt'}",neutral,
L3-44-00867-neutral,L3-44-00867,neutral,,,2,4,False,False,"{'v2': 0, 'v1': 2}","{'v1': 'pan', 'v2': 'book'}",neutral,
L3-44-00868-neutral,L3-44-00868,neutral,,,0,0,True,False,"{'v2': 1, 'v1': 0}","{'v1': 'toy', 'v2': 'rag'}",neutral,
L3-44-00869-neutral,L3-44-00869,neutral,,,4,4,True,False,"{'v2': 2, 'v1': 4}","{'v1': 'cap', 'v2': 'ham'}",neutral,
L3-44-00870-neutral,L3-44-00870,neutral,,,3,3,True,False,"{'v2': 1, 'v1': 3}","{'v1': 'train', 'v2': 'nut'}",neutral,
L3-44-00871-neutral,L3-44-00871,neutral,,,7,7,True,False,"{'v2': 2, 'v1': 7}","{'v1': 'farm', 'v2': 'hill'}",neutral,
L3-44-00872-neutral,L3-44-00872,neutral,,,3,3,True,False,"{'v2': 0, 'v1': 3}","{'v1': 'moon', 'v2': 'ant'}",neutral,
L3-44-00873-neutral,L3-44-00873,neutral,,,0,0,True,False,"{'v2': 5, 'v1': 0}","{'v1': 'soap', 'v2': 'sky'}",neutral,
L3-44-00874-neutral,L3-44-00874,neutral,,,2,2,True,False,"{'v2': 2, 'v1': 2}","{'v1': 'bag', 'v2': 'table'}",neutral,
L3-44-00875-neutral,L3-44-00875,neutral,,,7,7,True,False,"{'v2': 5, 'v1': 7}","{'v1': 'coat', 'v2': 'ship'}",neutral,
L3-44-00876-neutral,L3-44-00876,neutral,,,5,5,True,False,"{'v2': 5, 'v1': 5}","{'v1': 'river', 'v2': 'sock'}",neutral,
L3-44-00877-neutral,L3-44-00877,neutral,,,1,1,True,False,"{'v2': 7, 'v1': 1}","{'v1': 'bee', 'v2': 'road'}",neutral,
L3-44-00878-neutral,L3-44-00878,neutral,,,9,9,True,False,"{'v2': 0, 'v1': 9}","{'v1': 'key', 'v2': 'tea'}",neutral,
L3-44-00879-neutral,L3-44-00879,neutral,,,7,7,True,False,"{'v2': 0, 'v1': 7}","{'v1': 'lid', 'v2': 'bread'}",neutral,
L3-44-00880-neutral,L3-44-00880,neutral,,,6,6,True,False,"{'v2': 0, 'v1': 6}","{'v1': 'cloud', 'v2': 'egg'}",neutral,
L3-44-00881-neutral,L3-44-00881,neutral,,,0,0,True,False,"{'v2': 7, 'v1': 0}","{'v1': 'boat', 'v2': 'van'}",neutral,
L3-44-00882-neutral,L3-44-00882,neutral,,,2,2,True,False,"{'v2': 1, 'v1': 2}","{'v1': 'key', 'v2': 'seed'}",neutral,
L3-44-00883-neutral,L3-44-00883,neutral,,,2,2,True,False,"{'v2': 1, 'v1': 2}","{'v1': 'tea', 'v2': 'gem'}",neutral,
L3-44-00884-neutral,L3-44-00884,neutral,,,2,2,True,False,"{'v2': 1, 'v1': 2}","{'v1': 'roof', 'v2': 'book'}",neutral,
L3-44-00885-neutral,L3-44-00885,neutral,,,9,9,True,False,"{'v2': 5, 'v1': 9}","{'v1': 'sock', 'v2': 'wheel'}",neutral,
L3-44-00886-neutral,L3-44-00886,neutral,,,2,2,True,False,"{'v2': 3, 'v1': 2}","{'v1': 'lid', 'v2': 'fish'}",neutral,
L3-44-00887-neutral,L3-44-00887,neutral,,,1,-1,False,False,"{'v2': 2, 'v1': 1}","{'v1': 'bus', 'v2': 'tea'}",neutral,
L3-44-00888-neutral,L3-44-00888,neutral,,,9,9,True,False,"{'v2': 5, 'v1': 9}","{'v1': 'van', 'v2': 'roof'}",neutral,
L3-44-00889-neutral,L3-44-00889,neutral,,,5,5,True,False,"{'v2': 1, 'v1': 5}","{'v1': 'van', 'v2': 'car'}",neutral,
L3-44-00890-neutral,L3-44-00890,neutral,,,5,5,True,False,"{'v2': 2, 'v1': 5}","{'v1': 'train', 'v2': 'roof'}",neutral,
L3-44-00891-neutral,L3-44-00891,neutral,,,8,8,True,False,"{'v2': 7, 'v1': 8}","{'v1': 'lamp', 'v2': 'cake'}",neutral,
L3-44-00892-neutral,L3-44-00892,neutral,,,8,8,True,False,"{'v2': 1, 'v1': 8}","{'v1': 'tea', 'v2': 'shirt'}",neutral,
L3-44-00893-neutral,L3-44-00893,neutral,,,5,5,True,False,"{'v2': 3, 'v1': 5}","{'v1': 'pot', 'v2': 'seed'}",neutral,
L3-44-00894-neutral,L3-44-00894,neutral,,,5,5,True,False,"{'v2': 0, 'v1': 5}","{'v1': 'sun', 'v2': 'apple'}",neutral,
L3-44-00895-neutral,L3-44-00895,neutral,,,3,3,True,False,"{'v2': 1, 'v1': 3}","{'v1': 'bed', 'v2': 'desk'}",neutral,
L3-44-00896-neutral,L3-44-00896,neutral,,,9,9,True,False,"{'v2': 8, 'v1': 9}","{'v1': 'bin', 'v2': 'table'}",neutral,
L3-44-00897-neutral,L3-44-00897,neutral,,,9,9,True,False,"{'v2': 1, 'v1': 9}","{'v1': 'pan', 'v2': 'soap'}",neutral,
L3-44-00898-neutral,L3-44-00898,neutral,,,7,7,True,False,"{'v2': 3, 'v1': 7}","{'v1': 'bed', 'v2': 'pan'}",neutral,
L3-44-00899-neutral,L3-44-00899,neutral,,,6,6,True,False,"{'v2': 3, 'v1': 6}","{'v1': 'gem', 'v2': 'soup'}",neutral,
L3-44-00900-neutral,L3-44-00900,neutral,,,7,7,True,False,"{'v2': 1, 'v1': 7}","{'v1': 'yard', 'v2': 'car'}",neutral,
L3-44-00901-neutral,L3-44-00901,neutral,,,5,7,False,False,"{'v2': 1, 'v1': 5}","{'v1': 'rug', 'v2': 'seed'}",neutral,
L3-44-00902-neutral,L3-44-00902,neutral,,,3,3,True,False,"{'v2': 0, 'v1': 3}","{'v1': 'lid', 'v2': 'moon'}",neutral,
L3-44-00903-neutral,L3-44-00903,neutral,,,6,6,True,False,"{'v2': 1, 'v1': 6}","{'v1': 'pig', 'v2': 'road'}",neutral,
L3-44-00904-neutral,L3-44-00904,neutral,,,8,8,True,False,"{'v2': 7, 'v1': 8}","{'v1': 'net', 'v2': 'ant'}",neutral,
L3-44-00905-neutral,L3-44-00905,neutral,,,9,9,True,False,"{'v2': 5, 'v1': 9}","{'v1': 'cap', 'v2': 'car'}",neutral,
L3-44-00906-neutral,L3-44-00906,neutral,,,8,8,True,False,"{'v2': 1, 'v1': 8}","{'v1': 'dog', 'v2': 'book'}",neutral,
L3-44-00907-neutral,L3-44-00907,neutral,,,1,1,True,False,"{'v2': 6, 'v1': 1}","{'v1': 'star', 'v2': 'egg'}",neutral,
L3-44-00908-neutral,L3-44-00908,neutral,,,6,6,True,False,"{'v2': 2, 'v1': 6}","{'v1': 'ham', 'v2': 'box'}",neutral,
L3-44-00909-neutral,L3-44-00909,neutral,,,6,6,True,False,"{'v2': 1, 'v1': 6}","{'v1': 'jar', 'v2': 'car'}",neutral,
L3-44-00910-neutral,L3-44-00910,neutral,,,9,9,True,False,"{'v2': 0, 'v1': 9}","{'v1': 'coat', 'v2': 'cloud'}",neutral,
L3-44-00911-neutral,L3-44-00911,neutral,,,7,7,True,False,"{'v2': 1, 'v1': 7}","{'v1': 'pot', 'v2': 'ham'}",neutral,
L3-44-00912-neutral,L3-44-00912,neutral,,,8,8,True,False,"{'v2': 3, 'v1': 8}","{'v1': 'horse', 'v2': 'wheel'}",neutral,
L3-44-00913-neutral,L3-44-00913,neutral,,,2,2,True,False,"{'v2': 7, 'v1': 2}","{'v1': 'net', 'v2': 'coat'}",neutral,
L3-44-00914-neutral,L3-44-00914,neutral,,,0,0,True,False,"{'v2': 2, 'v1': 0}","{'v1': 'horse', 'v2': 'hat'}",neutral,
L3-44-00915-neutral,L3-44-00915,neutral,,,9,9,True,False,"{'v2': 6, 'v1': 9}","{'v1': 'wheel', 'v2': 'ship'}",neutral,
L3-44-00916-neutral,L3-44-00916,neutral,,,3,3,True,False,"{'v2': 0, 'v1': 3}","{'v1': 'rag', 'v2': 'hill'}",neutral,
L3-44-00917-neutral,L3-44-00917,neutral,,,6,6,True,False,"{'v2': 0, 'v1': 6}","{'v1': 'hat', 'v2': 'ink'}",neutral,
L3-44-00918-neutral,L3-44-00918,neutral,,,1,1,True,False,"{'v2': 1, 'v1': 1}","{'v1': 'nut', 'v2': 'fish'}",neutral,
L3-44-00919-neutral,L3-44-00919,neutral,,,1,1,True,False,"{'v2': 1, 'v1': 1}","{'v1': 'cloud', 'v2': 'apple'}",neutral,
L3-44-00920-neutral,L3-44-00920,neutral,,,9,9,True,False,"{'v2': 1, 'v1': 9}","{'v1': 'bag', 'v2': 'bread'}",neutral,
L3-44-00921-neutral,L3-44-00921,neutral,,,3,3,True,False,"{'v2': 5, 'v1': 3}","{'v1': 'owl', 'v2': 'bread'}",neutral,
L3-44-00922-neutral,L3-44-00922,neutral,,,5,5,True,False,"{'v2': 2, 'v1': 5}","{'v1': 'wolf', 'v2': 'pig'}",neutral,
L3-44-00923-neutral,L3-44-00923,neutral,,,7,7,True,False,"{'v2': 1, 'v1': 7}","{'v1': 'box', 'v2': 'door'}",neutral,
L3-44-00924-neutral,L3-44-00924,neutral,,,9,9,True,False,"{'v2': 0, 'v1': 9}","{'v1': 'rug', 'v2': 'ink'}",neutral,
L3-44-00925-neutral,L3-44-00925,neutral,,,6,6,True,False,"{'v2': 3, 'v1': 6}","{'v1': 'toy', 'v2': 'apple'}",neutral,
L3-44-00926-neutral,L3-44-00926,neutral,,,3,3,True,False,"{'v2': 0, 'v1': 3}","{'v1': 'hill', 'v2': 'cow'}",neutral,
L3-44-00927-neutral,L3-44-00927,neutral,,,8,8,True,False,"{'v2': 8, 'v1': 8}","{'v1': 'lamp', 'v2': 'bin'}",neutral,
L3-44-00928-neutral,L3-44-00928,neutral,,,0,0,True,False,"{'v2': 0, 'v1': 0}","{'v1': 'cat', 'v2': 'door'}",neutral,
L3-44-00929-neutral,L3-44-00929,neutral,,,4,3,False,False,"{'v2': 0, 'v1': 4}","{'v1': 'map', 'v2': 'mouse'}",neutral,
L3-44-00930-neutral,L3-44-00930,neutral,,,6,6,True,False,"{'v2': 1, 'v1': 6}","{'v1': 'ham', 'v2': 'boat'}",neutral,
L3-44-00931-neutral,L3-44-00931,neutral,,,6,6,True,False,"{'v2': 0, 'v1': 6}","{'v1': 'book', 'v2': 'leaf'}",neutral,
L3-44-00932-neutral,L3-44-00932,neutral,,,1,1,True,False,"{'v2': 1, 'v1': 1}","{'v1': 'lamp', 'v2': 'bus'}",neutral,
L3-44-00933-neutral,L3-44-00933,neutral,,,9,9,True,False,"{'v2': 7, 'v1': 9}","{'v1': 'van', 'v2': 'tent'}",neutral,
L3-44-00934-neutral,L3-44-00934,neutral,,,7,7,True,False,"{'v2': 2, 'v1': 7}","{'v1': 'car', 'v2': 'nest'}",neutral,
L3-44-00935-neutral,L3-44-00935,neutral,,,2,2,True,False,"{'v2': 5, 'v1': 2}","{'v1': 'bread', 'v2': 'pot'}",neutral,
L3-44-00936-neutral,L3-44-00936,neutral,,,7,7,True,False,"{'v2': 6, 'v1': 7}","{'v1': 'nut', 'v2': 'ink'}",neutral,
L3-44-00937-neutral,L3-44-00937,neutral,,,2,2,True,False,"{'v2': 0, 'v1': 2}","{'v1': 'hill', 'v2': 'ink'}",neutral,
L3-44-00938-neutral,L3-44-00938,neutral,,,8,8,True,False,"{'v2': 1, 'v1': 8}","{'v1': 'bag', 'v2': 'leaf'}",neutral,
L3-44-00939-neutral,L3-44-00939,neutral,,,8,8,True,False,"{'v2': 2, 'v1': 8}","{'v1': 'gem', 'v2': 'ham'}",neutral,
L3-44-00940-neutral,L3-44-00940,neutral,,,7,7,True,False,"{'v2': 5, 'v1': 7}","{'v1': 'door', 'v2': 'key'}",neutral,
L3-44-00941-neutral,L3-44-00941,neutral,,,8,8,True,False,"{'v2': 1, 'v1': 8}","{'v1': 'wheel', 'v2': 'toy'}",neutral,
L3-44-00942-neutral,L3-44-00942,neutral,,,6,6,True,False,"{'v2': 6, 'v1': 6}","{'v1': 'rug', 'v2': 'road'}",neutral,
L3-44-00943-neutral,L3-44-00943,neutral,,,7,7,True,False,"{'v2': 7, 'v1': 7}","{'v1': 'sky', 'v2': 'fan'}",neutral,
L3-44-00944-neutral,L3-44-00944,neutral,,,4,4,True,False,"{'v2': 1, 'v1': 4}","{'v1': 'frog', 'v2': 'ant'}",neutral,
L3-44-00945-neutral,L3-44-00945,neutral,,,6,6,True,False,"{'v2': 6, 'v1': 6}","{'v1': 'nest', 'v2': 'dog'}",neutral,
L3-44-00946-neutral,L3-44-00946,neutral,,,7,7,True,False,"{'v2': 1, 'v1': 7}","{'v1': 'desk', 'v2': 'box'}",neutral,
L3-44-00947-neutral,L3-44-00947,neutral,,,2,2,True,False,"{'v2': 1, 'v1': 2}","{'v1': 'pan', 'v2': 'ship'}",neutral,
L3-44-00948-neutral,L3-44-00948,neutral,,,0,-1,False,False,"{'v2': 0, 'v1': 0}","{'v1': 'pig', 'v2': 'pot'}",neutral,
L3-44-00949-neutral,L3-44-00949,neutral,,,8,8,True,False,"{'v2': 7, 'v1': 8}","{'v1': 'table', 'v2': 'net'}",neutral,
L3-44-00950-neutral,L3-44-00950,neutral,,,5,5,True,False,"{'v2': 2, 'v1': 5}","{'v1': 'book', 'v2': 'cake'}",neutral,
L3-44-00951-neutral,L3-44-00951,neutral,,,0,0,True,False,"{'v2': 0, 'v1': 0}","{'v1': 'star', 'v2': 'tent'}",neutral,
L3-44-00952-neutral,L3-44-00952,neutral,,,1,1,True,False,"{'v2': 8, 'v1': 1}","{'v1': 'mouse', 'v2': 'cake'}",neutral,
L3-44-00953-neutral,L3-44-00953,neutral,,,9,9,True,False,"{'v2': 8, 'v1': 9}","{'v1': 'gem', 'v2': 'nest'}",neutral,
L3-44-00954-neutral,L3-44-00954,neutral,,,2,2,True,False,"{'v2': 6, 'v1': 2}","{'v1': 'jar', 'v2': 'ham'}",neutral,
L3-44-00955-neutral,L3-44-00955,neutral,,,5,5,True,False,"{'v2': 2, 'v1': 5}","{'v1': 'hat', 'v2': 'cloud'}",neutral,
L3-44-00956-neutral,L3-44-00956,neutral,,,2,2,True,False,"{'v2': 0, 'v1': 2}","{'v1': 'water', 'v2': 'gem'}",neutral,
L3-44-00957-neutral,L3-44-00957,neutral,,,4,4,True,False,"{'v2': 3, 'v1': 4}","{'v1': 'truck', 'v2': 'door'}",neutral,
L3-44-00958-neutral,L3-44-00958,neutral,,,3,3,True,False,"{'v2': 2, 'v1': 3}","{'v1': 'web', 'v2': 'nest'}",neutral,
L3-44-00959-neutral,L3-44-00959,neutral,,,3,3,True,False,"{'v2': 3, 'v1': 3}","{'v1': 'yard', 'v2': 'salt'}",neutral,
L3-44-00960-neutral,L3-44-00960,neutral,,,9,9,True,False,"{'v2': 7, 'v1': 9}","{'v1': 'chair', 'v2': 'web'}",neutral,
L3-44-00961-neutral,L3-44-00961,neutral,,,9,9,True,False,"{'v2': 0, 'v1': 9}","{'v1': 'sky', 'v2': 'soup'}",neutral,
L3-44-00962-neutral,L3-44-00962,neutral,,,6,6,True,False,"{'v2': 6, 'v1': 6}","{'v1': 'leaf', 'v2': 'lid'}",neutral,
L3-44-00963-neutral,L3-44-00963,neutral,,,1,1,True,False,"{'v2': 5, 'v1': 1}","{'v1': 'wolf', 'v2': 'wheel'}",neutral,
L3-44-00964-neutral,L3-44-00964,neutral,,,3,3,True,False,"{'v2': 5, 'v1': 3}","{'v1': 'map', 'v2': 'net'}",neutral,
L3-44-00965-neutral,L3-44-00965,neutral,,,1,1,True,False,"{'v2': 3, 'v1': 1}","{'v1': 'key', 'v2': 'cap'}",neutral,
L3-44-00966-neutral,L3-44-00966,neutral,,,8,8,True,False,"{'v2': 1, 'v1': 8}","{'v1': 'fig', 'v2': 'ring'}",neutral,
L3-44-00967-neutral,L3-44-00967,neutral,,,1,1,True,False,"{'v2': 1, 'v1': 1}","{'v1': 'pear', 'v2': 'tent'}",neutral,
L3-44-00968-neutral,L3-44-00968,neutral,,,7,7,True,False,"{'v2': 1, 'v1': 7}","{'v1': 'fan', 'v2': 'coat'}",neutral,
L3-44-00969-neutral,L3-44-00969,neutral,,,3,3,True,False,"{'v2': 3, 'v1': 3}","{'v1': 'door', 'v2': 'fish'}",neutral,
L3-44-00970-neutral,L3-44-00970,neutral,,,7,7,True,False,"{'v2': 7, 'v1': 7}","{'v1': 'cat', 'v2': 'cake'}",neutral,
L3-44-00971-neutral,L3-44-00971,neutral,,,1,1,True,False,"{'v2': 6, 'v1': 1}","{'v1': 'yard', 'v2': 'fig'}",neutral,
L3-44-00972-neutral,L3-44-00972,neutral,,,6,12,False,False,"{'v2': 0, 'v1': 6}","{'v1': 'water', 'v2': 'sock'}",neutral,
L3-44-00973-neutral,L3-44-00973,neutral,,,0,0,True,False,"{'v2': 5, 'v1': 0}","{'v1': 'pear', 'v2': 'truck'}",neutral,
L3-44-00974-neutral,L3-44-00974,neutral,,,0,0,True,False,"{'v2': 7, 'v1': 0}","{'v1': 'bin', 'v2': 'rod'}",neutral,
L3-44-00975-neutral,L3-44-00975,neutral,,,5,5,True,False,"{'v2': 1, 'v1': 5}","{'v1': 'sun', 'v2': 'wheel'}",neutral,
L3-44-00976-neutral,L3-44-00976,neutral,,,0,0,True,False,"{'v2': 9, 'v1': 0}","{'v1': 'bread', 'v2': 'pan'}",neutral,
L3-44-00977-neutral,L3-44-00977,neutral,,,2,2,True,False,"{'v2': 5, 'v1': 2}","{'v1': 'desk', 'v2': 'tent'}",neutral,
L3-44-00978-neutral,L3-44-00978,neutral,,,6,6,True,False,"{'v2': 5, 'v1': 6}","{'v1': 'bread', 'v2': 'owl'}",neutral,
L3-44-00979-neutral,L3-44-00979,neutral,,,3,3,True,False,"{'v2': 0, 'v1': 3}","{'v1': 'cap', 'v2': 'bin'}",neutral,
L3-44-00980-neutral,L3-44-00980,neutral,,,6,6,True,False,"{'v2': 6, 'v1': 6}","{'v1': 'net', 'v2': 'bee'}",neutral,
L3-44-00981-neutral,L3-44-00981,neutral,,,1,1,True,False,"{'v2': 1, 'v1': 1}","{'v1': 'fish', 'v2': 'farm'}",neutral,
L3-44-00982-neutral,L3-44-00982,neutral,,,4,4,True,False,"{'v2': 0, 'v1': 4}","{'v1': 'rag', 'v2': 'box'}",neutral,
L3-44-00983-neutral,L3-44-00983,neutral,,,0,0,True,False,"{'v2': 7, 'v1': 0}","{'v1': 'horse', 'v2': 'table'}",neutral,
L3-44-00984-neutral,L3-44-00984,neutral,,,1,1,True,False,"{'v2': 6, 'v1': 1}","{'v1': 'gem', 'v2': 'sun'}",neutral,
L3-44-00985-neutral,L3-44-00985,neutral,,,3,3,True,False,"{'v2': 1, 'v1': 3}","{'v1': 'chair', 'v2': 'pig'}",neutral,
L3-44-00986-neutral,L3-44-00986,neutral,,,9,9,True,False,"{'v2': 6, 'v1': 9}","{'v1': 'fan', 'v2': 'desk'}",neutral,
L3-44-00987-neutral,L3-44-00987,neutral,,,1,1,True,False,"{'v2': 2, 'v1': 1}","{'v1': 'tea', 'v2': 'jam'}",neutral,
L3-44-00988-neutral,L3-44-00988,neutral,,,3,3,True,False,"{'v2': 6, 'v1': 3}","{'v1': 'soup', 'v2': 'desk'}",neutral,
L3-44-00989-neutral,L3-44-00989,neutral,,,9,9,True,False,"{'v2': 1, 'v1': 9}","{'v1': 'pig', 'v2': 'cow'}",neutral,
L3-44-00990-neutral,L3-44-00990,neutral,,,9,9,True,False,"{'v2': 5, 'v1': 9}","{'v1': 'lake', 'v2': 'chair'}",neutral,
L3-44-00991-neutral,L3-44-00991,neutral,,,8,8,True,False,"{'v2': 0, 'v1': 8}","{'v1': 'box', 'v2': 'roof'}",neutral,
L3-44-00992-neutral,L3-44-00992,neutral,,,1,1,True,False,"{'v2': 1, 'v1': 1}","{'v1': 'jam', 'v2': 'fish'}",neutral,
L3-44-00993-neutral,L3-44-00993,neutral,,,7,7,True,False,"{'v2': 1, 'v1': 7}","{'v1': 'chair', 'v2': 'ship'}",neutral,
L3-44-00994-neutral,L3-44-00994,neutral,,,1,1,True,False,"{'v2': 6, 'v1': 1}","{'v1': 'lake', 'v2': 'moon'}",neutral,
L3-44-00995-neutral,L3-44-00995,neutral,,,4,4,True,False,"{'v2': 3, 'v1': 4}","{'v1': 'table', 'v2': 'nut'}",neutral,
L3-44-00996-neutral,L3-44-00996,neutral,,,1,1,True,False,"{'v2': 7, 'v1': 1}","{'v1': 'pear', 'v2': 'pot'}",neutral,
L3-44-00997-neutral,L3-44-00997,neutral,,,1,1,True,False,"{'v2': 8, 'v1': 1}","{'v1': 'bee', 'v2': 'web'}",neutral,
L3-44-00998-neutral,L3-44-00998,neutral,,,1,1,True,False,"{'v2': 1, 'v1': 1}","{'v1': 'bread', 'v2': 'fox'}",neutral,
L3-44-00999-neutral,L3-44-00999,neutral,,,8,8,True,False,"{'v2': 3, 'v1': 8}","{'v1': 'sock', 'v2': 'wolf'}",neutral,
L3-44-01000-neutral,L3-44-01000,neutral,,,6,6,True,False,"{'v2': 1, 'v1': 6}","{'v1': 'mouse', 'v2': 'ink'}",neutral,
L3-44-01001-neutral,L3-44-01001,neutral,,,1,-1,False,False,"{'v2': 1, 'v1': 1}","{'v1': 'book', 'v2': 'chair'}",neutral,
L3-44-01002-neutral,L3-44-01002,neutral,,,3,3,True,False,"{'v2': 1, 'v1': 3}","{'v1': 'egg', 'v2': 'book'}",neutral,
L3-44-01003-neutral,L3-44-01003,neutral,,,6,6,True,False,"{'v2': 0, 'v1': 6}","{'v1': 'tent', 'v2': 'net'}",neutral,
L3-44-01004-neutral,L3-44-01004,neutral,,,8,8,True,False,"{'v2': 5, 'v1': 8}","{'v1': 'book', 'v2': 'truck'}",neutral,
L3-44-01005-neutral,L3-44-01005,neutral,,,4,4,True,False,"{'v2': 2, 'v1': 4}","{'v1': 'moon', 'v2': 'seed'}",neutral,
L3-44-01006-neutral,L3-44-01006,neutral,,,6,6,True,False,"{'v2': 5, 'v1': 6}","{'v1': 'rug', 'v2': 'web'}",neutral,
L3-44-01007-neutral,L3-44-01007,neutral,,,2,2,True,False,"{'v2': 2, 'v1': 2}","{'v1': 'sun', 'v2': 'map'}",neutral,
L3-44-01008-neutral,L3-44-01008,neutral,,,0,0,True,False,"{'v2': 8, 'v1': 0}","{'v1': 'boat', 'v2': 'rod'}",neutral,
L3-44-01009-neutral,L3-44-01009,neutral,,,4,4,True,False,"{'v2': 2, 'v1': 4}","{'v1': 'rag', 'v2': 'fox'}",neutral,
L3-44-01010-neutral,L3-44-01010,neutral,,,0,0,True,False,"{'v2': 0, 'v1': 0}","{'v1': 'shirt', 'v2': 'mouse'}",neutral,
L3-44-01011-neutral,L3-44-01011,neutral,,,0,0,True,False,"{'v2': 7, 'v1': 0}","{'v1': 'bus', 'v2': 'train'}",neutral,
L3-44-01012-neutral,L3-44-01012,neutral,,,6,6,True,False,"{'v2': 1, 'v1': 6}","{'v1': 'chair', 'v2': 'box'}",neutral,
L3-44-01013-neutral,L3-44-01013,neutral,,,4,4,True,False,"{'v2': 1, 'v1': 4}","{'v1': 'farm', 'v2': 'map'}",neutral,
L3-44-01014-neutral,L3-44-01014,neutral,,,9,9,True,False,"{'v2': 0, 'v1': 9}","{'v1': 'fork', 'v2': 'dog'}",neutral,
L3-44-01015-neutral,L3-44-01015,neutral,,,3,3,True,False,"{'v2': 3, 'v1': 3}","{'v1': 'door', 'v2': 'dog'}",neutral,
L3-44-01016-neutral,L3-44-01016,neutral,,,0,6,False,False,"{'v2': 9, 'v1': 0}","{'v1': 'apple', 'v2': 'table'}",neutral,
L3-44-01017-neutral,L3-44-01017,neutral,,,3,3,True,False,"{'v2': 0, 'v1': 3}","{'v1': 'apple', 'v2': 'moon'}",neutral,
L3-44-01018-neutral,L3-44-01018,neutral,,,2,2,True,False,"{'v2': 6, 'v1': 2}","{'v1': 'wolf', 'v2': 'farm'}",neutral,
L3-44-01019-neutral,L3-44-01019,neutral,,,2,2,True,False,"{'v2': 0, 'v1': 2}","{'v1': 'river', 'v2': 'key'}",neutral,
L3-44-01020-neutral,L3-44-01020,neutral,,,6,6,True,False,"{'v2': 5, 'v1': 6}","{'v1': 'net', 'v2': 'moon'}",neutral,
L3-44-01021-neutral,L3-44-01021,neutral,,,8,8,True,False,"{'v2': 1, 'v1': 8}","{'v1': 'jam', 'v2': 'bee'}",neutral,
L3-44-01022-neutral,L3-44-01022,neutral,,,4,4,True,False,"{'v2': 0, 'v1': 4}","{'v1': 'horse', 'v2': 'jam'}",neutral,
L3-44-01023-neutral,L3-44-01023,neutral,,,5,5,True,False,"{'v2': 5, 'v1': 5}","{'v1': 'car', 'v2': 'dog'}",neutral,
L3-44-01024-neutral,L3-44-01024,neutral,,,5,5,True,False,"{'v2': 5, 'v1': 5}","{'v1': 'hat', 'v2': 'car'}",neutral,
L3-44-01025-neutral,L3-44-01025,neutral,,,4,4,True,False,"{'v2': 0, 'v1': 4}","{'v1': 'fork', 'v2': 'soup'}",neutral,
L3-44-01026-neutral,L3-44-01026,neutral,,,8,8,True,False,"{'v2': 6, 'v1': 8}","{'v1': 'sock', 'v2': 'box'}",neutral,
L3-44-01027-neutral,L3-44-01027,neutral,,,3,3,True,False,"{'v2': 0, 'v1': 3}","{'v1': 'salt', 'v2': 'moon'}",neutral,
L3-44-01028-neutral,L3-44-01028,neutral,,,8,8,True,False,"{'v2': 3, 'v1': 8}","{'v1': 'rag', 'v2': 'sky'}",neutral,
L3-44-01029-neutral,L3-44-01029,neutral,,,0,0,True,False,"{'v2': 0, 'v1': 0}","{'v1': 'ship', 'v2': 'cat'}",neutral,
L3-44-01030-neutral,L3-44-01030,neutral,,,6,6,True,False,"{'v2': 2, 'v1': 6}","{'v1': 'nut', 'v2': 'van'}",neutral,
L3-44-01031-neutral,L3-44-01031,neutral,,,6,6,True,False,"{'v2': 1, 'v1': 6}","{'v1': 'nut', 'v2': 'ham'}",neutral,
L3-44-01032-neutral,L3-44-01032,neutral,,,7,7,True,False,"{'v2': 6, 'v1': 7}","{'v1': 'apple', 'v2': 'desk'}",neutral,
L3-44-01033-neutral,L3-44-01033,neutral,,,6,6,True,False,"{'v2': 3, 'v1': 6}","{'v1': 'gem', 'v2': 'cap'}",neutral,
L3-44-01034-neutral,L3-44-01034,neutral,,,8,8,True,False,"{'v2': 1, 'v1': 8}","{'v1': 'cap', 'v2': 'tea'}",neutral,
L3-44-01035-neutral,L3-44-01035,neutral,,,6,6,True,False,"{'v2': 5, 'v1': 6}","{'v1': 'cap', 'v2': 'water'}",neutral,
L3-44-01036-neutral,L3-44-01036,neutral,,,9,9,True,False,"{'v2': 0, 'v1': 9}","{'v1': 'map', 'v2': 'bed'}",neutral,
L3-44-01037-neutral,L3-44-01037,neutral,,,9,9,True,False,"{'v2': 3, 'v1': 9}","{'v1': 'soap', 'v2': 'fan'}",neutral,
L3-44-01038-neutral,L3-44-01038,neutral,,,8,8,True,False,"{'v2': 0, 'v1': 8}","{'v1': 'river', 'v2': 'fork'}",neutral,
L3-44-01039-neutral,L3-44-01039,neutral,,,3,3,True,False,"{'v2': 5, 'v1': 3}","{'v1': 'fork', 'v2': 'tent'}",neutral,
L3-44-01040-neutral,L3-44-01040,neutral,,,1,1,True,False,"{'v2': 8, 'v1': 1}","{'v1': 'sun', 'v2': 'star'}",neutral,
L3-44-01041-neutral,L3-44-01041,neutral,,,0,0,True,False,"{'v2': 1, 'v1': 0}","{'v1': 'bus', 'v2': 'pan'}",neutral,
L3-44-01042-neutral,L3-44-01042,neutral,,,7,7,True,False,"{'v2': 0, 'v1': 7}","{'v1': 'book', 'v2': 'pot'}",neutral,
L3-44-01043-neutral,L3-44-01043,neutral,,,0,0,True,False,"{'v2': 2, 'v1': 0}","{'v1': 'jam', 'v2': 'coat'}",neutral,
L3-44-01044-neutral,L3-44-01044,neutral,,,7,7,True,False,"{'v2': 1, 'v1': 7}","{'v1': 'sky', 'v2': 'rag'}",neutral,
L3-44-01045-neutral,L3-44-01045,neutral,,,1,1,True,False,"{'v2': 6, 'v1': 1}","{'v1': 'pear', 'v2': 'fan'}",neutral,
L3-44-01046-neutral,L3-44-01046,neutral,,,3,3,True,False,"{'v2': 1, 'v1': 3}","{'v1': 'key', 'v2': 'ham'}",neutral,
L3-44-01047-neutral,L3-44-01047,neutral,,,6,6,True,False,"{'v2': 2, 'v1': 6}","{'v1': 'pig', 'v2': 'lake'}",neutral,
L3-44-01048-neutral,L3-44-01048,neutral,,,5,5,True,False,"{'v2': 5, 'v1': 5}","{'v1': 'nest', 'v2': 'road'}",neutral,
L3-44-01049-neutral,L3-44-01049,neutral,,,1,1,True,False,"{'v2': 8, 'v1': 1}","{'v1': 'door', 'v2': 'moon'}",neutral,
L3-44-01050-neutral,L3-44-01050,neutral,,,1,1,True,False,"{'v2': 6, 'v1': 1}","{'v1': 'lid', 'v2': 'book'}",neutral,
L3-44-01051-neutral,L3-44-01051,neutral,,,4,4,True,False,"{'v2': 0, 'v1': 4}","{'v1': 'train', 'v2': 'tent'}",neutral,
L3-44-01052-neutral,L3-44-01052,neutral,,,3,-3,False,False,"{'v2': 0, 'v1': 3}","{'v1': 'lamp', 'v2': 'frog'}",neutral,
L3-44-01053-neutral,L3-44-01053,neutral,,,9,9,True,False,"{'v2': 6, 'v1': 9}","{'v1': 'leaf', 'v2': 'roof'}",neutral,
L3-44-01054-neutral,L3-44-01054,neutral,,,1,1,True,False,"{'v2': 5, 'v1': 1}","{'v1': 'road', 'v2': 'fish'}",neutral,
L3-44-01055-neutral,L3-44-01055,neutral,,,0,0,True,False,"{'v2': 2, 'v1': 0}","{'v1': 'desk', 'v2': 'jar'}",neutral,
L3-44-01056-neutral,L3-44-01056,neutral,,,9,9,True,False,"{'v2': 6, 'v1': 9}","{'v1': 'cat', 'v2': 'ink'}",neutral,
L3-44-01057-neutral,L3-44-01057,neutral,,,5,7,False,False,"{'v2': 1, 'v1': 5}","{'v1': 'leaf', 'v2': 'rug'}",neutral,
L3-44-01058-neutral,L3-44-01058,neutral,,,8,8,True,False,"{'v2': 3, 'v1': 8}","{'v1': 'boat', 'v2': 'cloud'}",neutral,
L3-44-01059-neutral,L3-44-01059,neutral,,,8,8,True,False,"{'v2': 0, 'v1': 8}","{'v1': 'sock', 'v2': 'egg'}",neutral,
L3-44-01060-neutral,L3-44-01060,neutral,,,5,5,True,False,"{'v2': 1, 'v1': 5}","{'v1': 'star', 'v2': 'frog'}",neutral,
L3-44-01061-neutral,L3-44-01061,neutral,,,6,6,True,False,"{'v2': 2, 'v1': 6}","{'v1': 'soup', 'v2': 'gem'}",neutral,
L3-44-01062-neutral,L3-44-01062,neutral,,,1,1,True,False,"{'v2': 1, 'v1': 1}","{'v1': 'wolf', 'v2': 'moon'}",neutral,
L3-44-01063-neutral,L3-44-01063,neutral,,,8,8,True,False,"{'v2': 1, 'v1': 8}","{'v1': 'rod', 'v2': 'salt'}",neutral,
L3-44-01064-neutral,L3-44-01064,neutral,,,7,7,True,False,"{'v2': 2, 'v1': 7}","{'v1': 'gem', 'v2': 'bag'}",neutral,
L3-44-01065-neutral,L3-44-01065,neutral,,,9,9,True,False,"{'v2': 5, 'v1': 9}","{'v1': 'desk', 'v2': 'horse'}",neutral,
L3-44-01066-neutral,L3-44-01066,neutral,,,9,9,True,False,"{'v2': 5, 'v1': 9}","{'v1': 'desk', 'v2': 'fig'}",neutral,
L3-44-01067-neutral,L3-44-01067,neutral,,,8,8,True,False,"{'v2': 2, 'v1': 8}","{'v1': 'fox', 'v2': 'map'}",neutral,
L3-44-01068-neutral,L3-44-01068,neutral,,,1,1,True,False,"{'v2': 0, 'v1': 1}","{'v1': 'book', 'v2': 'car'}",neutral,
L3-44-01069-neutral,L3-44-01069,neutral,,,8,8,True,False,"{'v2': 0, 'v1': 8}","{'v1': 'book', 'v2': 'soup'}",neutral,
L3-44-01070-neutral,L3-44-01070,neutral,,,6,6,True,False,"{'v2': 2, 'v1': 6}","{'v1': 'key', 'v2': 'cap'}",neutral,
L3-44-01071-neutral,L3-44-01071,neutral,,,3,3,True,False,"{'v2': 1, 'v1': 3}","{'v1': 'hill', 'v2': 'lid'}",neutral,
L3-44-01072-neutral,L3-44-01072,neutral,,,0,0,True,False,"{'v2': 7, 'v1': 0}","{'v1': 'egg', 'v2': 'sock'}",neutral,
L3-44-01073-neutral,L3-44-01073,neutral,,,2,2,True,False,"{'v2': 2, 'v1': 2}","{'v1': 'tent', 'v2': 'rug'}",neutral,
L3-44-01074-neutral,L3-44-01074,neutral,,,9,9,True,False,"{'v2': 7, 'v1': 9}","{'v1': 'nut', 'v2': 'van'}",neutral,
L3-44-01075-neutral,L3-44-01075,neutral,,,1,0,False,False,"{'v2': 0, 'v1': 1}","{'v1': 'train', 'v2': 'soup'}",neutral,
L3-44-01076-neutral,L3-44-01076,neutral,,,1,1,True,False,"{'v2': 6, 'v1': 1}","{'v1': 'sky', 'v2': 'rod'}",neutral,
L3-44-01077-neutral,L3-44-01077,neutral,,,0,0,True,False,"{'v2': 2, 'v1': 0}","{'v1': 'car', 'v2': 'sun'}",neutral,
L3-44-01078-neutral,L3-44-01078,neutral,,,3,3,True,False,"{'v2': 1, 'v1': 3}","{'v1': 'map', 'v2': 'book'}",neutral,
L3-44-01079-neutral,L3-44-01079,neutral,,,3,3,True,False,"{'v2': 6, 'v1': 3}","{'v1': 'truck', 'v2': 'fish'}",neutral,
L3-44-01080-neutral,L3-44-01080,neutral,,,7,7,True,False,"{'v2': 6, 'v1': 7}","{'v1': 'jar', 'v2': 'soup'}",neutral,
L3-44-01081-neutral,L3-44-01081,neutral,,,6,6,True,False,"{'v2': 0, 'v1': 6}","{'v1': 'star', 'v2': 'fork'}",neutral,
L3-44-01082-neutral,L3-44-01082,neutral,,,2,2,True,False,"{'v2': 7, 'v1': 2}","{'v1': 'river', 'v2': 'rag'}",neutral,
L3-44-01083-neutral,L3-44-01083,neutral,,,0,0,True,False,"{'v2': 6, 'v1': 0}","{'v1': 'yard', 'v2': 'coat'}",neutral,
L3-44-01084-neutral,L3-44-01084,neutral,,,0,0,True,False,"{'v2': 0, 'v1': 0}","{'v1': 'box', 'v2': 'mouse'}",neutral,
L3-44-01085-neutral,L3-44-01085,neutral,,,9,9,True,False,"{'v2': 9, 'v1': 9}","{'v1': 'farm', 'v2': 'water'}",neutral,
L3-44-01086-neutral,L3-44-01086,neutral,,,5,5,True,False,"{'v2': 1, 'v1': 5}","{'v1': 'roof', 'v2': 'door'}",neutral,
L3-44-01087-neutral,L3-44-01087,neutral,,,8,8,True,False,"{'v2': 8, 'v1': 8}","{'v1': 'cat', 'v2': 'wolf'}",neutral,
L3-44-01088-neutral,L3-44-01088,neutral,,,8,8,True,False,"{'v2': 1, 'v1': 8}","{'v1': 'leaf', 'v2': 'bed'}",neutral,
L3-44-01089-neutral,L3-44-01089,neutral,,,1,1,True,False,"{'v2': 6, 'v1': 1}","{'v1': 'door', 'v2': 'train'}",neutral,
L3-44-01090-neutral,L3-44-01090,neutral,,,5,5,True,False,"{'v2': 1, 'v1': 5}","{'v1': 'ring', 'v2': 'cat'}",neutral,
L3-44-01091-neutral,L3-44-01091,neutral,,,6,6,True,False,"{'v2': 1, 'v1': 6}","{'v1': 'roof', 'v2': 'fig'}",neutral,
L3-44-01092-neutral,L3-44-01092,neutral,,,7,7,True,False,"{'v2': 1, 'v1': 7}","{'v1': 'bread', 'v2': 'ink'}",neutral,
L3-44-01093-neutral,L3-44-01093,neutral,,,4,4,True,False,"{'v2': 1, 'v1': 4}","{'v1': 'map', 'v2': 'pot'}",neutral,
L3-44-01094-neutral,L3-44-01094,neutral,,,0,0,True,False,"{'v2': 0, 'v1': 0}","{'v1': 'car', 'v2': 'river'}",neutral,
L3-44-01095-neutral,L3-44-01095,neutral,,,9,9,True,False,"{'v2': 6, 'v1': 9}","{'v1': 'mouse', 'v2': 'river'}",neutral,
L3-44-01096-neutral,L3-44-01096,neutral,,,1,1,True,False,"{'v2': 8, 'v1': 1}","{'v1': 'wolf', 'v2': 'nest'}",neutral,
L3-44-01097-neutral,L3-44-01097,neutral,,,8,8,True,False,"{'v2': 1, 'v1': 8}","{'v1': 'shirt', 'v2': 'bin'}",neutral,
L3-44-01098-neutral,L3-44-01098,neutral,,,7,7,True,False,"{'v2': 2, 'v1': 7}","{'v1': 'ant', 'v2': 'apple'}",neutral,
L3-44-01099-neutral,L3-44-01099,neutral,,,2,2,True,False,"{'v2': 5, 'v1': 2}","{'v1': 'pan', 'v2': 'tent'}",neutral,
L3-44-01100-neutral,L3-44-01100,neutral,,,2,2,True,False,"{'v2': 5, 'v1': 2}","{'v1': 'ink', 'v2': 'lamp'}",neutral,
L3-44-01101-neutral,L3-44-01101,neutral,,,6,6,True,False,"{'v2': 0, 'v1': 6}","{'v1': 'frog', 'v2': 'sock'}",neutral,
L3-44-01102-neutral,L3-44-01102,neutral,,,1,1,True,False,"{'v2': 8, 'v1': 1}","{'v1': 'water', 'v2': 'farm'}",neutral,
L3-44-01103-neutral,L3-44-01103,neutral,,,0,0,True,False,"{'v2': 9, 'v1': 0}","{'v1': 'fan', 'v2': 'desk'}",neutral,
L3-44-01104-neutral,L3-44-01104,neutral,,,9,9,True,False,"{'v2': 0, 'v1': 9}","{'v1': 'seed', 'v2': 'river'}",neutral,
L3-44-01105-neutral,L3-44-01105,neutral,,,5,4,False,False,"{'v2': 3, 'v1': 5}","{'v1': 'star', 'v2': 'lamp'}",neutral,
L3-44-01106-neutral,L3-44-01106,neutral,,,4,4,True,False,"{'v2': 2, 'v1': 4}","{'v1': 'salt', 'v2': 'road'}",neutral,
L3-44-01107-neutral,L3-44-01107,neutral,,,7,7,True,False,"{'v2': 7, 'v1': 7}","{'v1': 'pan', 'v2': 'jar'}",neutral,
L3-44-01108-neutral,L3-44-01108,neutral,,,2,2,True,False,"{'v2': 3, 'v1': 2}","{'v1': 'nest', 'v2': 'sky'}",neutral,
L3-44-01109-neutral,L3-44-01109,neutral,,,3,3,True,False,"{'v2': 0, 'v1': 3}","{'v1': 'pig', 'v2': 'bee'}",neutral,
L3-44-01110-neutral,L3-44-01110,neutral,,,5,5,True,False,"{'v2': 0, 'v1': 5}","{'v1': 'cat', 'v2': 'coat'}",neutral,
L3-44-01111-neutral,L3-44-01111,neutral,,,5,5,True,False,"{'v2': 1, 'v1': 5}","{'v1': 'key', 'v2': 'jar'}",neutral,
L3-44-01112-neutral,L3-44-01112,neutral,,,0,0,True,False,"{'v2': 1, 'v1': 0}","{'v1': 'map', 'v2': 'bread'}",neutral,
L3-44-01113-neutral,L3-44-01113,neutral,,,9,9,True,False,"{'v2': 0, 'v1': 9}","{'v1': 'owl', 'v2': 'rod'}",neutral,
L3-44-01114-neutral,L3-44-01114,neutral,,,6,6,True,False,"{'v2': 3, 'v1': 6}","{'v1': 'ham', 'v2': 'hat'}",neutral,
L3-44-01115-neutral,L3-44-01115,neutral,,,7,7,True,False,"{'v2': 1, 'v1': 7}","{'v1': 'water', 'v2': 'dog'}",neutral,
L3-44-01116-neutral,L3-44-01116,neutral,,,8,8,True,False,"{'v2': 6, 'v1': 8}","{'v1': 'nut', 'v2': 'river'}",neutral,
L3-44-01117-neutral,L3-44-01117,neutral,,,7,7,True,False,"{'v2': 1, 'v1': 7}","{'v1': 'boat', 'v2': 'star'}",neutral,
L3-44-01118-neutral,L3-44-01118,neutral,,,4,4,True,False,"{'v2': 0, 'v1': 4}","{'v1': 'sock', 'v2': 'bread'}",neutral,
L3-44-01119-neutral,L3-44-01119,neutral,,,7,7,True,False,"{'v2': 7, 'v1': 7}","{'v1': 'ship', 'v2': 'soap'}",neutral,
L3-44-01120-neutral,L3-44-01120,neutral,,,6,6,True,False,"{'v2': 1, 'v1': 6}","{'v1': 'pan', 'v2': 'desk'}",neutral,
L3-44-01121-neutral,L3-44-01121,neutral,,,9,9,True,False,"{'v2': 8, 'v1': 9}","{'v1': 'boat', 'v2': 'tent'}",neutral,
L3-44-01122-neutral,L3-44-01122,neutral,,,8,8,True,False,"{'v2': 0, 'v1': 8}","{'v1': 'ring', 'v2': 'ship'}",neutral,
L3-44-01123-neutral,L3-44-01123,neutral,,,5,5,True,False,"{'v2': 3, 'v1': 5}","{'v1': 'fan', 'v2': 'nut'}",neutral,
L3-44-01124-neutral,L3-44-01124,neutral,,,5,5,True,False,"{'v2': 5, 'v1': 5}","{'v1': 'desk', 'v2': 'truck'}",neutral,
L3-44-01125-neutral,L3-44-01125,neutral,,,8,8,True,False,"{'v2': 6, 'v1': 8}","{'v1': 'hill', 'v2': 'map'}",neutral,
L3-44-01126-neutral,L3-44-01126,neutral,,,5,5,True,False,"{'v2': 1, 'v1': 5}","{'v1': 'frog', 'v2': 'apple'}",neutral,
L3-44-01127-neutral,L3-44-01127,neutral,,,0,0,True,False,"{'v2': 1, 'v1': 0}","{'v1': 'chair', 'v2': 'roof'}",neutral,
L3-44-01128-neutral,L3-44-01128,neutral,,,5,5,True,False,"{'v2': 1, 'v1': 5}","{'v1': 'shirt', 'v2': 'river'}",neutral,
L3-44-01129-neutral,L3-44-01129,neutral,,,5,5,True,False,"{'v2': 0, 'v1': 5}","{'v1': 'boat', 'v2': 'pan'}",neutral,
L3-44-01130-neutral,L3-44-01130,neutral,,,3,3,True,False,"{'v2': 0, 'v1': 3}","{'v1': 'tea', 'v2': 'fox'}",neutral,
L3-44-01131-neutral,L3-44-01131,neutral,,,6,6,True,False,"{'v2': 5, 'v1': 6}","{'v1': 'bag', 'v2': 'yard'}",neutral,
L3-44-01132-neutral,L3-44-01132,neutral,,,3,0,False,False,"{'v2': 0, 'v1': 3}","{'v1': 'rag', 'v2': 'horse'}",neutral,
L3-44-01133-neutral,L3-44-01133,neutral,,,2,2,True,False,"{'v2': 3, 'v1': 2}","{'v1': 'wheel', 'v2': 'hat'}",neutral,
L3-44-01134-neutral,L3-44-01134,neutral,,,2,2,True,False,"{'v2': 0, 'v1': 2}","{'v1': 'cloud', 'v2': 'fish'}",neutral,
L3-44-01135-neutral,L3-44-01135,neutral,,,5,5,True,False,"{'v2': 2, 'v1': 5}","{'v1': 'fig', 'v2': 'ring'}",neutral,
L3-44-01136-neutral,L3-44-01136,neutral,,,6,6,True,False,"{'v2': 0, 'v1': 6}","{'v1': 'fan', 'v2': 'key'}",neutral,
L3-44-01137-neutral,L3-44-01137,neutral,,,5,5,True,False,"{'v2': 2, 'v1': 5}","{'v1': 'river', 'v2': 'sock'}",neutral,
L3-44-01138-neutral,L3-44-01138,neutral,,,6,6,True,False,"{'v2': 6, 'v1': 6}","{'v1': 'bee', 'v2': 'rod'}",neutral,
L3-44-01139-neutral,L3-44-01139,neutral,,,7,7,True,False,"{'v2': 5, 'v1': 7}","{'v1': 'owl', 'v2': 'water'}",neutral,
L3-44-01140-neutral,L3-44-01140,neutral,,,2,2,True,False,"{'v2': 7, 'v1': 2}","{'v1': 'fox', 'v2': 'table'}",neutral,
L3-44-01141-neutral,L3-44-01141,neutral,,,2,2,True,False,"{'v2': 1, 'v1': 2}","{'v1': 'bed', 'v2': 'frog'}",neutral,
L3-44-01142-neutral,L3-44-01142,neutral,,,9,9,True,False,"{'v2': 2, 'v1': 9}","{'v1': 'train', 'v2': 'farm'}",neutral,
L3-44-01143-neutral,L3-44-01143,neutral,,,3,3,True,False,"{'v2': 6, 'v1': 3}","{'v1': 'lid', 'v2': 'pan'}",neutral,
L3-44-01144-neutral,L3-44-01144,neutral,,,2,2,True,False,"{'v2': 7, 'v1': 2}","{'v1': 'apple', 'v2': 'hill'}",neutral,
L3-44-01145-neutral,L3-44-01145,neutral,,,7,7,True,False,"{'v2': 5, 'v1': 7}","{'v1': 'coat', 'v2': 'table'}",neutral,
L3-44-01146-neutral,L3-44-01146,neutral,,,4,4,True,False,"{'v2': 0, 'v1': 4}","{'v1': 'soup', 'v2': 'bag'}",neutral,
L3-44-01147-neutral,L3-44-01147,neutral,,,5,5,True,False,"{'v2': 1, 'v1': 5}","{'v1': 'cake', 'v2': 'ham'}",neutral,
L3-44-01148-neutral,L3-44-01148,neutral,,,4,4,True,False,"{'v2': 1, 'v1': 4}","{'v1': 'ring', 'v2': 'wolf'}",neutral,
L3-44-01149-neutral,L3-44-01149,neutral,,,6,6,True,False,"{'v2': 0, 'v1': 6}","{'v1': 'van', 'v2': 'toy'}",neutral,
L3-44-01150-neutral,L3-44-01150,neutral,,,0,0,True,False,"{'v2': 7, 'v1': 0}","{'v1': 'shirt', 'v2': 'chair'}",neutral,
L3-44-01151-neutral,L3-44-01151,neutral,,,5,5,True,False,"{'v2': 1, 'v1': 5}","{'v1': 'seed', 'v2': 'fan'}",neutral,
L3-44-01152-neutral,L3-44-01152,neutral,,,7,7,True,False,"{'v2': 3, 'v1': 7}","{'v1': 'map', 'v2': 'road'}",neutral,
L3-44-01153-neutral,L3-44-01153,neutral,,,6,6,True,False,"{'v2': 1, 'v1': 6}","{'v1': 'yard', 'v2': 'ship'}",neutral,
L3-44-01154-neutral,L3-44-01154,neutral,,,7,7,True,False,"{'v2': 2, 'v1': 7}","{'v1': 'fig', 'v2': 'pig'}",neutral,
L3-44-01155-neutral,L3-44-01155,neutral,,,2,2,True,False,"{'v2': 0, 'v1': 2}","{'v1': 'bin', 'v2': 'bee'}",neutral,
L3-44-01156-neutral,L3-44-01156,neutral,,,7,7,True,False,"{'v2': 2, 'v1': 7}","{'v1': 'coat', 'v2': 'train'}",neutral,
L3-44-01157-neutral,L3-44-01157,neutral,,,4,4,True,False,"{'v2': 0, 'v1': 4}","{'v1': 'box', 'v2': 'hill'}",neutral,
L3-44-01158-neutral,L3-44-01158,neutral,,,6,6,True,False,"{'v2': 6, 'v1': 6}","{'v1': 'egg', 'v2': 'key'}",neutral,
L3-44-01159-neutral,L3-44-01159,neutral,,,1,-1,False,False,"{'v2': 6, 'v1': 1}","{'v1': 'coat', 'v2': 'table'}",neutral,
L3-44-01160-neutral,L3-44-01160,neutral,,,2,2,True,False,"{'v2': 2, 'v1': 2}","{'v1': 'egg', 'v2': 'seed'}",neutral,
L3-44-01161-neutral,L3-44-01161,neutral,,,3,3,True,False,"{'v2': 1, 'v1': 3}","{'v1': 'roof', 'v2': 'ink'}",neutral,
L3-44-01162-neutral,L3-44-01162,neutral,,,0,0,True,False,"{'v2': 6, 'v1': 0}","{'v1': 'chair', 'v2': 'soap'}",neutral,
L3-44-01163-neutral,L3-44-01163,neutral,,,2,2,True,False,"{'v2': 7, 'v1': 2}","{'v1': 'soup', 'v2': 'sun'}",neutral,
L3-44-01164-neutral,L3-44-01164,neutral,,,6,6,True,False,"{'v2': 2, 'v1': 6}","{'v1': 'owl', 'v2': 'egg'}",neutral,
L3-44-01165-neutral,L3-44-01165,neutral,,,6,6,True,False,"{'v2': 0, 'v1': 6}","{'v1': 'wolf', 'v2': 'ham'}",neutral,
L3-44-01166-neutral,L3-44-01166,neutral,,,6,6,True,False,"{'v2': 0, 'v1': 6}","{'v1': 'train', 'v2': 'ink'}",neutral,
L3-44-01167-neutral,L3-44-01167,neutral,,,0,0,True,False,"{'v2': 5, 'v1': 0}","{'v1': 'van', 'v2': 'book'}",neutral,
L3-44-01168-neutral,L3-44-01168,neutral,,,1,1,True,False,"{'v2': 6, 'v1': 1}","{'v1': 'lid', 'v2': 'toy'}",neutral,
L3-44-01169-neutral,L3-44-01169,neutral,,,8,8,True,False,"{'v2': 1, 'v1': 8}","{'v1': 'cow', 'v2': 'coat'}",neutral,
L3-44-01170-neutral,L3-44-01170,neutral,,,7,7,True,False,"{'v2': 7, 'v1': 7}","{'v1': 'door', 'v2': 'soup'}",neutral,
L3-44-01171-neutral,L3-44-01171,neutral,,,4,4,True,False,"{'v2': 0, 'v1': 4}","{'v1': 'ham', 'v2': 'horse'}",neutral,
L3-44-01172-neutral,L3-44-01172,neutral,,,7,7,True,False,"{'v2': 5, 'v1': 7}","{'v1': 'net', 'v2': 'farm'}",neutral,
L3-44-01173-neutral,L3-44-01173,neutral,,,4,4,True,False,"{'v2': 1, 'v1': 4}","{'v1': 'wheel', 'v2': 'salt'}",neutral,
L3-44-01174-neutral,L3-44-01174,neutral,,,0,0,True,False,"{'v2': 3, 'v1': 0}","{'v1': 'bin', 'v2': 'water'}",neutral,
L3-44-01175-neutral,L3-44-01175,neutral,,,7,7,True,False,"{'v2': 7, 'v1': 7}","{'v1': 'fig', 'v2': 'rag'}",neutral,
L3-44-01176-neutral,L3-44-01176,neutral,,,0,0,True,False,"{'v2': 6, 'v1': 0}","{'v1': 'ham', 'v2': 'water'}",neutral,
L3-44-01177-neutral,L3-44-01177,neutral,,,7,7,True,False,"{'v2': 3, 'v1': 7}","{'v1': 'boat', 'v2': 'ham'}",neutral,
L3-44-01178-neutral,L3-44-01178,neutral,,,1,1,True,False,"{'v2': 0, 'v1': 1}","{'v1': 'bin', 'v2': 'cake'}",neutral,
L3-44-01179-neutral,L3-44-01179,neutral,,,2,2,True,False,"{'v2': 2, 'v1': 2}","{'v1': 'bed', 'v2': 'table'}",neutral,
L3-44-01180-neutral,L3-44-01180,neutral,,,6,6,True,False,"{'v2': 1, 'v1': 6}","{'v1': 'lid', 'v2': 'egg'}",neutral,
L3-44-01181-neutral,L3-44-01181,neutral,,,4,4,True,False,"{'v2': 5, 'v1': 4}","{'v1': 'box', 'v2': 'owl'}",neutral,
L3-44-01182-neutral,L3-44-01182,neutral,,,6,6,True,False,"{'v2': 6, 'v1': 6}","{'v1': 'fox', 'v2': 'dog'}",neutral,
L3-44-01183-neutral,L3-44-01183,neutral,,,2,2,True,False,"{'v2': 3, 'v1': 2}","{'v1': 'soup', 'v2': 'nest'}",neutral,
L3-44-01184-neutral,L3-44-01184,neutral,,,1,1,True,False,"{'v2': 8, 'v1': 1}","{'v1': 'shirt', 'v2': 'jar'}",neutral,
L3-44-01185-neutral,L3-44-01185,neutral,,,3,3,True,False,"{'v2': 0, 'v1': 3}","{'v1': 'pear', 'v2': 'cap'}",neutral,
L3-44-01186-neutral,L3-44-01186,neutral,,,0,0,True,False,"{'v2': 7, 'v1': 0}","{'v1': 'sky', 'v2': 'pig'}",neutral,
L3-44-01187-neutral,L3-44-01187,neutral,,,4,4,True,False,"{'v2': 1, 'v1': 4}","{'v1': 'soap', 'v2': 'bin'}",neutral,
L3-44-01188-neutral,L3-44-01188,neutral,,,3,3,True,False,"{'v2': 1, 'v1': 3}","{'v1': 'net', 'v2': 'ink'}",neutral,
L3-44-01189-neutral,L3-44-01189,neutral,,,8,8,True,False,"{'v2': 8, 'v1': 8}","{'v1': 'ship', 'v2': 'table'}",neutral,
L3-44-01190-neutral,L3-44-01190,neutral,,,2,2,True,False,"{'v2': 5, 'v1': 2}","{'v1': 'table', 'v2': 'coat'}",neutral,
L3-44-01191-neutral,L3-44-01191,neutral,,,8,8,True,False,"{'v2': 1, 'v1': 8}","{'v1': 'star', 'v2': 'jam'}",neutral,
L3-44-01192-neutral,L3-44-01192,neutral,,,1,1,True,False,"{'v2': 2, 'v1': 1}","{'v1': 'map', 'v2': 'rag'}",neutral,
L3-44-01193-neutral,L3-44-01193,neutral,,,4,4,True,False,"{'v2': 1, 'v1': 4}","{'v1': 'egg', 'v2': 'roof'}",neutral,
L3-44-01194-neutral,L3-44-01194,neutral,,,3,3,True,False,"{'v2': 1, 'v1': 3}","{'v1': 'chair', 'v2': 'yard'}",neutral,
L3-44-01195-neutral,L3-44-01195,neutral,,,0,0,True,False,"{'v2': 0, 'v1': 0}","{'v1': 'bin', 'v2': 'sky'}",neutral,
L3-44-01196-neutral,L3-44-01196,neutral,,,7,7,True,False,"{'v2': 5, 'v1': 7}","{'v1': 'tea', 'v2': 'soup'}",neutral,
L3-44-01197-neutral,L3-44-01197,neutral,,,3,3,True,False,"{'v2': 1, 'v1': 3}","{'v1': 'cake', 'v2': 'mouse'}",neutral,
L3-44-01198-neutral,L3-44-01198,neutral,,,6,6,True,False,"{'v2': 2, 'v1': 6}","{'v1': 'shirt', 'v2': 'net'}",neutral,
L3-44-01199-neutral,L3-44-01199,neutral,,,6,6,True,False,"{'v2': 2, 'v1': 6}","{'v1': 'lid', 'v2': 'pig'}",neutral,
L3-44-01200-neutral,L3-44-01200,neutral,,,9,9,True,False,"{'v2': 7, 'v1': 9}","{'v1': 'lamp', 'v2': 'sun'}",neutral,
L3-44-01201-neutral,L3-44-01201,neutral,,,5,5,True,False,"{'v2': 3, 'v1': 5}","{'v1': 'pig', 'v2': 'horse'}",neutral,
L3-44-01202-neutral,L3-44-01202,neutral,,,2,2,True,False,"{'v2': 0, 'v1': 2}","{'v1': 'net', 'v2': 'cow'}",neutral,
L3-44-01203-neutral,L3-44-01203,neutral,,,2,2,True,False,"{'v2': 1, 'v1': 2}","{'v1': 'egg', 'v2': 'mouse'}",neutral,
L3-44-01204-neutral,L3-44-01204,neutral,,,3,2,False,False,"{'v2': 0, 'v1': 3}","{'v1': 'toy', 'v2': 'seed'}",neutral,
L3-44-01205-neutral,L3-44-01205,neutral,,,6,6,True,False,"{'v2': 0, 'v1': 6}","{'v1': 'ham', 'v2': 'book'}",neutral,
L3-44-01206-neutral,L3-44-01206,neutral,,,6,6,True,False,"{'v2': 1, 'v1': 6}","{'v1': 'ship', 'v2': 'box'}",neutral,
L3-44-01207-neutral,L3-44-01207,neutral,,,9,9,True,False,"{'v2': 0, 'v1': 9}","{'v1': 'table', 'v2': 'fish'}",neutral,
L3-44-01208-neutral,L3-44-01208,neutral,,,1,-1,False,False,"{'v2': 0, 'v1': 1}","{'v1': 'key', 'v2': 'ring'}",neutral,
L3-44-01209-neutral,L3-44-01209,neutral,,,3,3,True,False,"{'v2': 6, 'v1': 3}","{'v1': 'pear', 'v2': 'dog'}",neutral,
L3-44-01210-neutral,L3-44-01210,neutral,,,4,4,True,False,"{'v2': 0, 'v1': 4}","{'v1': 'soup', 'v2': 'cap'}",neutral,
L3-44-01211-neutral,L3-44-01211,neutral,,,2,2,True,False,"{'v2': 0, 'v1': 2}","{'v1': 'hill', 'v2': 'ink'}",neutral,
L3-44-01212-neutral,L3-44-01212,neutral,,,1,1,True,False,"{'v2': 8, 'v1': 1}","{'v1': 'key', 'v2': 'cat'}",neutral,
L3-44-01213-neutral,L3-44-01213,neutral,,,7,7,True,False,"{'v2': 5, 'v1': 7}","{'v1': 'bin', 'v2': 'hat'}",neutral,
L3-44-01214-neutral,L3-44-01214,neutral,,,4,4,True,False,"{'v2': 0, 'v1': 4}","{'v1': 'fox', 'v2': 'bread'}",neutral,
L3-44-01215-neutral,L3-44-01215,neutral,,,6,6,True,False,"{'v2': 0, 'v1': 6}","{'v1': 'pot', 'v2': 'ring'}",neutral,
L3-44-01216-neutral,L3-44-01216,neutral,,,7,7,True,False,"{'v2': 1, 'v1': 7}","{'v1': 'tea', 'v2': 'salt'}",neutral,
L3-44-01217-neutral,L3-44-01217,neutral,,,0,0,True,False,"{'v2': 6, 'v1': 0}","{'v1': 'train', 'v2': 'pan'}",neutral,
L3-44-01218-neutral,L3-44-01218,neutral,,,9,12,False,False,"{'v2': 3, 'v1': 9}","{'v1': 'owl', 'v2': 'star'}",neutral,
L3-44-01219-neutral,L3-44-01219,neutral,,,9,9,True,False,"{'v2': 8, 'v1': 9}","{'v1': 'frog', 'v2': 'sock'}",neutral,
L3-44-01220-neutral,L3-44-01220,neutral,,,5,5,True,False,"{'v2': 5, 'v1': 5}","{'v1': 'cap', 'v2': 'rod'}",neutral,
L3-44-01221-neutral,L3-44-01221,neutral,,,3,3,True,False,"{'v2': 1, 'v1': 3}","{'v1': 'ant', 'v2': 'pear'}",neutral,
L3-44-01222-neutral,L3-44-01222,neutral,,,1,1,True,False,"{'v2': 1, 'v1': 1}","{'v1': 'pot', 'v2': 'coat'}",neutral,
L3-44-01223-neutral,L3-44-01223,neutral,,,7,7,True,False,"{'v2': 6, 'v1': 7}","{'v1': 'net', 'v2': 'bread'}",neutral,
L3-44-01224-neutral,L3-44-01224,neutral,,,0,0,True,False,"{'v2': 5, 'v1': 0}","{'v1': 'bag', 'v2': 'star'}",neutral,
L3-44-01225-neutral,L3-44-01225,neutral,,,8,8,True,False,"{'v2': 5, 'v1': 8}","{'v1': 'door', 'v2': 'book'}",neutral,
L3-44-01226-neutral,L3-44-01226,neutral,,,4,4,True,False,"{'v2': 1, 'v1': 4}","{'v1': 'ham', 'v2': 'road'}",neutral,
L3-44-01227-neutral,L3-44-01227,neutral,,,0,-2,False,False,"{'v2': 0, 'v1': 0}","{'v1': 'horse', 'v2': 'nut'}",neutral,
L3-44-01228-neutral,L3-44-01228,neutral,,,7,7,True,False,"{'v2': 5, 'v1': 7}","{'v1': 'pig', 'v2': 'gem'}",neutral,
L3-44-01229-neutral,L3-44-01229,neutral,,,7,7,True,False,"{'v2': 1, 'v1': 7}","{'v1': 'soap', 'v2': 'truck'}",neutral,
L3-44-01230-neutral,L3-44-01230,neutral,,,5,5,True,False,"{'v2': 1, 'v1': 5}","{'v1': 'leaf', 'v2': 'egg'}",neutral,
L3-44-01231-neutral,L3-44-01231,neutral,,,0,0,True,False,"{'v2': 5, 'v1': 0}","{'v1': 'soup', 'v2': 'bed'}",neutral,
L3-44-01232-neutral,L3-44-01232,neutral,,,4,4,True,False,"{'v2': 3, 'v1': 4}","{'v1': 'chair', 'v2': 'jam'}",neutral,
L3-44-01233-neutral,L3-44-01233,neutral,,,1,1,True,False,"{'v2': 2, 'v1': 1}","{'v1': 'ring', 'v2': 'soap'}",neutral,
L3-44-01234-neutral,L3-44-01234,neutral,,,7,7,True,False,"{'v2': 7, 'v1': 7}","{'v1': 'rag', 'v2': 'tea'}",neutral,
L3-44-01235-neutral,L3-44-01235,neutral,,,9,9,True,False,"{'v2': 6, 'v1': 9}","{'v1': 'cow', 'v2': 'rod'}",neutral,
L3-44-01236-neutral,L3-44-01236,neutral,,,7,7,True,False,"{'v2': 1, 'v1': 7}","{'v1': 'mouse', 'v2': 'ring'}",neutral,
L3-44-01237-neutral,L3-44-01237,neutral,,,6,6,True,False,"{'v2': 6, 'v1': 6}","{'v1': 'leaf', 'v2': 'nest'}",neutral,
L3-44-01238-neutral,L3-44-01238,neutral,,,3,3,True,False,"{'v2': 1, 'v1': 3}","{'v1': 'key', 'v2': 'fox'}",neutral,
L3-44-01239-neutral,L3-44-01239,neutral,,,7,7,True,False,"{'v2': 7, 'v1': 7}","{'v1': 'cloud', 'v2': 'cap'}",neutral,
L3-44-01240-neutral,L3-44-01240,neutral,,,4,4,True,False,"{'v2': 3, 'v1': 4}","{'v1': 'hill', 'v2': 'roof'}",neutral,
L3-44-01241-neutral,L3-44-01241,neutral,,,1,1,True,False,"{'v2': 0, 'v1': 1}","{'v1': 'soap', 'v2': 'rag'}",neutral,
L3-44-01242-neutral,L3-44-01242,neutral,,,1,1,True,False,"{'v2': 0, 'v1': 1}","{'v1': 'wheel', 'v2': 'salt'}",neutral,
L3-44-01243-neutral,L3-44-01243,neutral,,,2,2,True,False,"{'v2': 1, 'v1': 2}","{'v1': 'fox', 'v2': 'mouse'}",neutral,
L3-44-01244-neutral,L3-44-01244,neutral,,,2,2,True,False,"{'v2': 1, 'v1': 2}","{'v1': 'gem', 'v2': 'net'}",neutral,
L3-44-01245-neutral,L3-44-01245,neutral,,,6,6,True,False,"{'v2': 0, 'v1': 6}","{'v1': 'net', 'v2': 'cat'}",neutral,
L3-44-01246-neutral,L3-44-01246,neutral,,,2,2,True,False,"{'v2': 5, 'v1': 2}","{'v1': 'cat', 'v2': 'ink'}",neutral,
L3-44-01247-neutral,L3-44-01247,neutral,,,6,6,True,False,"{'v2': 6, 'v1': 6}","{'v1': 'owl', 'v2': 'fox'}",neutral,
L3-44-01248-neutral,L3-44-01248,neutral,,,3,3,True,False,"{'v2': 1, 'v1': 3}","{'v1': 'soup', 'v2': 'car'}",neutral,
L3-44-01249-neutral,L3-44-01249,neutral,,,8,8,True,False,"{'v2': 1, 'v1': 8}","{'v1': 'cake', 'v2': 'soap'}",neutral,
L3-44-01250-neutral,L3-44-01250,neutral,,,6,6,True,False,"{'v2': 2, 'v1': 6}","{'v1': 'yard', 'v2': 'lake'}",neutral,
L3-44-01251-neutral,L3-44-01251,neutral,,,2,2,True,False,"{'v2': 0, 'v1': 2}","{'v1': 'farm', 'v2': 'desk'}",neutral,
L3-44-01252-neutral,L3-44-01252,neutral,,,9,9,True,False,"{'v2': 6, 'v1': 9}","{'v1': 'owl', 'v2': 'lake'}",neutral,
L3-44-01253-neutral,L3-44-01253,neutral,,,1,1,True,False,"{'v2': 8, 'v1': 1}","{'v1': 'mouse', 'v2': 'fan'}",neutral,
L3-44-01254-neutral,L3-44-01254,neutral,,,8,8,True,False,"{'v2': 1, 'v1': 8}","{'v1': 'nut', 'v2': 'pig'}",neutral,
L3-44-01255-neutral,L3-44-01255,neutral,,,2,2,True,False,"{'v2': 5, 'v1': 2}","{'v1': 'net', 'v2': 'sock'}",neutral,
L3-44-01256-neutral,L3-44-01256,neutral,,,1,1,True,False,"{'v2': 8, 'v1': 1}","{'v1': 'door', 'v2': 'owl'}",neutral,
L3-44-01257-neutral,L3-44-01257,neutral,,,3,3,True,False,"{'v2': 3, 'v1': 3}","{'v1': 'pear', 'v2': 'soap'}",neutral,
L3-44-01258-neutral,L3-44-01258,neutral,,,8,8,True,False,"{'v2': 1, 'v1': 8}","{'v1': 'wheel', 'v2': 'seed'}",neutral,
L3-44-01259-neutral,L3-44-01259,neutral,,,9,9,True,False,"{'v2': 1, 'v1': 9}","{'v1': 'soap', 'v2': 'gem'}",neutral,
L3-44-01260-neutral,L3-44-01260,neutral,,,1,1,True,False,"{'v2': 0, 'v1': 1}","{'v1': 'apple', 'v2': 'ring'}",neutral,
L3-44-01261-neutral,L3-44-01261,neutral,,,2,2,True,False,"{'v2': 7, 'v1': 2}","{'v1': 'jar', 'v2': 'seed'}",neutral,
L3-44-01262-neutral,L3-44-01262,neutral,,,7,7,True,False,"{'v2': 3, 'v1': 7}","{'v1': 'farm', 'v2': 'rug'}",neutral,
L3-44-01263-neutral,L3-44-01263,neutral,,,6,6,True,False,"{'v2': 5, 'v1': 6}","{'v1': 'bag', 'v2': 'train'}",neutral,
L3-44-01264-neutral,L3-44-01264,neutral,,,9,9,True,False,"{'v2': 6, 'v1': 9}","{'v1': 'key', 'v2': 'frog'}",neutral,
L3-44-01265-neutral,L3-44-01265,neutral,,,2,2,True,False,"{'v2': 2, 'v1': 2}","{'v1': 'cap', 'v2': 'nest'}",neutral,
L3-44-01266-neutral,L3-44-01266,neutral,,,4,4,True,False,"{'v2': 2, 'v1': 4}","{'v1': 'yard', 'v2': 'desk'}",neutral,
L3-44-01267-neutral,L3-44-01267,neutral,,,9,9,True,False,"{'v2': 9, 'v1': 9}","{'v1': 'train', 'v2': 'lake'}",neutral,
L3-44-01268-neutral,L3-44-01268,neutral,,,4,4,True,False,"{'v2': 2, 'v1': 4}","{'v1': 'salt', 'v2': 'farm'}",neutral,
L3-44-01269-neutral,L3-44-01269,neutral,,,7,7,True,False,"{'v2': 1, 'v1': 7}","{'v1': 'soup', 'v2': 'lake'}",neutral,
L3-44-01270-neutral,L3-44-01270,neutral,,,6,6,True,False,"{'v2': 1, 'v1': 6}","{'v1': 'shirt', 'v2': 'river'}",neutral,
L3-44-01271-neutral,L3-44-01271,neutral,,,3,3,True,False,"{'v2': 2, 'v1': 3}","{'v1': 'car', 'v2': 'cap'}",neutral,
L3-44-01272-neutral,L3-44-01272,neutral,,,6,6,True,False,"{'v2': 6, 'v1': 6}","{'v1': 'ring', 'v2': 'dog'}",neutral,
L3-44-01273-neutral,L3-44-01273,neutral,,,9,9,True,False,"{'v2': 7, 'v1': 9}","{'v1': 'shirt', 'v2': 'cow'}",neutral,
L3-44-01274-neutral,L3-44-01274,neutral,,,2,2,True,False,"{'v2': 1, 'v1': 2}","{'v1': 'sock', 'v2': 'road'}",neutral,
L3-44-01275-neutral,L3-44-01275,neutral,,,1,1,True,False,"{'v2': 2, 'v1': 1}","{'v1': 'water', 'v2': 'owl'}",neutral,
L3-44-01276-neutral,L3-44-01276,neutral,,,9,9,True,False,"{'v2': 7, 'v1': 9}","{'v1': 'lamp', 'v2': 'wheel'}",neutral,
L3-44-01277-neutral,L3-44-01277,neutral,,,9,9,True,False,"{'v2': 1, 'v1': 9}","{'v1': 'farm', 'v2': 'water'}",neutral,
L3-44-01278-neutral,L3-44-01278,neutral,,,7,7,True,False,"{'v2': 5, 'v1': 7}","{'v1': 'hat', 'v2': 'lamp'}",neutral,
L3-44-01279-neutral,L3-44-01279,neutral,,,5,5,True,False,"{'v2': 5, 'v1': 5}","{'v1': 'ink', 'v2': 'desk'}",neutral,
L3-44-01280-neutral,L3-44-01280,neutral,,,4,4,True,False,"{'v2': 2, 'v1': 4}","{'v1': 'train', 'v2': 'road'}",neutral,
L3-44-01281-neutral,L3-44-01281,neutral,,,0,0,True,False,"{'v2': 0, 'v1': 0}","{'v1': 'desk', 'v2': 'nut'}",neutral,
L3-44-01282-neutral,L3-44-01282,neutral,,,4,4,True,False,"{'v2': 5, 'v1': 4}","{'v1': 'fig', 'v2': 'shirt'}",neutral,
L3-44-01283-neutral,L3-44-01283,neutral,,,9,9,True,False,"{'v2': 9, 'v1': 9}","{'v1': 'truck', 'v2': 'dog'}",neutral,
L3-44-01284-neutral,L3-44-01284,neutral,,,6,6,True,False,"{'v2': 2, 'v1': 6}","{'v1': 'lamp', 'v2': 'pot'}",neutral,
L3-44-01285-neutral,L3-44-01285,neutral,,,8,8,True,False,"{'v2': 2, 'v1': 8}","{'v1': 'car', 'v2': 'train'}",neutral,
L3-44-01286-neutral,L3-44-01286,neutral,,,4,4,True,False,"{'v2': 3, 'v1': 4}","{'v1': 'soup', 'v2': 'frog'}",neutral,
L3-44-01287-neutral,L3-44-01287,neutral,,,0,0,True,False,"{'v2': 9, 'v1': 0}","{'v1': 'soap', 'v2': 'cat'}",neutral,
L3-44-01288-neutral,L3-44-01288,neutral,,,5,5,True,False,"{'v2': 1, 'v1': 5}","{'v1': 'lamp', 'v2': 'bag'}",neutral,
L3-44-01289-neutral,L3-44-01289,neutral,,,7,7,True,False,"{'v2': 7, 'v1': 7}","{'v1': 'farm', 'v2': 'seed'}",neutral,
L3-44-01290-neutral,L3-44-01290,neutral,,,7,7,True,False,"{'v2': 0, 'v1': 7}","{'v1': 'fish', 'v2': 'tea'}",neutral,
L3-44-01291-neutral,L3-44-01291,neutral,,,2,2,True,False,"{'v2': 6, 'v1': 2}","{'v1': 'star', 'v2': 'truck'}",neutral,
L3-44-01292-neutral,L3-44-01292,neutral,,,8,8,True,False,"{'v2': 2, 'v1': 8}","{'v1': 'farm', 'v2': 'toy'}",neutral,
L3-44-01293-neutral,L3-44-01293,neutral,,,1,1,True,False,"{'v2': 2, 'v1': 1}","{'v1': 'map', 'v2': 'bag'}",neutral,
L3-44-01294-neutral,L3-44-01294,neutral,,,0,-6,False,False,"{'v2': 0, 'v1': 0}","{'v1': 'bus', 'v2': 'yard'}",neutral,
L3-44-01295-neutral,L3-44-01295,neutral,,,1,1,True,False,"{'v2': 7, 'v1': 1}","{'v1': 'coat', 'v2': 'jar'}",neutral,
L3-44-01296-neutral,L3-44-01296,neutral,,,2,2,True,False,"{'v2': 0, 'v1': 2}","{'v1': 'desk', 'v2': 'pig'}",neutral,
L3-44-01297-neutral,L3-44-01297,neutral,,,1,0,False,False,"{'v2': 0, 'v1': 1}","{'v1': 'rod', 'v2': 'nut'}",neutral,
L3-44-01298-neutral,L3-44-01298,neutral,,,1,1,True,False,"{'v2': 6, 'v1': 1}","{'v1': 'wolf', 'v2': 'fox'}",neutral,
L3-44-01299-neutral,L3-44-01299,neutral,,,0,0,True,False,"{'v2': 2, 'v1': 0}","{'v1': 'lake', 'v2': 'hat'}",neutral,
L3-44-01300-neutral,L3-44-01300,neutral,,,0,-4,False,False,"{'v2': 7, 'v1': 0}","{'v1': 'fork', 'v2': 'shirt'}",neutral,
L3-44-01301-neutral,L3-44-01301,neutral,,,8,8,True,False,"{'v2': 0, 'v1': 8}","{'v1': 'boat', 'v2': 'bin'}",neutral,
L3-44-01302-neutral,L3-44-01302,neutral,,,0,0,True,False,"{'v2': 7, 'v1': 0}","{'v1': 'bed', 'v2': 'ink'}",neutral,
L3-44-01303-neutral,L3-44-01303,neutral,,,8,8,True,False,"{'v2': 1, 'v1': 8}","{'v1': 'pot', 'v2': 'cap'}",neutral,
L3-44-01304-neutral,L3-44-01304,neutral,,,1,1,True,False,"{'v2': 2, 'v1': 1}","{'v1': 'net', 'v2': 'bed'}",neutral,
L3-44-01305-neutral,L3-44-01305,neutral,,,4,4,True,False,"{'v2': 1, 'v1': 4}","{'v1': 'horse', 'v2': 'bread'}",neutral,
L3-44-01306-neutral,L3-44-01306,neutral,,,8,8,True,False,"{'v2': 0, 'v1': 8}","{'v1': 'bag', 'v2': 'web'}",neutral,
L3-44-01307-neutral,L3-44-01307,neutral,,,7,7,True,False,"{'v2': 1, 'v1': 7}","{'v1': 'web', 'v2': 'nest'}",neutral,
L3-44-01308-neutral,L3-44-01308,neutral,,,2,2,True,False,"{'v2': 5, 'v1': 2}","{'v1': 'yard', 'v2': 'boat'}",neutral,
L3-44-01309-neutral,L3-44-01309,neutral,,,9,9,True,False,"{'v2': 0, 'v1': 9}","{'v1': 'dog', 'v2': 'lamp'}",neutral,
L3-44-01310-neutral,L3-44-01310,neutral,,,3,3,True,False,"{'v2': 6, 'v1': 3}","{'v1': 'box', 'v2': 'wolf'}",neutral,
L3-44-01311-neutral,L3-44-01311,neutral,,,8,8,True,False,"{'v2': 6, 'v1': 8}","{'v1': 'egg', 'v2': 'ant'}",neutral,
L3-44-01312-neutral,L3-44-01312,neutral,,,3,3,True,False,"{'v2': 1, 'v1': 3}","{'v1': 'cap', 'v2': 'frog'}",neutral,
L3-44-01313-neutral,L3-44-01313,neutral,,,1,1,True,False,"{'v2': 0, 'v1': 1}","{'v1': 'fig', 'v2': 'water'}",neutral,
L3-44-01314-neutral,L3-44-01314,neutral,,,4,4,True,False,"{'v2': 3, 'v1': 4}","{'v1': 'box', 'v2': 'fig'}",neutral,
L3-44-01315-neutral,L3-44-01315,neutral,,,5,5,True,False,"{'v2': 3, 'v1': 5}","{'v1': 'tent', 'v2': 'sun'}",neutral,
L3-44-01316-neutral,L3-44-01316,neutral,,,2,2,True,False,"{'v2': 0, 'v1': 2}","{'v1': 'road', 'v2': 'ant'}",neutral,
L3-44-01317-neutral,L3-44-01317,neutral,,,7,7,True,False,"{'v2': 3, 'v1': 7}","{'v1': 'tea', 'v2': 'fig'}",neutral,
L3-44-01318-neutral,L3-44-01318,neutral,,,3,3,True,False,"{'v2': 0, 'v1': 3}","{'v1': 'wheel', 'v2': 'pig'}",neutral,
L3-44-01319-neutral,L3-44-01319,neutral,,,7,7,True,False,"{'v2': 0, 'v1': 7}","{'v1': 'key', 'v2': 'soap'}",neutral,
L3-44-01320-neutral,L3-44-01320,neutral,,,8,8,True,False,"{'v2': 0, 'v1': 8}","{'v1': 'hat', 'v2': 'boat'}",neutral,
L3-44-01321-neutral,L3-44-01321,neutral,,,0,0,True,False,"{'v2': 3, 'v1': 0}","{'v1': 'egg', 'v2': 'moon'}",neutral,
L3-44-01322-neutral,L3-44-01322,neutral,,,7,7,True,False,"{'v2': 0, 'v1': 7}","{'v1': 'sky', 'v2': 'soup'}",neutral,
L3-44-01323-neutral,L3-44-01323,neutral,,,1,1,True,False,"{'v2': 7, 'v1': 1}","{'v1': 'ham', 'v2': 'fan'}",neutral,
L3-44-01324-neutral,L3-44-01324,neutral,,,1,1,True,False,"{'v2': 1, 'v1': 1}","{'v1': 'toy', 'v2': 'desk'}",neutral,
L3-44-01325-neutral,L3-44-01325,neutral,,,9,9,True,False,"{'v2': 6, 'v1': 9}","{'v1': 'cat', 'v2': 'map'}",neutral,
L3-44-01326-neutral,L3-44-01326,neutral,,,2,2,True,False,"{'v2': 6, 'v1': 2}","{'v1': 'roof', 'v2': 'truck'}",neutral,
L3-44-01327-neutral,L3-44-01327,neutral,,,5,5,True,False,"{'v2': 1, 'v1': 5}","{'v1': 'lid', 'v2': 'cloud'}",neutral,
L3-44-01328-neutral,L3-44-01328,neutral,,,9,9,True,False,"{'v2': 3, 'v1': 9}","{'v1': 'soap', 'v2': 'dog'}",neutral,
L3-44-01329-neutral,L3-44-01329,neutral,,,4,4,True,False,"{'v2': 3, 'v1': 4}","{'v1': 'van', 'v2': 'door'}",neutral,
L3-44-01330-neutral,L3-44-01330,neutral,,,8,8,True,False,"{'v2': 1, 'v1': 8}","{'v1': 'tent', 'v2': 'ant'}",neutral,
L3-44-01331-neutral,L3-44-01331,neutral,,,5,5,True,False,"{'v2': 5, 'v1': 5}","{'v1': 'lamp', 'v2': 'roof'}",neutral,
L3-44-01332-neutral,L3-44-01332,neutral,,,3,3,True,False,"{'v2': 1, 'v1': 3}","{'v1': 'frog', 'v2': 'moon'}",neutral,
L3-44-01333-neutral,L3-44-01333,neutral,,,8,8,True,False,"{'v2': 0, 'v1': 8}","{'v1': 'bin', 'v2': 'web'}",neutral,
L3-44-01334-neutral,L3-44-01334,neutral,,,1,1,True,False,"{'v2': 0, 'v1': 1}","{'v1': 'chair', 'v2': 'cap'}",neutral,
L3-44-01335-neutral,L3-44-01335,neutral,,,7,0,False,False,"{'v2': 0, 'v1': 7}","{'v1': 'hill', 'v2': 'shirt'}",neutral,
L3-44-01336-neutral,L3-44-01336,neutral,,,6,6,True,False,"{'v2': 0, 'v1': 6}","{'v1': 'pan', 'v2': 'ring'}",neutral,
L3-44-01337-neutral,L3-44-01337,neutral,,,2,2,True,False,"{'v2': 1, 'v1': 2}","{'v1': 'cap', 'v2': 'ink'}",neutral,
L3-44-01338-neutral,L3-44-01338,neutral,,,8,8,True,False,"{'v2': 6, 'v1': 8}","{'v1': 'pot', 'v2': 'boat'}",neutral,
L3-44-01339-neutral,L3-44-01339,neutral,,,8,8,True,False,"{'v2': 1, 'v1': 8}","{'v1': 'cloud', 'v2': 'table'}",neutral,
L3-44-01340-neutral,L3-44-01340,neutral,,,7,7,True,False,"{'v2': 2, 'v1': 7}","{'v1': 'tea', 'v2': 'rag'}",neutral,
L3-44-01341-neutral,L3-44-01341,neutral,,,1,1,True,False,"{'v2': 0, 'v1': 1}","{'v1': 'pot', 'v2': 'tea'}",neutral,
L3-44-01342-neutral,L3-44-01342,neutral,,,8,8,True,False,"{'v2': 1, 'v1': 8}","{'v1': 'farm', 'v2': 'sock'}",neutral,
L3-44-01343-neutral,L3-44-01343,neutral,,,8,8,True,False,"{'v2': 6, 'v1': 8}","{'v1': 'lake', 'v2': 'star'}",neutral,
L3-44-01344-neutral,L3-44-01344,neutral,,,0,0,True,False,"{'v2': 5, 'v1': 0}","{'v1': 'leaf', 'v2': 'cow'}",neutral,
L3-44-01345-neutral,L3-44-01345,neutral,,,5,5,True,False,"{'v2': 1, 'v1': 5}","{'v1': 'map', 'v2': 'pot'}",neutral,
L3-44-01346-neutral,L3-44-01346,neutral,,,7,7,True,False,"{'v2': 5, 'v1': 7}","{'v1': 'nut', 'v2': 'seed'}",neutral,
L3-44-01347-neutral,L3-44-01347,neutral,,,1,1,True,False,"{'v2': 1, 'v1': 1}","{'v1': 'box', 'v2': 'mouse'}",neutral,
L3-44-01348-neutral,L3-44-01348,neutral,,,2,2,True,False,"{'v2': 1, 'v1': 2}","{'v1': 'star', 'v2': 'lid'}",neutral,
L3-44-01349-neutral,L3-44-01349,neutral,,,7,7,True,False,"{'v2': 7, 'v1': 7}","{'v1': 'cloud', 'v2': 'web'}",neutral,
L3-44-01350-neutral,L3-44-01350,neutral,,,7,7,True,False,"{'v2': 2, 'v1': 7}","{'v1': 'bread', 'v2': 'book'}",neutral,
L3-44-01351-neutral,L3-44-01351,neutral,,,9,9,True,False,"{'v2': 7, 'v1': 9}","{'v1': 'star', 'v2': 'pot'}",neutral,
L3-44-01352-neutral,L3-44-01352,neutral,,,7,7,True,False,"{'v2': 1, 'v1': 7}","{'v1': 'hat', 'v2': 'dog'}",neutral,
L3-44-01353-neutral,L3-44-01353,neutral,,,7,7,True,False,"{'v2': 5, 'v1': 7}","{'v1': 'sky', 'v2': 'fan'}",neutral,
L3-44-01354-neutral,L3-44-01354,neutral,,,8,8,True,False,"{'v2': 0, 'v1': 8}","{'v1': 'cat', 'v2': 'desk'}",neutral,
L3-44-01355-neutral,L3-44-01355,neutral,,,0,0,True,False,"{'v2': 1, 'v1': 0}","{'v1': 'pot', 'v2': 'cloud'}",neutral,
L3-44-01356-neutral,L3-44-01356,neutral,,,1,1,True,False,"{'v2': 7, 'v1': 1}","{'v1': 'train', 'v2': 'soap'}",neutral,
L3-44-01357-neutral,L3-44-01357,neutral,,,4,4,True,False,"{'v2': 2, 'v1': 4}","{'v1': 'tent', 'v2': 'soap'}",neutral,
L3-44-01358-neutral,L3-44-01358,neutral,,,5,5,True,False,"{'v2': 1, 'v1': 5}","{'v1': 'bin', 'v2': 'rag'}",neutral,
L3-44-01359-neutral,L3-44-01359,neutral,,,3,3,True,False,"{'v2': 6, 'v1': 3}","{'v1': 'leaf', 'v2': 'mouse'}",neutral,
L3-44-01360-neutral,L3-44-01360,neutral,,,6,6,True,False,"{'v2': 6, 'v1': 6}","{'v1': 'seed', 'v2': 'box'}",neutral,
L3-44-01361-neutral,L3-44-01361,neutral,,,4,4,True,False,"{'v2': 3, 'v1': 4}","{'v1': 'sky', 'v2': 'soup'}",neutral,
L3-44-01362-neutral,L3-44-01362,neutral,,,4,4,True,False,"{'v2': 0, 'v1': 4}","{'v1': 'coat', 'v2': 'moon'}",neutral,
L3-44-01363-neutral,L3-44-01363,neutral,,,5,5,True,False,"{'v2': 1, 'v1': 5}","{'v1': 'egg', 'v2': 'cow'}",neutral,
L3-44-01364-neutral,L3-44-01364,neutral,,,2,2,True,False,"{'v2': 7, 'v1': 2}","{'v1': 'lamp', 'v2': 'star'}",neutral,
L3-44-01365-neutral,L3-44-01365,neutral,,,1,1,True,False,"{'v2': 7, 'v1': 1}","{'v1': 'sky', 'v2': 'moon'}",neutral,
L3-44-01366-neutral,L3-44-01366,neutral,,,2,2,True,False,"{'v2': 2, 'v1': 2}","{'v1': 'salt', 'v2': 'cat'}",neutral,
L3-44-01367-neutral,L3-44-01367,neutral,,,5,5,True,False,"{'v2': 2, 'v1': 5}","{'v1': 'bread', 'v2': 'map'}",neutral,
L3-44-01368-neutral,L3-44-01368,neutral,,,7,7,True,False,"{'v2': 5, 'v1': 7}","{'v1': 'rod', 'v2': 'cap'}",neutral,
L3-44-01369-neutral,L3-44-01369,neutral,,,4,4,True,False,"{'v2': 3, 'v1': 4}","{'v1': 'fig', 'v2': 'fox'}",neutral,
L3-44-01370-neutral,L3-44-01370,neutral,,,9,9,True,False,"{'v2': 0, 'v1': 9}","{'v1': 'lamp', 'v2': 'moon'}",neutral,
L3-44-01371-neutral,L3-44-01371,neutral,,,2,2,True,False,"{'v2': 5, 'v1': 2}","{'v1': 'ham', 'v2': 'chair'}",neutral,
L3-44-01372-neutral,L3-44-01372,neutral,,,6,6,True,False,"{'v2': 6, 'v1': 6}","{'v1': 'fig', 'v2': 'bread'}",neutral,
L3-44-01373-neutral,L3-44-01373,neutral,,,7,7,True,False,"{'v2': 7, 'v1': 7}","{'v1': 'bin', 'v2': 'table'}",neutral,
L3-44-01374-neutral,L3-44-01374,neutral,,,5,5,True,False,"{'v2': 1, 'v1': 5}","{'v1': 'ship', 'v2': 'salt'}",neutral,
L3-44-01375-neutral,L3-44-01375,neutral,,,9,9,True,False,"{'v2': 5, 'v1': 9}","{'v1': 'hat', 'v2': 'net'}",neutral,
L3-44-01376-neutral,L3-44-01376,neutral,,,8,8,True,False,"{'v2': 0, 'v1': 8}","{'v1': 'key', 'v2': 'hill'}",neutral,
L3-44-01377-neutral,L3-44-01377,neutral,,,1,1,True,False,"{'v2': 3, 'v1': 1}","{'v1': 'roof', 'v2': 'box'}",neutral,
L3-44-01378-neutral,L3-44-01378,neutral,,,0,0,True,False,"{'v2': 6, 'v1': 0}","{'v1': 'rag', 'v2': 'bread'}",neutral,
L3-44-01379-neutral,L3-44-01379,neutral,,,3,3,True,False,"{'v2': 0, 'v1': 3}","{'v1': 'apple', 'v2': 'soup'}",neutral,
L3-44-01380-neutral,L3-44-01380,neutral,,,2,2,True,False,"{'v2': 0, 'v1': 2}","{'v1': 'ring', 'v2': 'bin'}",neutral,
L3-44-01381-neutral,L3-44-01381,neutral,,,2,2,True,False,"{'v2': 1, 'v1': 2}","{'v1': 'river', 'v2': 'rug'}",neutral,
L3-44-01382-neutral,L3-44-01382,neutral,,,5,5,True,False,"{'v2': 3, 'v1': 5}","{'v1': 'rod', 'v2': 'cow'}",neutral,
L3-44-01383-neutral,L3-44-01383,neutral,,,3,3,True,False,"{'v2': 6, 'v1': 3}","{'v1': 'key', 'v2': 'bus'}",neutral,
L3-44-01384-neutral,L3-44-01384,neutral,,,5,5,True,False,"{'v2': 0, 'v1': 5}","{'v1': 'river', 'v2': 'rug'}",neutral,
L3-44-01385-neutral,L3-44-01385,neutral,,,6,6,True,False,"{'v2': 0, 'v1': 6}","{'v1': 'net', 'v2': 'cow'}",neutral,
L3-44-01386-neutral,L3-44-01386,neutral,,,7,7,True,False,"{'v2': 0, 'v1': 7}","{'v1': 'truck', 'v2': 'coat'}",neutral,
L3-44-01387-neutral,L3-44-01387,neutral,,,5,5,True,False,"{'v2': 5, 'v1': 5}","{'v1': 'net', 'v2': 'ink'}",neutral,
L3-44-01388-neutral,L3-44-01388,neutral,,,3,3,True,False,"{'v2': 1, 'v1': 3}","{'v1': 'apple', 'v2': 'bag'}",neutral,
L3-44-01389-neutral,L3-44-01389,neutral,,,3,3,True,False,"{'v2': 2, 'v1': 3}","{'v1': 'pan', 'v2': 'table'}",neutral,
L3-44-01390-neutral,L3-44-01390,neutral,,,2,2,True,False,"{'v2': 2, 'v1': 2}","{'v1': 'roof', 'v2': 'ink'}",neutral,
L3-44-01391-neutral,L3-44-01391,neutral,,,5,5,True,False,"{'v2': 1, 'v1': 5}","{'v1': 'road', 'v2': 'rod'}",neutral,
L3-44-01392-neutral,L3-44-01392,neutral,,,7,7,True,False,"{'v2': 0, 'v1': 7}","{'v1': 'car', 'v2': 'net'}",neutral,
L3-44-01393-neutral,L3-44-01393,neutral,,,1,1,True,False,"{'v2': 6, 'v1': 1}","{'v1': 'fish', 'v2': 'farm'}",neutral,
L3-44-01394-neutral,L3-44-01394,neutral,,,7,7,True,False,"{'v2': 5, 'v1': 7}","{'v1': 'pig', 'v2': 'fork'}",neutral,
L3-44-01395-neutral,L3-44-01395,neutral,,,5,5,True,False,"{'v2': 1, 'v1': 5}","{'v1': 'mouse', 'v2': 'nut'}",neutral,
L3-44-01396-neutral,L3-44-01396,neutral,,,4,4,True,False,"{'v2': 0, 'v1': 4}","{'v1': 'fork', 'v2': 'map'}",neutral,
L3-44-01397-neutral,L3-44-01397,neutral,,,8,8,True,False,"{'v2': 1, 'v1': 8}","{'v1': 'truck', 'v2': 'chair'}",neutral,
L3-44-01398-neutral,L3-44-01398,neutral,,,1,1,True,False,"{'v2': 2, 'v1': 1}","{'v1': 'door', 'v2': 'ham'}",neutral,
L3-44-01399-neutral,L3-44-01399,neutral,,,8,8,True,False,"{'v2': 1, 'v1': 8}","{'v1': 'table', 'v2': 'hat'}",neutral,
L3-44-01400-neutral,L3-44-01400,neutral,,,2,2,True,False,"{'v2': 0, 'v1': 2}","{'v1': 'cow', 'v2': 'hill'}",neutral,
L3-44-01401-neutral,L3-44-01401,neutral,,,1,1,True,False,"{'v2': 7, 'v1': 1}","{'v1': 'desk', 'v2': 'lid'}",neutral,
L3-44-01402-neutral,L3-44-01402,neutral,,,1,1,True,False,"{'v2': 2, 'v1': 1}","{'v1': 'mouse', 'v2': 'rug'}",neutral,
L3-44-01403-neutral,L3-44-01403,neutral,,,7,7,True,False,"{'v2': 2, 'v1': 7}","{'v1': 'pan', 'v2': 'toy'}",neutral,
L3-44-01404-neutral,L3-44-01404,neutral,,,1,1,True,False,"{'v2': 0, 'v1': 1}","{'v1': 'cloud', 'v2': 'hill'}",neutral,
L3-44-01405-neutral,L3-44-01405,neutral,,,8,8,True,False,"{'v2': 8, 'v1': 8}","{'v1': 'key', 'v2': 'farm'}",neutral,
L3-44-01406-neutral,L3-44-01406,neutral,,,9,9,True,False,"{'v2': 6, 'v1': 9}","{'v1': 'horse', 'v2': 'salt'}",neutral,
L3-44-01407-neutral,L3-44-01407,neutral,,,4,4,True,False,"{'v2': 0, 'v1': 4}","{'v1': 'sock', 'v2': 'hat'}",neutral,
L3-44-01408-neutral,L3-44-01408,neutral,,,5,5,True,False,"{'v2': 3, 'v1': 5}","{'v1': 'dog', 'v2': 'net'}",neutral,
L3-44-01409-neutral,L3-44-01409,neutral,,,7,7,True,False,"{'v2': 2, 'v1': 7}","{'v1': 'toy', 'v2': 'farm'}",neutral,
L3-44-01410-neutral,L3-44-01410,neutral,,,9,9,True,False,"{'v2': 0, 'v1': 9}","{'v1': 'pan', 'v2': 'pig'}",neutral,
L3-44-01411-neutral,L3-44-01411,neutral,,,3,3,True,False,"{'v2': 6, 'v1': 3}","{'v1': 'fox', 'v2': 'train'}",neutral,
L3-44-01412-neutral,L3-44-01412,neutral,,,7,7,True,False,"{'v2': 0, 'v1': 7}","{'v1': 'pear', 'v2': 'bread'}",neutral,
L3-44-01413-neutral,L3-44-01413,neutral,,,6,6,True,False,"{'v2': 0, 'v1': 6}","{'v1': 'bread', 'v2': 'rug'}",neutral,
L3-44-01414-neutral,L3-44-01414,neutral,,,2,2,True,False,"{'v2': 1, 'v1': 2}","{'v1': 'nest', 'v2': 'fig'}",neutral,
L3-44-01415-neutral,L3-44-01415,neutral,,,6,6,True,False,"{'v2': 1, 'v1': 6}","{'v1': 'seed', 'v2': 'door'}",neutral,
L3-44-01416-neutral,L3-44-01416,neutral,,,8,8,True,False,"{'v2': 5, 'v1': 8}","{'v1': 'cow', 'v2': 'door'}",neutral,
L3-44-01417-neutral,L3-44-01417,neutral,,,9,9,True,False,"{'v2': 7, 'v1': 9}","{'v1': 'lid', 'v2': 'seed'}",neutral,
L3-44-01418-neutral,L3-44-01418,neutral,,,0,0,True,False,"{'v2': 0, 'v1': 0}","{'v1': 'water', 'v2': 'rod'}",neutral,
L3-44-01419-neutral,L3-44-01419,neutral,,,4,4,True,False,"{'v2': 0, 'v1': 4}","{'v1': 'nut', 'v2': 'sock'}",neutral,
L3-44-01420-neutral,L3-44-01420,neutral,,,4,4,True,False,"{'v2': 0, 'v1': 4}","{'v1': 'apple', 'v2': 'tea'}",neutral,
L3-44-01421-neutral,L3-44-01421,neutral,,,5,5,True,False,"{'v2': 5, 'v1': 5}","{'v1': 'soap', 'v2': 'bus'}",neutral,
L3-44-01422-neutral,L3-44-01422,neutral,,,9,9,True,False,"{'v2': 7, 'v1': 9}","{'v1': 'bread', 'v2': 'yard'}",neutral,
L3-44-01423-neutral,L3-44-01423,neutral,,,6,6,True,False,"{'v2': 0, 'v1': 6}","{'v1': 'leaf', 'v2': 'toy'}",neutral,
L3-44-01424-neutral,L3-44-01424,neutral,,,1,1,True,False,"{'v2': 1, 'v1': 1}","{'v1': 'cloud', 'v2': 'tea'}",neutral,
L3-44-01425-neutral,L3-44-01425,neutral,,,4,4,True,False,"{'v2': 3, 'v1': 4}","{'v1': 'hat', 'v2': 'car'}",neutral,
L3-44-01426-neutral,L3-44-01426,neutral,,,9,9,True,False,"{'v2': 0, 'v1': 9}","{'v1': 'salt', 'v2': 'fish'}",neutral,
L3-44-01427-neutral,L3-44-01427,neutral,,,2,2,True,False,"{'v2': 3, 'v1': 2}","{'v1': 'van', 'v2': 'bed'}",neutral,
L3-44-01428-neutral,L3-44-01428,neutral,,,9,9,True,False,"{'v2': 8, 'v1': 9}","{'v1': 'moon', 'v2': 'cap'}",neutral,
L3-44-01429-neutral,L3-44-01429,neutral,,,6,6,True,False,"{'v2': 6, 'v1': 6}","{'v1': 'table', 'v2': 'web'}",neutral,
L3-44-01430-neutral,L3-44-01430,neutral,,,7,7,True,False,"{'v2': 2, 'v1': 7}","{'v1': 'map', 'v2': 'bread'}",neutral,
L3-44-01431-neutral,L3-44-01431,neutral,,,1,1,True,False,"{'v2': 8, 'v1': 1}","{'v1': 'pot', 'v2': 'sky'}",neutral,
L3-44-01432-neutral,L3-44-01432,neutral,,,7,7,True,False,"{'v2': 2, 'v1': 7}","{'v1': 'bee', 'v2': 'nest'}",neutral,
L3-44-01433-neutral,L3-44-01433,neutral,,,7,7,True,False,"{'v2': 7, 'v1': 7}","{'v1': 'frog', 'v2': 'hat'}",neutral,
L3-44-01434-neutral,L3-44-01434,neutral,,,0,-2,False,False,"{'v2': 1, 'v1': 0}","{'v1': 'owl', 'v2': 'wheel'}",neutral,
L3-44-01435-neutral,L3-44-01435,neutral,,,6,6,True,False,"{'v2': 2, 'v1': 6}","{'v1': 'bread', 'v2': 'frog'}",neutral,
L3-44-01436-neutral,L3-44-01436,neutral,,,9,9,True,False,"{'v2': 7, 'v1': 9}","{'v1': 'sun', 'v2': 'cat'}",neutral,
L3-44-01437-neutral,L3-44-01437,neutral,,,5,5,True,False,"{'v2': 0, 'v1': 5}","{'v1': 'salt', 'v2': 'nut'}",neutral,
L3-44-01438-neutral,L3-44-01438,neutral,,,0,0,True,False,"{'v2': 9, 'v1': 0}","{'v1': 'ham', 'v2': 'star'}",neutral,
L3-44-01439-neutral,L3-44-01439,neutral,,,8,8,True,False,"{'v2': 8, 'v1': 8}","{'v1': 'egg', 'v2': 'jar'}",neutral,
L3-44-01440-neutral,L3-44-01440,neutral,,,5,5,True,False,"{'v2': 3, 'v1': 5}","{'v1': 'leaf', 'v2': 'wolf'}",neutral,
L3-44-01441-neutral,L3-44-01441,neutral,,,3,3,True,False,"{'v2': 0, 'v1': 3}","{'v1': 'bee', 'v2': 'boat'}",neutral,
L3-44-01442-neutral,L3-44-01442,neutral,,,7,7,True,False,"{'v2': 6, 'v1': 7}","{'v1': 'pot', 'v2': 'cow'}",neutral,
L3-44-01443-neutral,L3-44-01443,neutral,,,9,9,True,False,"{'v2': 3, 'v1': 9}","{'v1': 'bag', 'v2': 'apple'}",neutral,
L3-44-01444-neutral,L3-44-01444,neutral,,,5,5,True,False,"{'v2': 0, 'v1': 5}","{'v1': 'coat', 'v2': 'ink'}",neutral,
L3-44-01445-neutral,L3-44-01445,neutral,,,3,3,True,False,"{'v2': 0, 'v1': 3}","{'v1': 'bus', 'v2': 'boat'}",neutral,
L3-44-01446-neutral,L3-44-01446,neutral,,,8,8,True,False,"{'v2': 1, 'v1': 8}","{'v1': 'boat', 'v2': 'train'}",neutral,
L3-44-01447-neutral,L3-44-01447,neutral,,,9,9,True,False,"{'v2': 5, 'v1': 9}","{'v1': 'cap', 'v2': 'hat'}",neutral,
L3-44-01448-neutral,L3-44-01448,neutral,,,0,0,True,False,"{'v2': 6, 'v1': 0}","{'v1': 'table', 'v2': 'tea'}",neutral,
L3-44-01449-neutral,L3-44-01449,neutral,,,2,2,True,False,"{'v2': 6, 'v1': 2}","{'v1': 'water', 'v2': 'bag'}",neutral,
L3-44-01450-neutral,L3-44-01450,neutral,,,9,9,True,False,"{'v2': 8, 'v1': 9}","{'v1': 'key', 'v2': 'cow'}",neutral,
L3-44-01451-neutral,L3-44-01451,neutral,,,6,6,True,False,"{'v2': 0, 'v1': 6}","{'v1': 'water', 'v2': 'farm'}",neutral,
L3-44-01452-neutral,L3-44-01452,neutral,,,3,3,True,False,"{'v2': 1, 'v1': 3}","{'v1': 'door', 'v2': 'tea'}",neutral,
L3-44-01453-neutral,L3-44-01453,neutral,,,8,8,True,False,"{'v2': 2, 'v1': 8}","{'v1': 'leaf', 'v2': 'train'}",neutral,
L3-44-01454-neutral,L3-44-01454,neutral,,,3,3,True,False,"{'v2': 1, 'v1': 3}","{'v1': 'book', 'v2': 'sky'}",neutral,
L3-44-01455-neutral,L3-44-01455,neutral,,,1,1,True,False,"{'v2': 0, 'v1': 1}","{'v1': 'boat', 'v2': 'wolf'}",neutral,
L3-44-01456-neutral,L3-44-01456,neutral,,,1,1,True,False,"{'v2': 0, 'v1': 1}","{'v1': 'cat', 'v2': 'boat'}",neutral,
L3-44-01457-neutral,L3-44-01457,neutral,,,4,4,True,False,"{'v2': 0, 'v1': 4}","{'v1': 'ham', 'v2': 'rug'}",neutral,
L3-44-01458-neutral,L3-44-01458,neutral,,,4,4,True,False,"{'v2': 1, 'v1': 4}","{'v1': 'shirt', 'v2': 'chair'}",neutral,
L3-44-01459-neutral,L3-44-01459,neutral,,,2,2,True,False,"{'v2': 6, 'v1': 2}","{'v1': 'pot', 'v2': 'fig'}",neutral,
L3-44-01460-neutral,L3-44-01460,neutral,,,6,6,True,False,"{'v2': 0, 'v1': 6}","{'v1': 'boat', 'v2': 'train'}",neutral,
L3-44-01461-neutral,L3-44-01461,neutral,,,4,4,True,False,"{'v2': 1, 'v1': 4}","{'v1': 'tea', 'v2': 'sun'}",neutral,
L3-44-01462-neutral,L3-44-01462,neutral,,,2,2,True,False,"{'v2': 6, 'v1': 2}","{'v1': 'ham', 'v2': 'table'}",neutral,
L3-44-01463-neutral,L3-44-01463,neutral,,,5,5,True,False,"{'v2': 0, 'v1': 5}","{'v1': 'fox', 'v2': 'horse'}",neutral,
L3-44-01464-neutral,L3-44-01464,neutral,,,3,3,True,False,"{'v2': 6, 'v1': 3}","{'v1': 'train', 'v2': 'lamp'}",neutral,
L3-44-01465-neutral,L3-44-01465,neutral,,,5,5,True,False,"{'v2': 2, 'v1': 5}","{'v1': 'egg', 'v2': 'farm'}",neutral,
L3-44-01466-neutral,L3-44-01466,neutral,,,7,7,True,False,"{'v2': 6, 'v1': 7}","{'v1': 'truck', 'v2': 'hill'}",neutral,
L3-44-01467-neutral,L3-44-01467,neutral,,,5,5,True,False,"{'v2': 1, 'v1': 5}","{'v1': 'bin', 'v2': 'lake'}",neutral,
L3-44-01468-neutral,L3-44-01468,neutral,,,2,2,True,False,"{'v2': 0, 'v1': 2}","{'v1': 'soup', 'v2': 'river'}",neutral,
L3-44-01469-neutral,L3-44-01469,neutral,,,2,2,True,False,"{'v2': 0, 'v1': 2}","{'v1': 'hill', 'v2': 'nut'}",neutral,
L3-44-01470-neutral,L3-44-01470,neutral,,,6,6,True,False,"{'v2': 0, 'v1': 6}","{'v1': 'ink', 'v2': 'cow'}",neutral,
L3-44-01471-neutral,L3-44-01471,neutral,,,9,9,True,False,"{'v2': 8, 'v1': 9}","{'v1': 'ship', 'v2': 'hill'}",neutral,
L3-44-01472-neutral,L3-44-01472,neutral,,,9,9,True,False,"{'v2': 0, 'v1': 9}","{'v1': 'car', 'v2': 'lake'}",neutral,
L3-44-01473-neutral,L3-44-01473,neutral,,,7,7,True,False,"{'v2': 2, 'v1': 7}","{'v1': 'soup', 'v2': 'bus'}",neutral,
L3-44-01474-neutral,L3-44-01474,neutral,,,9,9,True,False,"{'v2': 6, 'v1': 9}","{'v1': 'tea', 'v2': 'sky'}",neutral,
L3-44-01475-neutral,L3-44-01475,neutral,,,8,8,True,False,"{'v2': 1, 'v1': 8}","{'v1': 'mouse', 'v2': 'shirt'}",neutral,
L3-44-01476-neutral,L3-44-01476,neutral,,,9,9,True,False,"{'v2': 5, 'v1': 9}","{'v1': 'ham', 'v2': 'soup'}",neutral,
L3-44-01477-neutral,L3-44-01477,neutral,,,2,4,False,False,"{'v2': 1, 'v1': 2}","{'v1': 'roof', 'v2': 'wolf'}",neutral,
L3-44-01478-neutral,L3-44-01478,neutral,,,0,0,True,False,"{'v2': 7, 'v1': 0}","{'v1': 'book', 'v2': 'dog'}",neutral,
L3-44-01479-neutral,L3-44-01479,neutral,,,4,4,True,False,"{'v2': 2, 'v1': 4}","{'v1': 'boat', 'v2': 'ham'}",neutral,
L3-44-01480-neutral,L3-44-01480,neutral,,,1,1,True,False,"{'v2': 1, 'v1': 1}","{'v1': 'bread', 'v2': 'horse'}",neutral,
L3-44-01481-neutral,L3-44-01481,neutral,,,9,9,True,False,"{'v2': 0, 'v1': 9}","{'v1': 'soup', 'v2': 'soap'}",neutral,
L3-44-01482-neutral,L3-44-01482,neutral,,,8,8,True,False,"{'v2': 1, 'v1': 8}","{'v1': 'apple', 'v2': 'tent'}",neutral,
L3-44-01483-neutral,L3-44-01483,neutral,,,3,3,True,False,"{'v2': 1, 'v1': 3}","{'v1': 'ant', 'v2': 'bed'}",neutral,
L3-44-01484-neutral,L3-44-01484,neutral,,,8,8,True,False,"{'v2': 5, 'v1': 8}","{'v1': 'jar', 'v2': 'lamp'}",neutral,
L3-44-01485-neutral,L3-44-01485,neutral,,,1,1,True,False,"{'v2': 5, 'v1': 1}","{'v1': 'pan', 'v2': 'truck'}",neutral,
L3-44-01486-neutral,L3-44-01486,neutral,,,2,2,True,False,"{'v2': 0, 'v1': 2}","{'v1': 'pear', 'v2': 'box'}",neutral,
L3-44-01487-neutral,L3-44-01487,neutral,,,9,9,True,False,"{'v2': 8, 'v1': 9}","{'v1': 'sun', 'v2': 'fish'}",neutral,
L3-44-01488-neutral,L3-44-01488,neutral,,,7,7,True,False,"{'v2': 6, 'v1': 7}","{'v1': 'pan', 'v2': 'chair'}",neutral,
L3-44-01489-neutral,L3-44-01489,neutral,,,1,1,True,False,"{'v2': 0, 'v1': 1}","{'v1': 'boat', 'v2': 'leaf'}",neutral,
L3-44-01490-neutral,L3-44-01490,neutral,,,1,1,True,False,"{'v2': 7, 'v1': 1}","{'v1': 'river', 'v2': 'sky'}",neutral,
L3-44-01491-neutral,L3-44-01491,neutral,,,8,8,True,False,"{'v2': 5, 'v1': 8}","{'v1': 'rag', 'v2': 'bread'}",neutral,
L3-44-01492-neutral,L3-44-01492,neutral,,,0,0,True,False,"{'v2': 8, 'v1': 0}","{'v1': 'cap', 'v2': 'table'}",neutral,
L3-44-01493-neutral,L3-44-01493,neutral,,,6,6,True,False,"{'v2': 1, 'v1': 6}","{'v1': 'salt', 'v2': 'sky'}",neutral,
L3-44-01494-neutral,L3-44-01494,neutral,,,2,2,True,False,"{'v2': 6, 'v1': 2}","{'v1': 'pan', 'v2': 'owl'}",neutral,
L3-44-01495-neutral,L3-44-01495,neutral,,,6,6,True,False,"{'v2': 5, 'v1': 6}","{'v1': 'web', 'v2': 'ship'}",neutral,
L3-44-01496-neutral,L3-44-01496,neutral,,,4,4,True,False,"{'v2': 0, 'v1': 4}","{'v1': 'lake', 'v2': 'mouse'}",neutral,
L3-44-01497-neutral,L3-44-01497,neutral,,,7,7,True,False,"{'v2': 6, 'v1': 7}","{'v1': 'cow', 'v2': 'pot'}",neutral,
L3-44-01498-neutral,L3-44-01498,neutral,,,1,1,True,False,"{'v2': 6, 'v1': 1}","{'v1': 'mouse', 'v2': 'net'}",neutral,
L3-44-01499-neutral,L3-44-01499,neutral,,,8,8,True,False,"{'v2': 7, 'v1': 8}","{'v1': 'ant', 'v2': 'door'}",neutral,
L3-44-01500-neutral,L3-44-01500,neutral,,,0,0,True,False,"{'v2': 1, 'v1': 0}","{'v1': 'soup', 'v2': 'cake'}",neutral,
L3-44-01501-neutral,L3-44-01501,neutral,,,2,2,True,False,"{'v2': 5, 'v1': 2}","{'v1': 'hat', 'v2': 'toy'}",neutral,
L3-44-01502-neutral,L3-44-01502,neutral,,,1,1,True,False,"{'v2': 7, 'v1': 1}","{'v1': 'ring', 'v2': 'bus'}",neutral,
L3-44-01503-neutral,L3-44-01503,neutral,,,0,0,True,False,"{'v2': 2, 'v1': 0}","{'v1': 'net', 'v2': 'rod'}",neutral,
L3-44-01504-neutral,L3-44-01504,neutral,,,7,7,True,False,"{'v2': 1, 'v1': 7}","{'v1': 'wolf', 'v2': 'moon'}",neutral,
L3-44-01505-neutral,L3-44-01505,neutral,,,5,5,True,False,"{'v2': 0, 'v1': 5}","{'v1': 'wheel', 'v2': 'van'}",neutral,
L3-44-01506-neutral,L3-44-01506,neutral,,,6,6,True,False,"{'v2': 5, 'v1': 6}","{'v1': 'bag', 'v2': 'dog'}",neutral,
L3-44-01507-neutral,L3-44-01507,neutral,,,7,7,True,False,"{'v2': 0, 'v1': 7}","{'v1': 'sock', 'v2': 'cake'}",neutral,
L3-44-01508-neutral,L3-44-01508,neutral,,,5,5,True,False,"{'v2': 2, 'v1': 5}","{'v1': 'ink', 'v2': 'desk'}",neutral,
L3-44-01509-neutral,L3-44-01509,neutral,,,8,8,True,False,"{'v2': 1, 'v1': 8}","{'v1': 'pot', 'v2': 'nut'}",neutral,
L3-44-01510-neutral,L3-44-01510,neutral,,,8,8,True,False,"{'v2': 8, 'v1': 8}","{'v1': 'ring', 'v2': 'truck'}",neutral,
L3-44-01511-neutral,L3-44-01511,neutral,,,7,7,True,False,"{'v2': 2, 'v1': 7}","{'v1': 'dog', 'v2': 'van'}",neutral,
L3-44-01512-neutral,L3-44-01512,neutral,,,6,6,True,False,"{'v2': 0, 'v1': 6}","{'v1': 'fork', 'v2': 'tent'}",neutral,
L3-44-01513-neutral,L3-44-01513,neutral,,,9,9,True,False,"{'v2': 5, 'v1': 9}","{'v1': 'ring', 'v2': 'web'}",neutral,
L3-44-01514-neutral,L3-44-01514,neutral,,,6,6,True,False,"{'v2': 1, 'v1': 6}","{'v1': 'box', 'v2': 'cloud'}",neutral,
L3-44-01515-neutral,L3-44-01515,neutral,,,6,6,True,False,"{'v2': 1, 'v1': 6}","{'v1': 'gem', 'v2': 'sun'}",neutral,
L3-44-01516-neutral,L3-44-01516,neutral,,,4,4,True,False,"{'v2': 3, 'v1': 4}","{'v1': 'lamp', 'v2': 'hat'}",neutral,
L3-44-01517-neutral,L3-44-01517,neutral,,,3,-3,False,False,"{'v2': 0, 'v1': 3}","{'v1': 'seed', 'v2': 'bus'}",neutral,
L3-44-01518-neutral,L3-44-01518,neutral,,,7,7,True,False,"{'v2': 5, 'v1': 7}","{'v1': 'gem', 'v2': 'coat'}",neutral,
L3-44-01519-neutral,L3-44-01519,neutral,,,8,8,True,False,"{'v2': 8, 'v1': 8}","{'v1': 'salt', 'v2': 'cloud'}",neutral,
L3-44-01520-neutral,L3-44-01520,neutral,,,3,3,True,False,"{'v2': 1, 'v1': 3}","{'v1': 'cake', 'v2': 'book'}",neutral,
L3-44-01521-neutral,L3-44-01521,neutral,,,5,5,True,False,"{'v2': 1, 'v1': 5}","{'v1': 'seed', 'v2': 'pan'}",neutral,
L3-44-01522-neutral,L3-44-01522,neutral,,,1,1,True,False,"{'v2': 1, 'v1': 1}","{'v1': 'chair', 'v2': 'map'}",neutral,
L3-44-01523-neutral,L3-44-01523,neutral,,,3,3,True,False,"{'v2': 1, 'v1': 3}","{'v1': 'nest', 'v2': 'road'}",neutral,
L3-44-01524-neutral,L3-44-01524,neutral,,,4,4,True,False,"{'v2': 0, 'v1': 4}","{'v1': 'ink', 'v2': 'rag'}",neutral,
L3-44-01525-neutral,L3-44-01525,neutral,,,2,2,True,False,"{'v2': 1, 'v1': 2}","{'v1': 'moon', 'v2': 'frog'}",neutral,
L3-44-01526-neutral,L3-44-01526,neutral,,,1,1,True,False,"{'v2': 1, 'v1': 1}","{'v1': 'cow', 'v2': 'egg'}",neutral,
L3-44-01527-neutral,L3-44-01527,neutral,,,0,0,True,False,"{'v2': 1, 'v1': 0}","{'v1': 'rug', 'v2': 'toy'}",neutral,
L3-44-01528-neutral,L3-44-01528,neutral,,,5,5,True,False,"{'v2': 1, 'v1': 5}","{'v1': 'jam', 'v2': 'table'}",neutral,
L3-44-01529-neutral,L3-44-01529,neutral,,,9,9,True,False,"{'v2': 0, 'v1': 9}","{'v1': 'boat', 'v2': 'star'}",neutral,
L3-44-01530-neutral,L3-44-01530,neutral,,,3,3,True,False,"{'v2': 0, 'v1': 3}","{'v1': 'wolf', 'v2': 'fig'}",neutral,
L3-44-01531-neutral,L3-44-01531,neutral,,,2,2,True,False,"{'v2': 7, 'v1': 2}","{'v1': 'fox', 'v2': 'hill'}",neutral,
L3-44-01532-neutral,L3-44-01532,neutral,,,0,0,True,False,"{'v2': 9, 'v1': 0}","{'v1': 'truck', 'v2': 'door'}",neutral,
L3-44-01533-neutral,L3-44-01533,neutral,,,7,7,True,False,"{'v2': 1, 'v1': 7}","{'v1': 'car', 'v2': 'wolf'}",neutral,
L3-44-01534-neutral,L3-44-01534,neutral,,,6,6,True,False,"{'v2': 3, 'v1': 6}","{'v1': 'sun', 'v2': 'seed'}",neutral,
L3-44-01535-neutral,L3-44-01535,neutral,,,0,-2,False,False,"{'v2': 0, 'v1': 0}","{'v1': 'fish', 'v2': 'nut'}",neutral,
L3-44-01536-neutral,L3-44-01536,neutral,,,0,0,True,False,"{'v2': 5, 'v1': 0}","{'v1': 'tea', 'v2': 'tent'}",neutral,
L3-44-01537-neutral,L3-44-01537,neutral,,,1,1,True,False,"{'v2': 7, 'v1': 1}","{'v1': 'train', 'v2': 'fish'}",neutral,
L3-44-01538-neutral,L3-44-01538,neutral,,,3,3,True,False,"{'v2': 2, 'v1': 3}","{'v1': 'hill', 'v2': 'wolf'}",neutral,
L3-44-01539-neutral,L3-44-01539,neutral,,,0,0,True,False,"{'v2': 1, 'v1': 0}","{'v1': 'nest', 'v2': 'fish'}",neutral,
L3-44-01540-neutral,L3-44-01540,neutral,,,2,3,False,False,"{'v2': 0, 'v1': 2}","{'v1': 'farm', 'v2': 'salt'}",neutral,
L3-44-01541-neutral,L3-44-01541,neutral,,,8,8,True,False,"{'v2': 2, 'v1': 8}","{'v1': 'nut', 'v2': 'cat'}",neutral,
L3-44-01542-neutral,L3-44-01542,neutral,,,6,6,True,False,"{'v2': 3, 'v1': 6}","{'v1': 'ham', 'v2': 'water'}",neutral,
L3-44-01543-neutral,L3-44-01543,neutral,,,3,3,True,False,"{'v2': 2, 'v1': 3}","{'v1': 'gem', 'v2': 'coat'}",neutral,
L3-44-01544-neutral,L3-44-01544,neutral,,,6,6,True,False,"{'v2': 6, 'v1': 6}","{'v1': 'box', 'v2': 'fig'}",neutral,
L3-44-01545-neutral,L3-44-01545,neutral,,,6,6,True,False,"{'v2': 6, 'v1': 6}","{'v1': 'bag', 'v2': 'hill'}",neutral,
L3-44-01546-neutral,L3-44-01546,neutral,,,9,9,True,False,"{'v2': 7, 'v1': 9}","{'v1': 'key', 'v2': 'nut'}",neutral,
L3-44-01547-neutral,L3-44-01547,neutral,,,5,5,True,False,"{'v2': 0, 'v1': 5}","{'v1': 'rag', 'v2': 'lake'}",neutral,
L3-44-01548-neutral,L3-44-01548,neutral,,,0,0,True,False,"{'v2': 5, 'v1': 0}","{'v1': 'rag', 'v2': 'hat'}",neutral,
L3-44-01549-neutral,L3-44-01549,neutral,,,7,7,True,False,"{'v2': 2, 'v1': 7}","{'v1': 'bin', 'v2': 'pot'}",neutral,
L3-44-01550-neutral,L3-44-01550,neutral,,,7,7,True,False,"{'v2': 6, 'v1': 7}","{'v1': 'pot', 'v2': 'yard'}",neutral,
L3-44-01551-neutral,L3-44-01551,neutral,,,7,7,True,False,"{'v2': 6, 'v1': 7}","{'v1': 'sock', 'v2': 'pig'}",neutral,
L3-44-01552-neutral,L3-44-01552,neutral,,,3,3,True,False,"{'v2': 1, 'v1': 3}","{'v1': 'frog', 'v2': 'lake'}",neutral,
L3-44-01553-neutral,L3-44-01553,neutral,,,1,1,True,False,"{'v2': 8, 'v1': 1}","{'v1': 'tea', 'v2': 'bed'}",neutral,
L3-44-01554-neutral,L3-44-01554,neutral,,,8,8,True,False,"{'v2': 5, 'v1': 8}","{'v1': 'roof', 'v2': 'pot'}",neutral,
L3-44-01555-neutral,L3-44-01555,neutral,,,9,9,True,False,"{'v2': 9, 'v1': 9}","{'v1': 'train', 'v2': 'salt'}",neutral,
L3-44-01556-neutral,L3-44-01556,neutral,,,9,9,True,False,"{'v2': 0, 'v1': 9}","{'v1': 'car', 'v2': 'owl'}",neutral,
L3-44-01557-neutral,L3-44-01557,neutral,,,1,1,True,False,"{'v2': 1, 'v1': 1}","{'v1': 'box', 'v2': 'road'}",neutral,
L3-44-01558-neutral,L3-44-01558,neutral,,,0,0,True,False,"{'v2': 0, 'v1': 0}","{'v1': 'soup', 'v2': 'nest'}",neutral,
L3-44-01559-neutral,L3-44-01559,neutral,,,6,6,True,False,"{'v2': 1, 'v1': 6}","{'v1': 'ink', 'v2': 'cloud'}",neutral,
L3-44-01560-neutral,L3-44-01560,neutral,,,9,9,True,False,"{'v2': 6, 'v1': 9}","{'v1': 'box', 'v2': 'road'}",neutral,
L3-44-01561-neutral,L3-44-01561,neutral,,,3,3,True,False,"{'v2': 1, 'v1': 3}","{'v1': 'nut', 'v2': 'fox'}",neutral,
L3-44-01562-neutral,L3-44-01562,neutral,,,5,5,True,False,"{'v2': 3, 'v1': 5}","{'v1': 'sky', 'v2': 'cat'}",neutral,
L3-44-01563-neutral,L3-44-01563,neutral,,,4,4,True,False,"{'v2': 1, 'v1': 4}","{'v1': 'sock', 'v2': 'table'}",neutral,
L3-44-01564-neutral,L3-44-01564,neutral,,,9,9,True,False,"{'v2': 1, 'v1': 9}","{'v1': 'net', 'v2': 'soup'}",neutral,
L3-44-01565-neutral,L3-44-01565,neutral,,,2,2,True,False,"{'v2': 2, 'v1': 2}","{'v1': 'tent', 'v2': 'box'}",neutral,
L3-44-01566-neutral,L3-44-01566,neutral,,,9,9,True,False,"{'v2': 2, 'v1': 9}","{'v1': 'pot', 'v2': 'ink'}",neutral,
L3-44-01567-neutral,L3-44-01567,neutral,,,2,2,True,False,"{'v2': 5, 'v1': 2}","{'v1': 'fig', 'v2': 'pig'}",neutral,
L3-44-01568-neutral,L3-44-01568,neutral,,,0,0,True,False,"{'v2': 1, 'v1': 0}","{'v1': 'mouse', 'v2': 'bin'}",neutral,
L3-44-01569-neutral,L3-44-01569,neutral,,,2,2,True,False,"{'v2': 1, 'v1': 2}","{'v1': 'star', 'v2': 'fish'}",neutral,
L3-44-01570-neutral,L3-44-01570,neutral,,,8,8,True,False,"{'v2': 0, 'v1': 8}","{'v1': 'pear', 'v2': 'shirt'}",neutral,
L3-44-01571-neutral,L3-44-01571,neutral,,,1,1,True,False,"{'v2': 2, 'v1': 1}","{'v1': 'star', 'v2': 'sock'}",neutral,
L3-44-01572-neutral,L3-44-01572,neutral,,,1,1,True,False,"{'v2': 6, 'v1': 1}","{'v1': 'rug', 'v2': 'cloud'}",neutral,
L3-44-01573-neutral,L3-44-01573,neutral,,,6,6,True,False,"{'v2': 6, 'v1': 6}","{'v1': 'toy', 'v2': 'cow'}",neutral,
L3-44-01574-neutral,L3-44-01574,neutral,,,7,7,True,False,"{'v2': 1, 'v1': 7}","{'v1': 'farm', 'v2': 'book'}",neutral,
L3-44-01575-neutral,L3-44-01575,neutral,,,6,6,True,False,"{'v2': 1, 'v1': 6}","{'v1': 'wheel', 'v2': 'bag'}",neutral,
L3-44-01576-neutral,L3-44-01576,neutral,,,5,5,True,False,"{'v2': 3, 'v1': 5}","{'v1': 'web', 'v2': 'wolf'}",neutral,
L3-44-01577-neutral,L3-44-01577,neutral,,,7,7,True,False,"{'v2': 7, 'v1': 7}","{'v1': 'toy', 'v2': 'car'}",neutral,
L3-44-01578-neutral,L3-44-01578,neutral,,,8,8,True,False,"{'v2': 0, 'v1': 8}","{'v1': 'box', 'v2': 'boat'}",neutral,
L3-44-01579-neutral,L3-44-01579,neutral,,,4,4,True,False,"{'v2': 1, 'v1': 4}","{'v1': 'lamp', 'v2': 'roof'}",neutral,
L3-44-01580-neutral,L3-44-01580,neutral,,,7,7,True,False,"{'v2': 2, 'v1': 7}","{'v1': 'horse', 'v2': 'nut'}",neutral,
L3-44-01581-neutral,L3-44-01581,neutral,,,0,-1,False,False,"{'v2': 2, 'v1': 0}","{'v1': 'cow', 'v2': 'pig'}",neutral,
L3-44-01582-neutral,L3-44-01582,neutral,,,1,1,True,False,"{'v2': 1, 'v1': 1}","{'v1': 'lamp', 'v2': 'water'}",neutral,
L3-44-01583-neutral,L3-44-01583,neutral,,,8,8,True,False,"{'v2': 5, 'v1': 8}","{'v1': 'yard', 'v2': 'sun'}",neutral,
L3-44-01584-neutral,L3-44-01584,neutral,,,3,3,True,False,"{'v2': 6, 'v1': 3}","{'v1': 'sky', 'v2': 'key'}",neutral,
L3-44-01585-neutral,L3-44-01585,neutral,,,3,3,True,False,"{'v2': 5, 'v1': 3}","{'v1': 'egg', 'v2': 'sky'}",neutral,
L3-44-01586-neutral,L3-44-01586,neutral,,,9,9,True,False,"{'v2': 9, 'v1': 9}","{'v1': 'water', 'v2': 'fork'}",neutral,
L3-44-01587-neutral,L3-44-01587,neutral,,,3,3,True,False,"{'v2': 2, 'v1': 3}","{'v1': 'bus', 'v2': 'cake'}",neutral,
L3-44-01588-neutral,L3-44-01588,neutral,,,5,5,True,False,"{'v2': 2, 'v1': 5}","{'v1': 'bee', 'v2': 'soap'}",neutral,
L3-44-01589-neutral,L3-44-01589,neutral,,,2,2,True,False,"{'v2': 1, 'v1': 2}","{'v1': 'leaf', 'v2': 'lid'}",neutral,
L3-44-01590-neutral,L3-44-01590,neutral,,,0,0,True,False,"{'v2': 6, 'v1': 0}","{'v1': 'truck', 'v2': 'mouse'}",neutral,
L3-44-01591-neutral,L3-44-01591,neutral,,,1,1,True,False,"{'v2': 1, 'v1': 1}","{'v1': 'toy', 'v2': 'frog'}",neutral,
L3-44-01592-neutral,L3-44-01592,neutral,,,6,6,True,False,"{'v2': 1, 'v1': 6}","{'v1': 'desk', 'v2': 'cake'}",neutral,
L3-44-01593-neutral,L3-44-01593,neutral,,,1,1,True,False,"{'v2': 2, 'v1': 1}","{'v1': 'map', 'v2': 'net'}",neutral,
L3-44-01594-neutral,L3-44-01594,neutral,,,2,2,True,False,"{'v2': 5, 'v1': 2}","{'v1': 'cloud', 'v2': 'ring'}",neutral,
L3-44-01595-neutral,L3-44-01595,neutral,,,0,0,True,False,"{'v2': 0, 'v1': 0}","{'v1': 'farm', 'v2': 'tea'}",neutral,
L3-44-01596-neutral,L3-44-01596,neutral,,,8,8,True,False,"{'v2': 1, 'v1': 8}","{'v1': 'web', 'v2': 'water'}",neutral,
L3-44-01597-neutral,L3-44-01597,neutral,,,8,8,True,False,"{'v2': 1, 'v1': 8}","{'v1': 'cloud', 'v2': 'pig'}",neutral,
L3-44-01598-neutral,L3-44-01598,neutral,,,4,4,True,False,"{'v2': 1, 'v1': 4}","{'v1': 'shirt', 'v2': 'pear'}",neutral,
L3-44-01599-neutral,L3-44-01599,neutral,,,1,1,True,False,"{'v2': 6, 'v1': 1}","{'v1': 'toy', 'v2': 'gem'}",neutral,
L3-44-01600-neutral,L3-44-01600,neutral,,,3,3,True,False,"{'v2': 2, 'v1': 3}","{'v1': 'boat', 'v2': 'lake'}",neutral,
L3-44-01601-neutral,L3-44-01601,neutral,,,1,1,True,False,"{'v2': 2, 'v1': 1}","{'v1': 'horse', 'v2': 'map'}",neutral,
L3-44-01602-neutral,L3-44-01602,neutral,,,7,7,True,False,"{'v2': 1, 'v1': 7}","{'v1': 'apple', 'v2': 'key'}",neutral,
L3-44-01603-neutral,L3-44-01603,neutral,,,5,5,True,False,"{'v2': 5, 'v1': 5}","{'v1': 'nest', 'v2': 'shirt'}",neutral,
L3-44-01604-neutral,L3-44-01604,neutral,,,5,5,True,False,"{'v2': 2, 'v1': 5}","{'v1': 'dog', 'v2': 'book'}",neutral,
L3-44-01605-neutral,L3-44-01605,neutral,,,3,3,True,False,"{'v2': 1, 'v1': 3}","{'v1': 'pear', 'v2': 'road'}",neutral,
L3-44-01606-neutral,L3-44-01606,neutral,,,0,6,False,False,"{'v2': 9, 'v1': 0}","{'v1': 'cake', 'v2': 'apple'}",neutral,
L3-44-01607-neutral,L3-44-01607,neutral,,,3,3,True,False,"{'v2': 6, 'v1': 3}","{'v1': 'cow', 'v2': 'river'}",neutral,
L3-44-01608-neutral,L3-44-01608,neutral,,,2,2,True,False,"{'v2': 0, 'v1': 2}","{'v1': 'wolf', 'v2': 'horse'}",neutral,
L3-44-01609-neutral,L3-44-01609,neutral,,,8,8,True,False,"{'v2': 1, 'v1': 8}","{'v1': 'apple', 'v2': 'fork'}",neutral,
L3-44-01610-neutral,L3-44-01610,neutral,,,7,6,False,False,"{'v2': 5, 'v1': 7}","{'v1': 'rug', 'v2': 'bin'}",neutral,
L3-44-01611-neutral,L3-44-01611,neutral,,,3,3,True,False,"{'v2': 2, 'v1': 3}","{'v1': 'hill', 'v2': 'frog'}",neutral,
L3-44-01612-neutral,L3-44-01612,neutral,,,4,4,True,False,"{'v2': 1, 'v1': 4}","{'v1': 'soup', 'v2': 'bus'}",neutral,
L3-44-01613-neutral,L3-44-01613,neutral,,,4,4,True,False,"{'v2': 2, 'v1': 4}","{'v1': 'desk', 'v2': 'dog'}",neutral,
L3-44-01614-neutral,L3-44-01614,neutral,,,4,4,True,False,"{'v2': 1, 'v1': 4}","{'v1': 'desk', 'v2': 'soup'}",neutral,
L3-44-01615-neutral,L3-44-01615,neutral,,,8,8,True,False,"{'v2': 1, 'v1': 8}","{'v1': 'jar', 'v2': 'lake'}",neutral,
L3-44-01616-neutral,L3-44-01616,neutral,,,7,7,True,False,"{'v2': 0, 'v1': 7}","{'v1': 'sky', 'v2': 'fox'}",neutral,
L3-44-01617-neutral,L3-44-01617,neutral,,,8,8,True,False,"{'v2': 6, 'v1': 8}","{'v1': 'cap', 'v2': 'fork'}",neutral,
L3-44-01618-neutral,L3-44-01618,neutral,,,2,2,True,False,"{'v2': 0, 'v1': 2}","{'v1': 'toy', 'v2': 'ship'}",neutral,
L3-44-01619-neutral,L3-44-01619,neutral,,,6,6,True,False,"{'v2': 6, 'v1': 6}","{'v1': 'lid', 'v2': 'book'}",neutral,
L3-44-01620-neutral,L3-44-01620,neutral,,,0,0,True,False,"{'v2': 9, 'v1': 0}","{'v1': 'ship', 'v2': 'web'}",neutral,
L3-44-01621-neutral,L3-44-01621,neutral,,,1,1,True,False,"{'v2': 0, 'v1': 1}","{'v1': 'book', 'v2': 'car'}",neutral,
L3-44-01622-neutral,L3-44-01622,neutral,,,8,8,True,False,"{'v2': 0, 'v1': 8}","{'v1': 'net', 'v2': 'hat'}",neutral,
L3-44-01623-neutral,L3-44-01623,neutral,,,6,6,True,False,"{'v2': 0, 'v1': 6}","{'v1': 'web', 'v2': 'fork'}",neutral,
L3-44-01624-neutral,L3-44-01624,neutral,,,4,4,True,False,"{'v2': 3, 'v1': 4}","{'v1': 'tent', 'v2': 'pan'}",neutral,
L3-44-01625-neutral,L3-44-01625,neutral,,,8,8,True,False,"{'v2': 8, 'v1': 8}","{'v1': 'road', 'v2': 'seed'}",neutral,
L3-44-01626-neutral,L3-44-01626,neutral,,,3,3,True,False,"{'v2': 0, 'v1': 3}","{'v1': 'gem', 'v2': 'van'}",neutral,
L3-44-01627-neutral,L3-44-01627,neutral,,,4,4,True,False,"{'v2': 0, 'v1': 4}","{'v1': 'lake', 'v2': 'wheel'}",neutral,
L3-44-01628-neutral,L3-44-01628,neutral,,,9,9,True,False,"{'v2': 2, 'v1': 9}","{'v1': 'soap', 'v2': 'rug'}",neutral,
L3-44-01629-neutral,L3-44-01629,neutral,,,1,1,True,False,"{'v2': 7, 'v1': 1}","{'v1': 'bus', 'v2': 'ship'}",neutral,
L3-44-01630-neutral,L3-44-01630,neutral,,,8,8,True,False,"{'v2': 7, 'v1': 8}","{'v1': 'wheel', 'v2': 'nest'}",neutral,
L3-44-01631-neutral,L3-44-01631,neutral,,,3,3,True,False,"{'v2': 0, 'v1': 3}","{'v1': 'web', 'v2': 'egg'}",neutral,
L3-44-01632-neutral,L3-44-01632,neutral,,,9,9,True,False,"{'v2': 2, 'v1': 9}","{'v1': 'box', 'v2': 'egg'}",neutral,
L3-44-01633-neutral,L3-44-01633,neutral,,,1,1,True,False,"{'v2': 7, 'v1': 1}","{'v1': 'map', 'v2': 'hat'}",neutral,
L3-44-01634-neutral,L3-44-01634,neutral,,,4,4,True,False,"{'v2': 3, 'v1': 4}","{'v1': 'jam', 'v2': 'pig'}",neutral,
L3-44-01635-neutral,L3-44-01635,neutral,,,2,2,True,False,"{'v2': 2, 'v1': 2}","{'v1': 'salt', 'v2': 'bin'}",neutral,
L3-44-01636-neutral,L3-44-01636,neutral,,,9,9,True,False,"{'v2': 1, 'v1': 9}","{'v1': 'ham', 'v2': 'tent'}",neutral,
L3-44-01637-neutral,L3-44-01637,neutral,,,5,5,True,False,"{'v2': 3, 'v1': 5}","{'v1': 'ink', 'v2': 'bus'}",neutral,
L3-44-01638-neutral,L3-44-01638,neutral,,,8,8,True,False,"{'v2': 1, 'v1': 8}","{'v1': 'coat', 'v2': 'jam'}",neutral,
L3-44-01639-neutral,L3-44-01639,neutral,,,8,8,True,False,"{'v2': 7, 'v1': 8}","{'v1': 'lid', 'v2': 'star'}",neutral,
L3-44-01640-neutral,L3-44-01640,neutral,,,5,5,True,False,"{'v2': 0, 'v1': 5}","{'v1': 'rod', 'v2': 'rug'}",neutral,
L3-44-01641-neutral,L3-44-01641,neutral,,,4,4,True,False,"{'v2': 1, 'v1': 4}","{'v1': 'gem', 'v2': 'book'}",neutral,
L3-44-01642-neutral,L3-44-01642,neutral,,,3,3,True,False,"{'v2': 5, 'v1': 3}","{'v1': 'lid', 'v2': 'key'}",neutral,
L3-44-01643-neutral,L3-44-01643,neutral,,,7,7,True,False,"{'v2': 5, 'v1': 7}","{'v1': 'lid', 'v2': 'cow'}",neutral,
L3-44-01644-neutral,L3-44-01644,neutral,,,5,5,True,False,"{'v2': 0, 'v1': 5}","{'v1': 'fish', 'v2': 'farm'}",neutral,
L3-44-01645-neutral,L3-44-01645,neutral,,,9,0,False,False,"{'v2': 0, 'v1': 9}","{'v1': 'salt', 'v2': 'mouse'}",neutral,
L3-44-01646-neutral,L3-44-01646,neutral,,,1,1,True,False,"{'v2': 2, 'v1': 1}","{'v1': 'fish', 'v2': 'salt'}",neutral,
L3-44-01647-neutral,L3-44-01647,neutral,,,5,5,True,False,"{'v2': 1, 'v1': 5}","{'v1': 'roof', 'v2': 'seed'}",neutral,
L3-44-01648-neutral,L3-44-01648,neutral,,,1,1,True,False,"{'v2': 7, 'v1': 1}","{'v1': 'box', 'v2': 'egg'}",neutral,
L3-44-01649-neutral,L3-44-01649,neutral,,,8,6,False,False,"{'v2': 6, 'v1': 8}","{'v1': 'web', 'v2': 'star'}",neutral,
L3-44-01650-neutral,L3-44-01650,neutral,,,2,2,True,False,"{'v2': 1, 'v1': 2}","{'v1': 'hat', 'v2': 'fan'}",neutral,
L3-44-01651-neutral,L3-44-01651,neutral,,,1,1,True,False,"{'v2': 1, 'v1': 1}","{'v1': 'ship', 'v2': 'fork'}",neutral,
L3-44-01652-neutral,L3-44-01652,neutral,,,4,4,True,False,"{'v2': 5, 'v1': 4}","{'v1': 'gem', 'v2': 'egg'}",neutral,
L3-44-01653-neutral,L3-44-01653,neutral,,,0,0,True,False,"{'v2': 7, 'v1': 0}","{'v1': 'ham', 'v2': 'sock'}",neutral,
L3-44-01654-neutral,L3-44-01654,neutral,,,7,7,True,False,"{'v2': 5, 'v1': 7}","{'v1': 'cloud', 'v2': 'road'}",neutral,
L3-44-01655-neutral,L3-44-01655,neutral,,,4,4,True,False,"{'v2': 3, 'v1': 4}","{'v1': 'roof', 'v2': 'jam'}",neutral,
L3-44-01656-neutral,L3-44-01656,neutral,,,7,7,True,False,"{'v2': 1, 'v1': 7}","{'v1': 'river', 'v2': 'hill'}",neutral,
L3-44-01657-neutral,L3-44-01657,neutral,,,8,8,True,False,"{'v2': 0, 'v1': 8}","{'v1': 'train', 'v2': 'car'}",neutral,
L3-44-01658-neutral,L3-44-01658,neutral,,,5,4,False,False,"{'v2': 0, 'v1': 5}","{'v1': 'rod', 'v2': 'fig'}",neutral,
L3-44-01659-neutral,L3-44-01659,neutral,,,2,2,True,False,"{'v2': 2, 'v1': 2}","{'v1': 'sky', 'v2': 'tea'}",neutral,
L3-44-01660-neutral,L3-44-01660,neutral,,,1,1,True,False,"{'v2': 6, 'v1': 1}","{'v1': 'horse', 'v2': 'farm'}",neutral,
L3-44-01661-neutral,L3-44-01661,neutral,,,3,3,True,False,"{'v2': 3, 'v1': 3}","{'v1': 'seed', 'v2': 'dog'}",neutral,
L3-44-01662-neutral,L3-44-01662,neutral,,,1,1,True,False,"{'v2': 3, 'v1': 1}","{'v1': 'fig', 'v2': 'ring'}",neutral,
L3-44-01663-neutral,L3-44-01663,neutral,,,9,18,False,False,"{'v2': 0, 'v1': 9}","{'v1': 'water', 'v2': 'map'}",neutral,
L3-44-01664-neutral,L3-44-01664,neutral,,,9,9,True,False,"{'v2': 9, 'v1': 9}","{'v1': 'bus', 'v2': 'bin'}",neutral,
L3-44-01665-neutral,L3-44-01665,neutral,,,7,7,True,False,"{'v2': 2, 'v1': 7}","{'v1': 'roof', 'v2': 'horse'}",neutral,
L3-44-01666-neutral,L3-44-01666,neutral,,,9,9,True,False,"{'v2': 9, 'v1': 9}","{'v1': 'table', 'v2': 'box'}",neutral,
L3-44-01667-neutral,L3-44-01667,neutral,,,8,8,True,False,"{'v2': 5, 'v1': 8}","{'v1': 'cap', 'v2': 'frog'}",neutral,
L3-44-01668-neutral,L3-44-01668,neutral,,,4,-4,False,False,"{'v2': 0, 'v1': 4}","{'v1': 'ant', 'v2': 'ring'}",neutral,
L3-44-01669-neutral,L3-44-01669,neutral,,,8,8,True,False,"{'v2': 0, 'v1': 8}","{'v1': 'wolf', 'v2': 'mouse'}",neutral,
L3-44-01670-neutral,L3-44-01670,neutral,,,4,4,True,False,"{'v2': 0, 'v1': 4}","{'v1': 'coat', 'v2': 'sky'}",neutral,
L3-44-01671-neutral,L3-44-01671,neutral,,,1,1,True,False,"{'v2': 2, 'v1': 1}","{'v1': 'ham', 'v2': 'apple'}",neutral,
L3-44-01672-neutral,L3-44-01672,neutral,,,1,1,True,False,"{'v2': 7, 'v1': 1}","{'v1': 'hill', 'v2': 'horse'}",neutral,
L3-44-01673-neutral,L3-44-01673,neutral,,,1,1,True,False,"{'v2': 8, 'v1': 1}","{'v1': 'net', 'v2': 'sky'}",neutral,
L3-44-01674-neutral,L3-44-01674,neutral,,,9,9,True,False,"{'v2': 6, 'v1': 9}","{'v1': 'moon', 'v2': 'lamp'}",neutral,
L3-44-01675-neutral,L3-44-01675,neutral,,,9,9,True,False,"{'v2': 9, 'v1': 9}","{'v1': 'bag', 'v2': 'fox'}",neutral,
L3-44-01676-neutral,L3-44-01676,neutral,,,1,1,True,False,"{'v2': 1, 'v1': 1}","{'v1': 'bag', 'v2': 'fork'}",neutral,
L3-44-01677-neutral,L3-44-01677,neutral,,,2,2,True,False,"{'v2': 1, 'v1': 2}","{'v1': 'bus', 'v2': 'map'}",neutral,
L3-44-01678-neutral,L3-44-01678,neutral,,,6,6,True,False,"{'v2': 2, 'v1': 6}","{'v1': 'tent', 'v2': 'desk'}",neutral,
L3-44-01679-neutral,L3-44-01679,neutral,,,3,3,True,False,"{'v2': 0, 'v1': 3}","{'v1': 'box', 'v2': 'car'}",neutral,
L3-44-01680-neutral,L3-44-01680,neutral,,,2,2,True,False,"{'v2': 6, 'v1': 2}","{'v1': 'tea', 'v2': 'sun'}",neutral,
L3-44-01681-neutral,L3-44-01681,neutral,,,2,2,True,False,"{'v2': 0, 'v1': 2}","{'v1': 'lake', 'v2': 'coat'}",neutral,
L3-44-01682-neutral,L3-44-01682,neutral,,,3,3,True,False,"{'v2': 1, 'v1': 3}","{'v1': 'key', 'v2': 'nut'}",neutral,
L3-44-01683-neutral,L3-44-01683,neutral,,,2,6,False,False,"{'v2': 0, 'v1': 2}","{'v1': 'egg', 'v2': 'mouse'}",neutral,
L3-44-01684-neutral,L3-44-01684,neutral,,,3,3,True,False,"{'v2': 1, 'v1': 3}","{'v1': 'ring', 'v2': 'car'}",neutral,
L3-44-01685-neutral,L3-44-01685,neutral,,,6,6,True,False,"{'v2': 5, 'v1': 6}","{'v1': 'table', 'v2': 'ant'}",neutral,
L3-44-01686-neutral,L3-44-01686,neutral,,,1,1,True,False,"{'v2': 2, 'v1': 1}","{'v1': 'roof', 'v2': 'rug'}",neutral,
L3-44-01687-neutral,L3-44-01687,neutral,,,2,2,True,False,"{'v2': 6, 'v1': 2}","{'v1': 'cat', 'v2': 'jar'}",neutral,
L3-44-01688-neutral,L3-44-01688,neutral,,,1,1,True,False,"{'v2': 5, 'v1': 1}","{'v1': 'ant', 'v2': 'cloud'}",neutral,
L3-44-01689-neutral,L3-44-01689,neutral,,,9,9,True,False,"{'v2': 8, 'v1': 9}","{'v1': 'bed', 'v2': 'apple'}",neutral,
L3-44-01690-neutral,L3-44-01690,neutral,,,9,9,True,False,"{'v2': 5, 'v1': 9}","{'v1': 'chair', 'v2': 'salt'}",neutral,
L3-44-01691-neutral,L3-44-01691,neutral,,,8,8,True,False,"{'v2': 8, 'v1': 8}","{'v1': 'box', 'v2': 'lake'}",neutral,
L3-44-01692-neutral,L3-44-01692,neutral,,,0,0,True,False,"{'v2': 0, 'v1': 0}","{'v1': 'car', 'v2': 'farm'}",neutral,
L3-44-01693-neutral,L3-44-01693,neutral,,,9,9,True,False,"{'v2': 6, 'v1': 9}","{'v1': 'van', 'v2': 'train'}",neutral,
L3-44-01694-neutral,L3-44-01694,neutral,,,4,4,True,False,"{'v2': 0, 'v1': 4}","{'v1': 'star', 'v2': 'pan'}",neutral,
L3-44-01695-neutral,L3-44-01695,neutral,,,2,2,True,False,"{'v2': 0, 'v1': 2}","{'v1': 'mouse', 'v2': 'bag'}",neutral,
L3-44-01696-neutral,L3-44-01696,neutral,,,5,5,True,False,"{'v2': 1, 'v1': 5}","{'v1': 'cow', 'v2': 'salt'}",neutral,
L3-44-01697-neutral,L3-44-01697,neutral,,,1,1,True,False,"{'v2': 5, 'v1': 1}","{'v1': 'rag', 'v2': 'book'}",neutral,
L3-44-01698-neutral,L3-44-01698,neutral,,,7,7,True,False,"{'v2': 7, 'v1': 7}","{'v1': 'fig', 'v2': 'tea'}",neutral,
L3-44-01699-neutral,L3-44-01699,neutral,,,4,4,True,False,"{'v2': 0, 'v1': 4}","{'v1': 'farm', 'v2': 'roof'}",neutral,
L3-44-01700-neutral,L3-44-01700,neutral,,,2,2,True,False,"{'v2': 1, 'v1': 2}","{'v1': 'pot', 'v2': 'nut'}",neutral,
L3-44-01701-neutral,L3-44-01701,neutral,,,6,6,True,False,"{'v2': 3, 'v1': 6}","{'v1': 'car', 'v2': 'net'}",neutral,
L3-44-01702-neutral,L3-44-01702,neutral,,,0,0,True,False,"{'v2': 6, 'v1': 0}","{'v1': 'ink', 'v2': 'fig'}",neutral,
L3-44-01703-neutral,L3-44-01703,neutral,,,4,4,True,False,"{'v2': 2, 'v1': 4}","{'v1': 'fish', 'v2': 'apple'}",neutral,
L3-44-01704-neutral,L3-44-01704,neutral,,,8,8,True,False,"{'v2': 8, 'v1': 8}","{'v1': 'box', 'v2': 'desk'}",neutral,
L3-44-01705-neutral,L3-44-01705,neutral,,,1,-1,False,False,"{'v2': 2, 'v1': 1}","{'v1': 'cat', 'v2': 'ring'}",neutral,
L3-44-01706-neutral,L3-44-01706,neutral,,,3,3,True,False,"{'v2': 5, 'v1': 3}","{'v1': 'fox', 'v2': 'mouse'}",neutral,
L3-44-01707-neutral,L3-44-01707,neutral,,,4,4,True,False,"{'v2': 0, 'v1': 4}","{'v1': 'wheel', 'v2': 'lake'}",neutral,
L3-44-01708-neutral,L3-44-01708,neutral,,,9,9,True,False,"{'v2': 5, 'v1': 9}","{'v1': 'truck', 'v2': 'table'}",neutral,
L3-44-01709-neutral,L3-44-01709,neutral,,,8,8,True,False,"{'v2': 5, 'v1': 8}","{'v1': 'rag', 'v2': 'apple'}",neutral,
L3-44-01710-neutral,L3-44-01710,neutral,,,7,7,True,False,"{'v2': 5, 'v1': 7}","{'v1': 'road', 'v2': 'soap'}",neutral,
L3-44-01711-neutral,L3-44-01711,neutral,,,5,5,True,False,"{'v2': 2, 'v1': 5}","{'v1': 'desk', 'v2': 'sock'}",neutral,
L3-44-01712-neutral,L3-44-01712,neutral,,,0,0,True,False,"{'v2': 5, 'v1': 0}","{'v1': 'hill', 'v2': 'lamp'}",neutral,
L3-44-01713-neutral,L3-44-01713,neutral,,,1,1,True,False,"{'v2': 1, 'v1': 1}","{'v1': 'cow', 'v2': 'cloud'}",neutral,
L3-44-01714-neutral,L3-44-01714,neutral,,,1,1,True,False,"{'v2': 7, 'v1': 1}","{'v1': 'wolf', 'v2': 'horse'}",neutral,
L3-44-01715-neutral,L3-44-01715,neutral,,,7,7,True,False,"{'v2': 5, 'v1': 7}","{'v1': 'roof', 'v2': 'bin'}",neutral,
L3-44-01716-neutral,L3-44-01716,neutral,,,8,8,True,False,"{'v2': 1, 'v1': 8}","{'v1': 'fish', 'v2': 'book'}",neutral,
L3-44-01717-neutral,L3-44-01717,neutral,,,0,0,True,False,"{'v2': 1, 'v1': 0}","{'v1': 'map', 'v2': 'mouse'}",neutral,
L3-44-01718-neutral,L3-44-01718,neutral,,,7,7,True,False,"{'v2': 3, 'v1': 7}","{'v1': 'van', 'v2': 'dog'}",neutral,
L3-44-01719-neutral,L3-44-01719,neutral,,,3,3,True,False,"{'v2': 1, 'v1': 3}","{'v1': 'door', 'v2': 'egg'}",neutral,
L3-44-01720-neutral,L3-44-01720,neutral,,,3,3,True,False,"{'v2': 1, 'v1': 3}","{'v1': 'tea', 'v2': 'farm'}",neutral,
L3-44-01721-neutral,L3-44-01721,neutral,,,9,9,True,False,"{'v2': 7, 'v1': 9}","{'v1': 'nest', 'v2': 'lake'}",neutral,
L3-44-01722-neutral,L3-44-01722,neutral,,,5,5,True,False,"{'v2': 0, 'v1': 5}","{'v1': 'sun', 'v2': 'cloud'}",neutral,
L3-44-01723-neutral,L3-44-01723,neutral,,,1,1,True,False,"{'v2': 1, 'v1': 1}","{'v1': 'road', 'v2': 'soup'}",neutral,
L3-44-01724-neutral,L3-44-01724,neutral,,,9,9,True,False,"{'v2': 0, 'v1': 9}","{'v1': 'fork', 'v2': 'rug'}",neutral,
L3-44-01725-neutral,L3-44-01725,neutral,,,2,2,True,False,"{'v2': 2, 'v1': 2}","{'v1': 'egg', 'v2': 'roof'}",neutral,
L3-44-01726-neutral,L3-44-01726,neutral,,,4,4,True,False,"{'v2': 2, 'v1': 4}","{'v1': 'ham', 'v2': 'sky'}",neutral,
L3-44-01727-neutral,L3-44-01727,neutral,,,6,6,True,False,"{'v2': 3, 'v1': 6}","{'v1': 'gem', 'v2': 'bee'}",neutral,
L3-44-01728-neutral,L3-44-01728,neutral,,,1,1,True,False,"{'v2': 8, 'v1': 1}","{'v1': 'shirt', 'v2': 'book'}",neutral,
L3-44-01729-neutral,L3-44-01729,neutral,,,5,4,False,False,"{'v2': 0, 'v1': 5}","{'v1': 'web', 'v2': 'van'}",neutral,
L3-44-01730-neutral,L3-44-01730,neutral,,,9,9,True,False,"{'v2': 6, 'v1': 9}","{'v1': 'soap', 'v2': 'cat'}",neutral,
L3-44-01731-neutral,L3-44-01731,neutral,,,7,7,True,False,"{'v2': 0, 'v1': 7}","{'v1': 'lid', 'v2': 'ink'}",neutral,
L3-44-01732-neutral,L3-44-01732,neutral,,,3,3,True,False,"{'v2': 2, 'v1': 3}","{'v1': 'ring', 'v2': 'owl'}",neutral,
L3-44-01733-neutral,L3-44-01733,neutral,,,7,7,True,False,"{'v2': 7, 'v1': 7}","{'v1': 'jar', 'v2': 'pan'}",neutral,
L3-44-01734-neutral,L3-44-01734,neutral,,,3,3,True,False,"{'v2': 0, 'v1': 3}","{'v1': 'nut', 'v2': 'lamp'}",neutral,
L3-44-01735-neutral,L3-44-01735,neutral,,,5,5,True,False,"{'v2': 1, 'v1': 5}","{'v1': 'apple', 'v2': 'sock'}",neutral,
L3-44-01736-neutral,L3-44-01736,neutral,,,0,1,False,False,"{'v2': 0, 'v1': 0}","{'v1': 'farm', 'v2': 'egg'}",neutral,
L3-44-01737-neutral,L3-44-01737,neutral,,,7,7,True,False,"{'v2': 0, 'v1': 7}","{'v1': 'nest', 'v2': 'egg'}",neutral,
L3-44-01738-neutral,L3-44-01738,neutral,,,5,5,True,False,"{'v2': 0, 'v1': 5}","{'v1': 'pig', 'v2': 'train'}",neutral,
L3-44-01739-neutral,L3-44-01739,neutral,,,5,5,True,False,"{'v2': 1, 'v1': 5}","{'v1': 'horse', 'v2': 'book'}",neutral,
L3-44-01740-neutral,L3-44-01740,neutral,,,8,8,True,False,"{'v2': 5, 'v1': 8}","{'v1': 'tent', 'v2': 'apple'}",neutral,
L3-44-01741-neutral,L3-44-01741,neutral,,,4,4,True,False,"{'v2': 2, 'v1': 4}","{'v1': 'hat', 'v2': 'pan'}",neutral,
L3-44-01742-neutral,L3-44-01742,neutral,,,7,7,True,False,"{'v2': 2, 'v1': 7}","{'v1': 'toy', 'v2': 'ink'}",neutral,
L3-44-01743-neutral,L3-44-01743,neutral,,,9,9,True,False,"{'v2': 8, 'v1': 9}","{'v1': 'desk', 'v2': 'wolf'}",neutral,
L3-44-01744-neutral,L3-44-01744,neutral,,,2,2,True,False,"{'v2': 7, 'v1': 2}","{'v1': 'bed', 'v2': 'bag'}",neutral,
L3-44-01745-neutral,L3-44-01745,neutral,,,3,3,True,False,"{'v2': 0, 'v1': 3}","{'v1': 'nut', 'v2': 'pot'}",neutral,
L3-44-01746-neutral,L3-44-01746,neutral,,,8,8,True,False,"{'v2': 6, 'v1': 8}","{'v1': 'pan', 'v2': 'water'}",neutral,
L3-44-01747-neutral,L3-44-01747,neutral,,,0,0,True,False,"{'v2': 0, 'v1': 0}","{'v1': 'book', 'v2': 'bed'}",neutral,
L3-44-01748-neutral,L3-44-01748,neutral,,,1,1,True,False,"{'v2': 1, 'v1': 1}","{'v1': 'water', 'v2': 'egg'}",neutral,
L3-44-01749-neutral,L3-44-01749,neutral,,,5,5,True,False,"{'v2': 0, 'v1': 5}","{'v1': 'pot', 'v2': 'star'}",neutral,
L3-44-01750-neutral,L3-44-01750,neutral,,,6,6,True,False,"{'v2': 3, 'v1': 6}","{'v1': 'book', 'v2': 'web'}",neutral,
L3-44-01751-neutral,L3-44-01751,neutral,,,9,9,True,False,"{'v2': 0, 'v1': 9}","{'v1': 'door', 'v2': 'coat'}",neutral,
L3-44-01752-neutral,L3-44-01752,neutral,,,0,0,True,False,"{'v2': 9, 'v1': 0}","{'v1': 'pig', 'v2': 'book'}",neutral,
L3-44-01753-neutral,L3-44-01753,neutral,,,8,8,True,False,"{'v2': 0, 'v1': 8}","{'v1': 'sky', 'v2': 'river'}",neutral,
L3-44-01754-neutral,L3-44-01754,neutral,,,9,9,True,False,"{'v2': 7, 'v1': 9}","{'v1': 'bee', 'v2': 'pear'}",neutral,
L3-44-01755-neutral,L3-44-01755,neutral,,,5,5,True,False,"{'v2': 3, 'v1': 5}","{'v1': 'pig', 'v2': 'wolf'}",neutral,
L3-44-01756-neutral,L3-44-01756,neutral,,,4,4,True,False,"{'v2': 2, 'v1': 4}","{'v1': 'dog', 'v2': 'wolf'}",neutral,
L3-44-01757-neutral,L3-44-01757,neutral,,,8,8,True,False,"{'v2': 7, 'v1': 8}","{'v1': 'toy', 'v2': 'book'}",neutral,
L3-44-01758-neutral,L3-44-01758,neutral,,,9,9,True,False,"{'v2': 5, 'v1': 9}","{'v1': 'wolf', 'v2': 'nut'}",neutral,
L3-44-01759-neutral,L3-44-01759,neutral,,,8,8,True,False,"{'v2': 7, 'v1': 8}","{'v1': 'mouse', 'v2': 'nest'}",neutral,
L3-44-01760-neutral,L3-44-01760,neutral,,,8,8,True,False,"{'v2': 1, 'v1': 8}","{'v1': 'nut', 'v2': 'gem'}",neutral,
L3-44-01761-neutral,L3-44-01761,neutral,,,2,-2,False,False,"{'v2': 0, 'v1': 2}","{'v1': 'fig', 'v2': 'pig'}",neutral,
L3-44-01762-neutral,L3-44-01762,neutral,,,7,7,True,False,"{'v2': 0, 'v1': 7}","{'v1': 'pear', 'v2': 'box'}",neutral,
L3-44-01763-neutral,L3-44-01763,neutral,,,4,4,True,False,"{'v2': 5, 'v1': 4}","{'v1': 'cloud', 'v2': 'cap'}",neutral,
L3-44-01764-neutral,L3-44-01764,neutral,,,5,5,True,False,"{'v2': 2, 'v1': 5}","{'v1': 'apple', 'v2': 'jar'}",neutral,
L3-44-01765-neutral,L3-44-01765,neutral,,,2,2,True,False,"{'v2': 1, 'v1': 2}","{'v1': 'fig', 'v2': 'nest'}",neutral,
L3-44-01766-neutral,L3-44-01766,neutral,,,5,5,True,False,"{'v2': 2, 'v1': 5}","{'v1': 'salt', 'v2': 'desk'}",neutral,
L3-44-01767-neutral,L3-44-01767,neutral,,,3,3,True,False,"{'v2': 2, 'v1': 3}","{'v1': 'van', 'v2': 'cow'}",neutral,
L3-44-01768-neutral,L3-44-01768,neutral,,,7,7,True,False,"{'v2': 0, 'v1': 7}","{'v1': 'web', 'v2': 'gem'}",neutral,
L3-44-01769-neutral,L3-44-01769,neutral,,,8,8,True,False,"{'v2': 8, 'v1': 8}","{'v1': 'lamp', 'v2': 'farm'}",neutral,
L3-44-01770-neutral,L3-44-01770,neutral,,,1,0,False,False,"{'v2': 0, 'v1': 1}","{'v1': 'table', 'v2': 'soap'}",neutral,
L3-44-01771-neutral,L3-44-01771,neutral,,,3,3,True,False,"{'v2': 5, 'v1': 3}","{'v1': 'car', 'v2': 'sock'}",neutral,
L3-44-01772-neutral,L3-44-01772,neutral,,,5,5,True,False,"{'v2': 0, 'v1': 5}","{'v1': 'net', 'v2': 'soap'}",neutral,
L3-44-01773-neutral,L3-44-01773,neutral,,,5,5,True,False,"{'v2': 2, 'v1': 5}","{'v1': 'nut', 'v2': 'fork'}",neutral,
L3-44-01774-neutral,L3-44-01774,neutral,,,2,2,True,False,"{'v2': 1, 'v1': 2}","{'v1': 'soap', 'v2': 'cap'}",neutral,
L3-44-01775-neutral,L3-44-01775,neutral,,,3,3,True,False,"{'v2': 2, 'v1': 3}","{'v1': 'fan', 'v2': 'frog'}",neutral,
L3-44-01776-neutral,L3-44-01776,neutral,,,4,4,True,False,"{'v2': 5, 'v1': 4}","{'v1': 'car', 'v2': 'leaf'}",neutral,
L3-44-01777-neutral,L3-44-01777,neutral,,,5,5,True,False,"{'v2': 5, 'v1': 5}","{'v1': 'ship', 'v2': 'star'}",neutral,
L3-44-01778-neutral,L3-44-01778,neutral,,,6,6,True,False,"{'v2': 1, 'v1': 6}","{'v1': 'apple', 'v2': 'bus'}",neutral,
L3-44-01779-neutral,L3-44-01779,neutral,,,6,6,True,False,"{'v2': 0, 'v1': 6}","{'v1': 'hill', 'v2': 'soap'}",neutral,
L3-44-01780-neutral,L3-44-01780,neutral,,,8,8,True,False,"{'v2': 7, 'v1': 8}","{'v1': 'lamp', 'v2': 'lid'}",neutral,
L3-44-01781-neutral,L3-44-01781,neutral,,,1,1,True,False,"{'v2': 0, 'v1': 1}","{'v1': 'pan', 'v2': 'bag'}",neutral,
L3-44-01782-neutral,L3-44-01782,neutral,,,7,6,False,False,"{'v2': 5, 'v1': 7}","{'v1': 'farm', 'v2': 'boat'}",neutral,
L3-44-01783-neutral,L3-44-01783,neutral,,,4,4,True,False,"{'v2': 5, 'v1': 4}","{'v1': 'bread', 'v2': 'ham'}",neutral,
L3-44-01784-neutral,L3-44-01784,neutral,,,1,1,True,False,"{'v2': 0, 'v1': 1}","{'v1': 'bus', 'v2': 'key'}",neutral,
L3-44-01785-neutral,L3-44-01785,neutral,,,8,8,True,False,"{'v2': 0, 'v1': 8}","{'v1': 'sock', 'v2': 'chair'}",neutral,
L3-44-01786-neutral,L3-44-01786,neutral,,,2,2,True,False,"{'v2': 0, 'v1': 2}","{'v1': 'nut', 'v2': 'ham'}",neutral,
L3-44-01787-neutral,L3-44-01787,neutral,,,7,7,True,False,"{'v2': 6, 'v1': 7}","{'v1': 'salt', 'v2': 'bread'}",neutral,
L3-44-01788-neutral,L3-44-01788,neutral,,,5,5,True,False,"{'v2': 0, 'v1': 5}","{'v1': 'rag', 'v2': 'van'}",neutral,
L3-44-01789-neutral,L3-44-01789,neutral,,,8,8,True,False,"{'v2': 8, 'v1': 8}","{'v1': 'water', 'v2': 'door'}",neutral,
L3-44-01790-neutral,L3-44-01790,neutral,,,3,3,True,False,"{'v2': 0, 'v1': 3}","{'v1': 'soup', 'v2': 'wolf'}",neutral,
L3-44-01791-neutral,L3-44-01791,neutral,,,3,3,True,False,"{'v2': 6, 'v1': 3}","{'v1': 'shirt', 'v2': 'bed'}",neutral,
L3-44-01792-neutral,L3-44-01792,neutral,,,0,0,True,False,"{'v2': 0, 'v1': 0}","{'v1': 'hat', 'v2': 'table'}",neutral,
L3-44-01793-neutral,L3-44-01793,neutral,,,4,4,True,False,"{'v2': 5, 'v1': 4}","{'v1': 'cat', 'v2': 'pot'}",neutral,
L3-44-01794-neutral,L3-44-01794,neutral,,,3,3,True,False,"{'v2': 1, 'v1': 3}","{'v1': 'bus', 'v2': 'bed'}",neutral,
L3-44-01795-neutral,L3-44-01795,neutral,,,0,0,True,False,"{'v2': 7, 'v1': 0}","{'v1': 'car', 'v2': 'rag'}",neutral,
L3-44-01796-neutral,L3-44-01796,neutral,,,3,3,True,False,"{'v2': 0, 'v1': 3}","{'v1': 'cap', 'v2': 'gem'}",neutral,
L3-44-01797-neutral,L3-44-01797,neutral,,,8,8,True,False,"{'v2': 0, 'v1': 8}","{'v1': 'web', 'v2': 'leaf'}",neutral,
L3-44-01798-neutral,L3-44-01798,neutral,,,5,5,True,False,"{'v2': 0, 'v1': 5}","{'v1': 'bag', 'v2': 'roof'}",neutral,
L3-44-01799-neutral,L3-44-01799,neutral,,,2,2,True,False,"{'v2': 0, 'v1': 2}","{'v1': 'ring', 'v2': 'lake'}",neutral,
L3-44-01800-neutral,L3-44-01800,neutral,,,0,0,True,False,"{'v2': 9, 'v1': 0}","{'v1': 'fan', 'v2': 'soup'}",neutral,
L3-44-01801-neutral,L3-44-01801,neutral,,,6,6,True,False,"{'v2': 3, 'v1': 6}","{'v1': 'door', 'v2': 'cloud'}",neutral,
L3-44-01802-neutral,L3-44-01802,neutral,,,2,2,True,False,"{'v2': 7, 'v1': 2}","{'v1': 'lid', 'v2': 'ink'}",neutral,
L3-44-01803-neutral,L3-44-01803,neutral,,,2,2,True,False,"{'v2': 3, 'v1': 2}","{'v1': 'truck', 'v2': 'door'}",neutral,
L3-44-01804-neutral,L3-44-01804,neutral,,,8,8,True,False,"{'v2': 1, 'v1': 8}","{'v1': 'leaf', 'v2': 'sky'}",neutral,
L3-44-01805-neutral,L3-44-01805,neutral,,,9,9,True,False,"{'v2': 6, 'v1': 9}","{'v1': 'map', 'v2': 'bin'}",neutral,
L3-44-01806-neutral,L3-44-01806,neutral,,,2,2,True,False,"{'v2': 7, 'v1': 2}","{'v1': 'fan', 'v2': 'salt'}",neutral,
L3-44-01807-neutral,L3-44-01807,neutral,,,4,4,True,False,"{'v2': 5, 'v1': 4}","{'v1': 'fish', 'v2': 'cat'}",neutral,
L3-44-01808-neutral,L3-44-01808,neutral,,,6,6,True,False,"{'v2': 0, 'v1': 6}","{'v1': 'truck', 'v2': 'jam'}",neutral,
L3-44-01809-neutral,L3-44-01809,neutral,,,7,7,True,False,"{'v2': 7, 'v1': 7}","{'v1': 'fox', 'v2': 'tea'}",neutral,
L3-44-01810-neutral,L3-44-01810,neutral,,,5,5,True,False,"{'v2': 1, 'v1': 5}","{'v1': 'gem', 'v2': 'owl'}",neutral,
L3-44-01811-neutral,L3-44-01811,neutral,,,2,2,True,False,"{'v2': 2, 'v1': 2}","{'v1': 'key', 'v2': 'nut'}",neutral,
L3-44-01812-neutral,L3-44-01812,neutral,,,8,8,True,False,"{'v2': 1, 'v1': 8}","{'v1': 'rod', 'v2': 'tea'}",neutral,
L3-44-01813-neutral,L3-44-01813,neutral,,,6,6,True,False,"{'v2': 6, 'v1': 6}","{'v1': 'rag', 'v2': 'car'}",neutral,
L3-44-01814-neutral,L3-44-01814,neutral,,,8,8,True,False,"{'v2': 0, 'v1': 8}","{'v1': 'boat', 'v2': 'bag'}",neutral,
L3-44-01815-neutral,L3-44-01815,neutral,,,7,7,True,False,"{'v2': 1, 'v1': 7}","{'v1': 'pot', 'v2': 'roof'}",neutral,
L3-44-01816-neutral,L3-44-01816,neutral,,,5,6,False,False,"{'v2': 0, 'v1': 5}","{'v1': 'star', 'v2': 'owl'}",neutral,
L3-44-01817-neutral,L3-44-01817,neutral,,,4,4,True,False,"{'v2': 5, 'v1': 4}","{'v1': 'train', 'v2': 'owl'}",neutral,
L3-44-01818-neutral,L3-44-01818,neutral,,,4,4,True,False,"{'v2': 2, 'v1': 4}","{'v1': 'lake', 'v2': 'car'}",neutral,
L3-44-01819-neutral,L3-44-01819,neutral,,,0,0,True,False,"{'v2': 7, 'v1': 0}","{'v1': 'rag', 'v2': 'cloud'}",neutral,
L3-44-01820-neutral,L3-44-01820,neutral,,,8,8,True,False,"{'v2': 1, 'v1': 8}","{'v1': 'pig', 'v2': 'jam'}",neutral,
L3-44-01821-neutral,L3-44-01821,neutral,,,0,8,False,False,"{'v2': 7, 'v1': 0}","{'v1': 'star', 'v2': 'mouse'}",neutral,
L3-44-01822-neutral,L3-44-01822,neutral,,,3,3,True,False,"{'v2': 1, 'v1': 3}","{'v1': 'nest', 'v2': 'mouse'}",neutral,
L3-44-01823-neutral,L3-44-01823,neutral,,,5,5,True,False,"{'v2': 2, 'v1': 5}","{'v1': 'owl', 'v2': 'rod'}",neutral,
L3-44-01824-neutral,L3-44-01824,neutral,,,0,0,True,False,"{'v2': 0, 'v1': 0}","{'v1': 'horse', 'v2': 'water'}",neutral,
L3-44-01825-neutral,L3-44-01825,neutral,,,2,2,True,False,"{'v2': 5, 'v1': 2}","{'v1': 'chair', 'v2': 'hat'}",neutral,
L3-44-01826-neutral,L3-44-01826,neutral,,,2,2,True,False,"{'v2': 1, 'v1': 2}","{'v1': 'bee', 'v2': 'rug'}",neutral,
L3-44-01827-neutral,L3-44-01827,neutral,,,7,7,True,False,"{'v2': 1, 'v1': 7}","{'v1': 'nut', 'v2': 'ink'}",neutral,
L3-44-01828-neutral,L3-44-01828,neutral,,,4,4,True,False,"{'v2': 2, 'v1': 4}","{'v1': 'fan', 'v2': 'coat'}",neutral,
L3-44-01829-neutral,L3-44-01829,neutral,,,4,4,True,False,"{'v2': 2, 'v1': 4}","{'v1': 'ship', 'v2': 'water'}",neutral,
L3-44-01830-neutral,L3-44-01830,neutral,,,8,8,True,False,"{'v2': 1, 'v1': 8}","{'v1': 'ring', 'v2': 'sun'}",neutral,
L3-44-01831-neutral,L3-44-01831,neutral,,,8,8,True,False,"{'v2': 6, 'v1': 8}","{'v1': 'cloud', 'v2': 'fork'}",neutral,
L3-44-01832-neutral,L3-44-01832,neutral,,,6,6,True,False,"{'v2': 0, 'v1': 6}","{'v1': 'bee', 'v2': 'yard'}",neutral,
L3-44-01833-neutral,L3-44-01833,neutral,,,2,2,True,False,"{'v2': 0, 'v1': 2}","{'v1': 'cloud', 'v2': 'truck'}",neutral,
L3-44-01834-neutral,L3-44-01834,neutral,,,1,1,True,False,"{'v2': 7, 'v1': 1}","{'v1': 'tent', 'v2': 'salt'}",neutral,
L3-44-01835-neutral,L3-44-01835,neutral,,,8,8,True,False,"{'v2': 7, 'v1': 8}","{'v1': 'dog', 'v2': 'jar'}",neutral,
L3-44-01836-neutral,L3-44-01836,neutral,,,5,5,True,False,"{'v2': 2, 'v1': 5}","{'v1': 'fork', 'v2': 'book'}",neutral,
L3-44-01837-neutral,L3-44-01837,neutral,,,3,3,True,False,"{'v2': 6, 'v1': 3}","{'v1': 'road', 'v2': 'dog'}",neutral,
L3-44-01838-neutral,L3-44-01838,neutral,,,5,5,True,False,"{'v2': 0, 'v1': 5}","{'v1': 'tea', 'v2': 'door'}",neutral,
L3-44-01839-neutral,L3-44-01839,neutral,,,1,1,True,False,"{'v2': 1, 'v1': 1}","{'v1': 'rug', 'v2': 'wheel'}",neutral,
L3-44-01840-neutral,L3-44-01840,neutral,,,1,1,True,False,"{'v2': 0, 'v1': 1}","{'v1': 'hill', 'v2': 'rag'}",neutral,
L3-44-01841-neutral,L3-44-01841,neutral,,,3,3,True,False,"{'v2': 0, 'v1': 3}","{'v1': 'rod', 'v2': 'bag'}",neutral,
L3-44-01842-neutral,L3-44-01842,neutral,,,2,2,True,False,"{'v2': 6, 'v1': 2}","{'v1': 'table', 'v2': 'nut'}",neutral,
L3-44-01843-neutral,L3-44-01843,neutral,,,1,1,True,False,"{'v2': 6, 'v1': 1}","{'v1': 'pig', 'v2': 'yard'}",neutral,
L3-44-01844-neutral,L3-44-01844,neutral,,,7,7,True,False,"{'v2': 1, 'v1': 7}","{'v1': 'pear', 'v2': 'yard'}",neutral,
L3-44-01845-neutral,L3-44-01845,neutral,,,0,0,True,False,"{'v2': 6, 'v1': 0}","{'v1': 'fan', 'v2': 'pot'}",neutral,
L3-44-01846-neutral,L3-44-01846,neutral,,,7,7,True,False,"{'v2': 0, 'v1': 7}","{'v1': 'hill', 'v2': 'lamp'}",neutral,
L3-44-01847-neutral,L3-44-01847,neutral,,,0,0,True,False,"{'v2': 0, 'v1': 0}","{'v1': 'cap', 'v2': 'soap'}",neutral,
L3-44-01848-neutral,L3-44-01848,neutral,,,4,4,True,False,"{'v2': 5, 'v1': 4}","{'v1': 'lid', 'v2': 'web'}",neutral,
L3-44-01849-neutral,L3-44-01849,neutral,,,5,5,True,False,"{'v2': 0, 'v1': 5}","{'v1': 'van', 'v2': 'web'}",neutral,
L3-44-01850-neutral,L3-44-01850,neutral,,,9,9,True,False,"{'v2': 9, 'v1': 9}","{'v1': 'bee', 'v2': 'river'}",neutral,
L3-44-01851-neutral,L3-44-01851,neutral,,,5,5,True,False,"{'v2': 2, 'v1': 5}","{'v1': 'hill', 'v2': 'gem'}",neutral,
L3-44-01852-neutral,L3-44-01852,neutral,,,2,2,True,False,"{'v2': 7, 'v1': 2}","{'v1': 'web', 'v2': 'map'}",neutral,
L3-44-01853-neutral,L3-44-01853,neutral,,,6,6,True,False,"{'v2': 1, 'v1': 6}","{'v1': 'sun', 'v2': 'yard'}",neutral,
L3-44-01854-neutral,L3-44-01854,neutral,,,2,2,True,False,"{'v2': 5, 'v1': 2}","{'v1': 'sky', 'v2': 'salt'}",neutral,
L3-44-01855-neutral,L3-44-01855,neutral,,,2,2,True,False,"{'v2': 2, 'v1': 2}","{'v1': 'cloud', 'v2': 'egg'}",neutral,
L3-44-01856-neutral,L3-44-01856,neutral,,,8,8,True,False,"{'v2': 1, 'v1': 8}","{'v1': 'desk', 'v2': 'gem'}",neutral,
L3-44-01857-neutral,L3-44-01857,neutral,,,1,1,True,False,"{'v2': 8, 'v1': 1}","{'v1': 'star', 'v2': 'jar'}",neutral,
L3-44-01858-neutral,L3-44-01858,neutral,,,0,0,True,False,"{'v2': 0, 'v1': 0}","{'v1': 'car', 'v2': 'rag'}",neutral,
L3-44-01859-neutral,L3-44-01859,neutral,,,9,9,True,False,"{'v2': 2, 'v1': 9}","{'v1': 'bread', 'v2': 'box'}",neutral,
L3-44-01860-neutral,L3-44-01860,neutral,,,3,3,True,False,"{'v2': 2, 'v1': 3}","{'v1': 'cat', 'v2': 'nut'}",neutral,
L3-44-01861-neutral,L3-44-01861,neutral,,,0,0,True,False,"{'v2': 7, 'v1': 0}","{'v1': 'truck', 'v2': 'fish'}",neutral,
L3-44-01862-neutral,L3-44-01862,neutral,,,6,6,True,False,"{'v2': 1, 'v1': 6}","{'v1': 'cake', 'v2': 'box'}",neutral,
L3-44-01863-neutral,L3-44-01863,neutral,,,3,3,True,False,"{'v2': 0, 'v1': 3}","{'v1': 'bed', 'v2': 'train'}",neutral,
L3-44-01864-neutral,L3-44-01864,neutral,,,5,5,True,False,"{'v2': 3, 'v1': 5}","{'v1': 'bin', 'v2': 'truck'}",neutral,
L3-44-01865-neutral,L3-44-01865,neutral,,,2,2,True,False,"{'v2': 7, 'v1': 2}","{'v1': 'rug', 'v2': 'bag'}",neutral,
L3-44-01866-neutral,L3-44-01866,neutral,,,0,0,True,False,"{'v2': 0, 'v1': 0}","{'v1': 'ink', 'v2': 'road'}",neutral,
L3-44-01867-neutral,L3-44-01867,neutral,,,7,7,True,False,"{'v2': 2, 'v1': 7}","{'v1': 'owl', 'v2': 'truck'}",neutral,
L3-44-01868-neutral,L3-44-01868,neutral,,,2,2,True,False,"{'v2': 0, 'v1': 2}","{'v1': 'ant', 'v2': 'cap'}",neutral,
L3-44-01869-neutral,L3-44-01869,neutral,,,8,8,True,False,"{'v2': 7, 'v1': 8}","{'v1': 'nest', 'v2': 'nut'}",neutral,
L3-44-01870-neutral,L3-44-01870,neutral,,,2,2,True,False,"{'v2': 1, 'v1': 2}","{'v1': 'leaf', 'v2': 'jam'}",neutral,
L3-44-01871-neutral,L3-44-01871,neutral,,,0,0,True,False,"{'v2': 0, 'v1': 0}","{'v1': 'lid', 'v2': 'water'}",neutral,
L3-44-01872-neutral,L3-44-01872,neutral,,,3,3,True,False,"{'v2': 2, 'v1': 3}","{'v1': 'leaf', 'v2': 'coat'}",neutral,
L3-44-01873-neutral,L3-44-01873,neutral,,,1,-1,False,False,"{'v2': 2, 'v1': 1}","{'v1': 'fig', 'v2': 'toy'}",neutral,
L3-44-01874-neutral,L3-44-01874,neutral,,,8,8,True,False,"{'v2': 6, 'v1': 8}","{'v1': 'fish', 'v2': 'train'}",neutral,
L3-44-01875-neutral,L3-44-01875,neutral,,,1,1,True,False,"{'v2': 3, 'v1': 1}","{'v1': 'jar', 'v2': 'wheel'}",neutral,
L3-44-01876-neutral,L3-44-01876,neutral,,,9,9,True,False,"{'v2': 8, 'v1': 9}","{'v1': 'desk', 'v2': 'farm'}",neutral,
L3-44-01877-neutral,L3-44-01877,neutral,,,4,4,True,False,"{'v2': 5, 'v1': 4}","{'v1': 'chair', 'v2': 'ant'}",neutral,
L3-44-01878-neutral,L3-44-01878,neutral,,,5,5,True,False,"{'v2': 0, 'v1': 5}","{'v1': 'fox', 'v2': 'mouse'}",neutral,
L3-44-01879-neutral,L3-44-01879,neutral,,,0,0,True,False,"{'v2': 9, 'v1': 0}","{'v1': 'farm', 'v2': 'yard'}",neutral,
L3-44-01880-neutral,L3-44-01880,neutral,,,2,2,True,False,"{'v2': 0, 'v1': 2}","{'v1': 'apple', 'v2': 'boat'}",neutral,
L3-44-01881-neutral,L3-44-01881,neutral,,,0,0,True,False,"{'v2': 6, 'v1': 0}","{'v1': 'rod', 'v2': 'wolf'}",neutral,
L3-44-01882-neutral,L3-44-01882,neutral,,,1,1,True,False,"{'v2': 8, 'v1': 1}","{'v1': 'web', 'v2': 'cake'}",neutral,
L3-44-01883-neutral,L3-44-01883,neutral,,,3,3,True,False,"{'v2': 6, 'v1': 3}","{'v1': 'car', 'v2': 'cow'}",neutral,
L3-44-01884-neutral,L3-44-01884,neutral,,,3,3,True,False,"{'v2': 3, 'v1': 3}","{'v1': 'book', 'v2': 'sky'}",neutral,
L3-44-01885-neutral,L3-44-01885,neutral,,,3,3,True,False,"{'v2': 3, 'v1': 3}","{'v1': 'farm', 'v2': 'leaf'}",neutral,
L3-44-01886-neutral,L3-44-01886,neutral,,,8,8,True,False,"{'v2': 6, 'v1': 8}","{'v1': 'nest', 'v2': 'desk'}",neutral,
L3-44-01887-neutral,L3-44-01887,neutral,,,5,5,True,False,"{'v2': 3, 'v1': 5}","{'v1': 'horse', 'v2': 'star'}",neutral,
L3-44-01888-neutral,L3-44-01888,neutral,,,9,9,True,False,"{'v2': 9, 'v1': 9}","{'v1': 'nest', 'v2': 'star'}",neutral,
L3-44-01889-neutral,L3-44-01889,neutral,,,1,-1,False,False,"{'v2': 1, 'v1': 1}","{'v1': 'fork', 'v2': 'salt'}",neutral,
L3-44-01890-neutral,L3-44-01890,neutral,,,1,1,True,False,"{'v2': 1, 'v1': 1}","{'v1': 'jar', 'v2': 'lamp'}",neutral,
L3-44-01891-neutral,L3-44-01891,neutral,,,0,-6,False,False,"{'v2': 0, 'v1': 0}","{'v1': 'horse', 'v2': 'mouse'}",neutral,
L3-44-01892-neutral,L3-44-01892,neutral,,,7,7,True,False,"{'v2': 1, 'v1': 7}","{'v1': 'salt', 'v2': 'rod'}",neutral,
L3-44-01893-neutral,L3-44-01893,neutral,,,7,7,True,False,"{'v2': 0, 'v1': 7}","{'v1': 'farm', 'v2': 'ship'}",neutral,
L3-44-01894-neutral,L3-44-01894,neutral,,,1,1,True,False,"{'v2': 6, 'v1': 1}","{'v1': 'fox', 'v2': 'river'}",neutral,
L3-44-01895-neutral,L3-44-01895,neutral,,,8,8,True,False,"{'v2': 3, 'v1': 8}","{'v1': 'lamp', 'v2': 'fish'}",neutral,
L3-44-01896-neutral,L3-44-01896,neutral,,,2,2,True,False,"{'v2': 5, 'v1': 2}","{'v1': 'door', 'v2': 'ham'}",neutral,
L3-44-01897-neutral,L3-44-01897,neutral,,,9,9,True,False,"{'v2': 5, 'v1': 9}","{'v1': 'bin', 'v2': 'pig'}",neutral,
L3-44-01898-neutral,L3-44-01898,neutral,,,0,0,True,False,"{'v2': 6, 'v1': 0}","{'v1': 'hill', 'v2': 'door'}",neutral,
L3-44-01899-neutral,L3-44-01899,neutral,,,0,0,True,False,"{'v2': 6, 'v1': 0}","{'v1': 'key', 'v2': 'salt'}",neutral,
L3-44-01900-neutral,L3-44-01900,neutral,,,2,2,True,False,"{'v2': 5, 'v1': 2}","{'v1': 'nest', 'v2': 'road'}",neutral,
L3-44-01901-neutral,L3-44-01901,neutral,,,8,8,True,False,"{'v2': 1, 'v1': 8}","{'v1': 'sun', 'v2': 'box'}",neutral,
L3-44-01902-neutral,L3-44-01902,neutral,,,4,4,True,False,"{'v2': 2, 'v1': 4}","{'v1': 'mouse', 'v2': 'fig'}",neutral,
L3-44-01903-neutral,L3-44-01903,neutral,,,2,2,True,False,"{'v2': 1, 'v1': 2}","{'v1': 'seed', 'v2': 'cake'}",neutral,
L3-44-01904-neutral,L3-44-01904,neutral,,,9,9,True,False,"{'v2': 2, 'v1': 9}","{'v1': 'train', 'v2': 'cow'}",neutral,
L3-44-01905-neutral,L3-44-01905,neutral,,,2,2,True,False,"{'v2': 1, 'v1': 2}","{'v1': 'ink', 'v2': 'lid'}",neutral,
L3-44-01906-neutral,L3-44-01906,neutral,,,2,2,True,False,"{'v2': 6, 'v1': 2}","{'v1': 'cow', 'v2': 'bus'}",neutral,
L3-44-01907-neutral,L3-44-01907,neutral,,,0,0,True,False,"{'v2': 0, 'v1': 0}","{'v1': 'lake', 'v2': 'wheel'}",neutral,
L3-44-01908-neutral,L3-44-01908,neutral,,,7,7,True,False,"{'v2': 0, 'v1': 7}","{'v1': 'pear', 'v2': 'book'}",neutral,
L3-44-01909-neutral,L3-44-01909,neutral,,,2,2,True,False,"{'v2': 5, 'v1': 2}","{'v1': 'pear', 'v2': 'soup'}",neutral,
L3-44-01910-neutral,L3-44-01910,neutral,,,2,2,True,False,"{'v2': 2, 'v1': 2}","{'v1': 'jam', 'v2': 'moon'}",neutral,
L3-44-01911-neutral,L3-44-01911,neutral,,,3,3,True,False,"{'v2': 0, 'v1': 3}","{'v1': 'coat', 'v2': 'rod'}",neutral,
L3-44-01912-neutral,L3-44-01912,neutral,,,6,6,True,False,"{'v2': 0, 'v1': 6}","{'v1': 'gem', 'v2': 'ant'}",neutral,
L3-44-01913-neutral,L3-44-01913,neutral,,,0,0,True,False,"{'v2': 2, 'v1': 0}","{'v1': 'lamp', 'v2': 'lid'}",neutral,
L3-44-01914-neutral,L3-44-01914,neutral,,,2,2,True,False,"{'v2': 5, 'v1': 2}","{'v1': 'web', 'v2': 'ink'}",neutral,
L3-44-01915-neutral,L3-44-01915,neutral,,,4,4,True,False,"{'v2': 5, 'v1': 4}","{'v1': 'cap', 'v2': 'ant'}",neutral,
L3-44-01916-neutral,L3-44-01916,neutral,,,4,4,True,False,"{'v2': 5, 'v1': 4}","{'v1': 'farm', 'v2': 'cap'}",neutral,
L3-44-01917-neutral,L3-44-01917,neutral,,,0,0,True,False,"{'v2': 6, 'v1': 0}","{'v1': 'soup', 'v2': 'coat'}",neutral,
L3-44-01918-neutral,L3-44-01918,neutral,,,9,9,True,False,"{'v2': 5, 'v1': 9}","{'v1': 'wheel', 'v2': 'fork'}",neutral,
L3-44-01919-neutral,L3-44-01919,neutral,,,2,2,True,False,"{'v2': 7, 'v1': 2}","{'v1': 'salt', 'v2': 'sock'}",neutral,
L3-44-01920-neutral,L3-44-01920,neutral,,,4,4,True,False,"{'v2': 0, 'v1': 4}","{'v1': 'car', 'v2': 'gem'}",neutral,
L3-44-01921-neutral,L3-44-01921,neutral,,,1,1,True,False,"{'v2': 2, 'v1': 1}","{'v1': 'coat', 'v2': 'key'}",neutral,
L3-44-01922-neutral,L3-44-01922,neutral,,,9,9,True,False,"{'v2': 6, 'v1': 9}","{'v1': 'net', 'v2': 'bee'}",neutral,
L3-44-01923-neutral,L3-44-01923,neutral,,,3,3,True,False,"{'v2': 5, 'v1': 3}","{'v1': 'fork', 'v2': 'truck'}",neutral,
L3-44-01924-neutral,L3-44-01924,neutral,,,3,3,True,False,"{'v2': 0, 'v1': 3}","{'v1': 'dog', 'v2': 'roof'}",neutral,
L3-44-01925-neutral,L3-44-01925,neutral,,,1,1,True,False,"{'v2': 6, 'v1': 1}","{'v1': 'coat', 'v2': 'gem'}",neutral,
L3-44-01926-neutral,L3-44-01926,neutral,,,0,0,True,False,"{'v2': 0, 'v1': 0}","{'v1': 'ant', 'v2': 'pan'}",neutral,
L3-44-01927-neutral,L3-44-01927,neutral,,,3,3,True,False,"{'v2': 3, 'v1': 3}","{'v1': 'train', 'v2': 'salt'}",neutral,
L3-44-01928-neutral,L3-44-01928,neutral,,,3,3,True,False,"{'v2': 1, 'v1': 3}","{'v1': 'star', 'v2': 'lid'}",neutral,
L3-44-01929-neutral,L3-44-01929,neutral,,,7,7,True,False,"{'v2': 2, 'v1': 7}","{'v1': 'lamp', 'v2': 'bee'}",neutral,
L3-44-01930-neutral,L3-44-01930,neutral,,,5,5,True,False,"{'v2': 2, 'v1': 5}","{'v1': 'hat', 'v2': 'rod'}",neutral,
L3-44-01931-neutral,L3-44-01931,neutral,,,0,0,True,False,"{'v2': 6, 'v1': 0}","{'v1': 'net', 'v2': 'wolf'}",neutral,
L3-44-01932-neutral,L3-44-01932,neutral,,,7,7,True,False,"{'v2': 3, 'v1': 7}","{'v1': 'rod', 'v2': 'tent'}",neutral,
L3-44-01933-neutral,L3-44-01933,neutral,,,1,-1,False,False,"{'v2': 2, 'v1': 1}","{'v1': 'rag', 'v2': 'fox'}",neutral,
L3-44-01934-neutral,L3-44-01934,neutral,,,8,8,True,False,"{'v2': 1, 'v1': 8}","{'v1': 'jar', 'v2': 'boat'}",neutral,
L3-44-01935-neutral,L3-44-01935,neutral,,,5,5,True,False,"{'v2': 3, 'v1': 5}","{'v1': 'ring', 'v2': 'wheel'}",neutral,
L3-44-01936-neutral,L3-44-01936,neutral,,,6,6,True,False,"{'v2': 1, 'v1': 6}","{'v1': 'pig', 'v2': 'shirt'}",neutral,
L3-44-01937-neutral,L3-44-01937,neutral,,,8,8,True,False,"{'v2': 7, 'v1': 8}","{'v1': 'shirt', 'v2': 'ant'}",neutral,
L3-44-01938-neutral,L3-44-01938,neutral,,,6,6,True,False,"{'v2': 2, 'v1': 6}","{'v1': 'table', 'v2': 'jar'}",neutral,
L3-44-01939-neutral,L3-44-01939,neutral,,,4,4,True,False,"{'v2': 1, 'v1': 4}","{'v1': 'hill', 'v2': 'dog'}",neutral,
L3-44-01940-neutral,L3-44-01940,neutral,,,6,6,True,False,"{'v2': 0, 'v1': 6}","{'v1': 'moon', 'v2': 'owl'}",neutral,
L3-44-01941-neutral,L3-44-01941,neutral,,,1,1,True,False,"{'v2': 7, 'v1': 1}","{'v1': 'nut', 'v2': 'rag'}",neutral,
L3-44-01942-neutral,L3-44-01942,neutral,,,3,3,True,False,"{'v2': 1, 'v1': 3}","{'v1': 'hat', 'v2': 'fan'}",neutral,
L3-44-01943-neutral,L3-44-01943,neutral,,,8,8,True,False,"{'v2': 1, 'v1': 8}","{'v1': 'road', 'v2': 'cloud'}",neutral,
L3-44-01944-neutral,L3-44-01944,neutral,,,7,7,True,False,"{'v2': 1, 'v1': 7}","{'v1': 'apple', 'v2': 'bread'}",neutral,
L3-44-01945-neutral,L3-44-01945,neutral,,,7,7,True,False,"{'v2': 6, 'v1': 7}","{'v1': 'jam', 'v2': 'bee'}",neutral,
L3-44-01946-neutral,L3-44-01946,neutral,,,4,4,True,False,"{'v2': 3, 'v1': 4}","{'v1': 'frog', 'v2': 'seed'}",neutral,
L3-44-01947-neutral,L3-44-01947,neutral,,,2,3,False,False,"{'v2': 0, 'v1': 2}","{'v1': 'train', 'v2': 'salt'}",neutral,
L3-44-01948-neutral,L3-44-01948,neutral,,,0,0,True,False,"{'v2': 6, 'v1': 0}","{'v1': 'key', 'v2': 'nest'}",neutral,
L3-44-01949-neutral,L3-44-01949,neutral,,,0,-4,False,False,"{'v2': 7, 'v1': 0}","{'v1': 'rod', 'v2': 'net'}",neutral,
L3-44-01950-neutral,L3-44-01950,neutral,,,4,4,True,False,"{'v2': 3, 'v1': 4}","{'v1': 'hat', 'v2': 'bin'}",neutral,
L3-44-01951-neutral,L3-44-01951,neutral,,,6,6,True,False,"{'v2': 5, 'v1': 6}","{'v1': 'bin', 'v2': 'rug'}",neutral,
L3-44-01952-neutral,L3-44-01952,neutral,,,3,3,True,False,"{'v2': 6, 'v1': 3}","{'v1': 'fan', 'v2': 'book'}",neutral,
L3-44-01953-neutral,L3-44-01953,neutral,,,4,4,True,False,"{'v2': 3, 'v1': 4}","{'v1': 'bread', 'v2': 'sky'}",neutral,
L3-44-01954-neutral,L3-44-01954,neutral,,,1,1,True,False,"{'v2': 6, 'v1': 1}","{'v1': 'ant', 'v2': 'jar'}",neutral,
L3-44-01955-neutral,L3-44-01955,neutral,,,6,6,True,False,"{'v2': 1, 'v1': 6}","{'v1': 'fish', 'v2': 'ring'}",neutral,
L3-44-01956-neutral,L3-44-01956,neutral,,,0,-4,False,False,"{'v2': 7, 'v1': 0}","{'v1': 'lid', 'v2': 'soup'}",neutral,
L3-44-01957-neutral,L3-44-01957,neutral,,,6,6,True,False,"{'v2': 3, 'v1': 6}","{'v1': 'toy', 'v2': 'bread'}",neutral,
L3-44-01958-neutral,L3-44-01958,neutral,,,5,5,True,False,"{'v2': 1, 'v1': 5}","{'v1': 'rod', 'v2': 'seed'}",neutral,
L3-44-01959-neutral,L3-44-01959,neutral,,,1,1,True,False,"{'v2': 7, 'v1': 1}","{'v1': 'fish', 'v2': 'nut'}",neutral,
L3-44-01960-neutral,L3-44-01960,neutral,,,4,4,True,False,"{'v2': 0, 'v1': 4}","{'v1': 'tea', 'v2': 'ink'}",neutral,
L3-44-01961-neutral,L3-44-01961,neutral,,,4,4,True,False,"{'v2': 5, 'v1': 4}","{'v1': 'net', 'v2': 'web'}",neutral,
L3-44-01962-neutral,L3-44-01962,neutral,,,1,1,True,False,"{'v2': 0, 'v1': 1}","{'v1': 'shirt', 'v2': 'pan'}",neutral,
L3-44-01963-neutral,L3-44-01963,neutral,,,0,0,True,False,"{'v2': 5, 'v1': 0}","{'v1': 'farm', 'v2': 'bus'}",neutral,
L3-44-01964-neutral,L3-44-01964,neutral,,,4,4,True,False,"{'v2': 1, 'v1': 4}","{'v1': 'moon', 'v2': 'jam'}",neutral,
L3-44-01965-neutral,L3-44-01965,neutral,,,2,2,True,False,"{'v2': 5, 'v1': 2}","{'v1': 'salt', 'v2': 'horse'}",neutral,
L3-44-01966-neutral,L3-44-01966,neutral,,,9,9,True,False,"{'v2': 1, 'v1': 9}","{'v1': 'cat', 'v2': 'lake'}",neutral,
L3-44-01967-neutral,L3-44-01967,neutral,,,6,6,True,False,"{'v2': 1, 'v1': 6}","{'v1': 'cloud', 'v2': 'seed'}",neutral,
L3-44-01968-neutral,L3-44-01968,neutral,,,3,3,True,False,"{'v2': 1, 'v1': 3}","{'v1': 'soap', 'v2': 'fish'}",neutral,
L3-44-01969-neutral,L3-44-01969,neutral,,,7,7,True,False,"{'v2': 7, 'v1': 7}","{'v1': 'road', 'v2': 'owl'}",neutral,
L3-44-01970-neutral,L3-44-01970,neutral,,,7,7,True,False,"{'v2': 1, 'v1': 7}","{'v1': 'salt', 'v2': 'yard'}",neutral,
L3-44-01971-neutral,L3-44-01971,neutral,,,1,1,True,False,"{'v2': 1, 'v1': 1}","{'v1': 'cloud', 'v2': 'gem'}",neutral,
L3-44-01972-neutral,L3-44-01972,neutral,,,4,4,True,False,"{'v2': 1, 'v1': 4}","{'v1': 'tent', 'v2': 'bee'}",neutral,
L3-44-01973-neutral,L3-44-01973,neutral,,,1,1,True,False,"{'v2': 1, 'v1': 1}","{'v1': 'wheel', 'v2': 'horse'}",neutral,
L3-44-01974-neutral,L3-44-01974,neutral,,,3,3,True,False,"{'v2': 0, 'v1': 3}","{'v1': 'web', 'v2': 'fox'}",neutral,
L3-44-01975-neutral,L3-44-01975,neutral,,,8,8,True,False,"{'v2': 1, 'v1': 8}","{'v1': 'tea', 'v2': 'web'}",neutral,
L3-44-01976-neutral,L3-44-01976,neutral,,,3,3,True,False,"{'v2': 1, 'v1': 3}","{'v1': 'soap', 'v2': 'fish'}",neutral,
L3-44-01977-neutral,L3-44-01977,neutral,,,1,1,True,False,"{'v2': 1, 'v1': 1}","{'v1': 'van', 'v2': 'lamp'}",neutral,
L3-44-01978-neutral,L3-44-01978,neutral,,,8,8,True,False,"{'v2': 0, 'v1': 8}","{'v1': 'ship', 'v2': 'roof'}",neutral,
L3-44-01979-neutral,L3-44-01979,neutral,,,9,9,True,False,"{'v2': 8, 'v1': 9}","{'v1': 'bus', 'v2': 'shirt'}",neutral,
L3-44-01980-neutral,L3-44-01980,neutral,,,7,7,True,False,"{'v2': 7, 'v1': 7}","{'v1': 'table', 'v2': 'truck'}",neutral,
L3-44-01981-neutral,L3-44-01981,neutral,,,7,7,True,False,"{'v2': 5, 'v1': 7}","{'v1': 'star', 'v2': 'hill'}",neutral,
L3-44-01982-neutral,L3-44-01982,neutral,,,7,7,True,False,"{'v2': 0, 'v1': 7}","{'v1': 'ham', 'v2': 'bread'}",neutral,
L3-44-01983-neutral,L3-44-01983,neutral,,,6,6,True,False,"{'v2': 1, 'v1': 6}","{'v1': 'water', 'v2': 'ring'}",neutral,
L3-44-01984-neutral,L3-44-01984,neutral,,,4,4,True,False,"{'v2': 2, 'v1': 4}","{'v1': 'gem', 'v2': 'sock'}",neutral,
L3-44-01985-neutral,L3-44-01985,neutral,,,2,2,True,False,"{'v2': 2, 'v1': 2}","{'v1': 'farm', 'v2': 'car'}",neutral,
L3-44-01986-neutral,L3-44-01986,neutral,,,1,2,False,False,"{'v2': 0, 'v1': 1}","{'v1': 'box', 'v2': 'cat'}",neutral,
L3-44-01987-neutral,L3-44-01987,neutral,,,5,5,True,False,"{'v2': 1, 'v1': 5}","{'v1': 'fish', 'v2': 'rug'}",neutral,
L3-44-01988-neutral,L3-44-01988,neutral,,,1,1,True,False,"{'v2': 5, 'v1': 1}","{'v1': 'ham', 'v2': 'bin'}",neutral,
L3-44-01989-neutral,L3-44-01989,neutral,,,0,0,True,False,"{'v2': 0, 'v1': 0}","{'v1': 'book', 'v2': 'box'}",neutral,
L3-44-01990-neutral,L3-44-01990,neutral,,,4,4,True,False,"{'v2': 5, 'v1': 4}","{'v1': 'truck', 'v2': 'bag'}",neutral,
L3-44-01991-neutral,L3-44-01991,neutral,,,9,9,True,False,"{'v2': 2, 'v1': 9}","{'v1': 'rod', 'v2': 'fan'}",neutral,
L3-44-01992-neutral,L3-44-01992,neutral,,,5,5,True,False,"{'v2': 2, 'v1': 5}","{'v1': 'owl', 'v2': 'map'}",neutral,
L3-44-01993-neutral,L3-44-01993,neutral,,,3,3,True,False,"{'v2': 6, 'v1': 3}","{'v1': 'fan', 'v2': 'rag'}",neutral,
L3-44-01994-neutral,L3-44-01994,neutral,,,3,3,True,False,"{'v2': 3, 'v1': 3}","{'v1': 'bin', 'v2': 'cake'}",neutral,
L3-44-01995-neutral,L3-44-01995,neutral,,,8,8,True,False,"{'v2': 0, 'v1': 8}","{'v1': 'fish', 'v2': 'tent'}",neutral,
L3-44-01996-neutral,L3-44-01996,neutral,,,0,0,True,False,"{'v2': 6, 'v1': 0}","{'v1': 'tent', 'v2': 'sky'}",neutral,
L3-44-01997-neutral,L3-44-01997,neutral,,,5,5,True,False,"{'v2': 3, 'v1': 5}","{'v1': 'ant', 'v2': 'rug'}",neutral,
L3-44-01998-neutral,L3-44-01998,neutral,,,4,4,True,False,"{'v2': 2, 'v1': 4}","{'v1': 'ring', 'v2': 'nut'}",neutral,
L3-44-01999-neutral,L3-44-01999,neutral,,,5,5,True,False,"{'v2': 1, 'v1': 5}","{'v1': 'hat', 'v2': 'book'}",neutral,
