v1 t0 L0 s0 train=0.177 neutral=0.109 incongruent@v1=0.085 incongruent@v2=0.109
v1 t0 L0 s1 train=0.177 neutral=0.109 incongruent@v1=0.114 incongruent@v2=0.109
v1 t0 L0 s2 train=0.177 neutral=0.109 incongruent@v1=0.123 incongruent@v2=0.109
v1 t0 L1 s0 train=0.128 neutral=0.090 incongruent@v1=0.093 incongruent@v2=0.090
v1 t0 L1 s1 train=0.132 neutral=0.115 incongruent@v1=0.103 incongruent@v2=0.115
v1 t0 L1 s2 train=0.119 neutral=0.110 incongruent@v1=0.120 incongruent@v2=0.110
v1 t0 L2 s0 train=0.088 neutral=0.115 incongruent@v1=0.114 incongruent@v2=0.115
v1 t0 L2 s1 train=0.114 neutral=0.093 incongruent@v1=0.091 incongruent@v2=0.093
v1 t0 L2 s2 train=0.105 neutral=0.112 incongruent@v1=0.118 incongruent@v2=0.112
v1 t0 L3 s0 train=0.131 neutral=0.100 incongruent@v1=0.092 incongruent@v2=0.100
v1 t0 L3 s1 train=0.098 neutral=0.114 incongruent@v1=0.114 incongruent@v2=0.114
v1 t0 L3 s2 train=0.103 neutral=0.106 incongruent@v1=0.103 incongruent@v2=0.106
v1 t0 L4 s0 train=0.140 neutral=0.108 incongruent@v1=0.102 incongruent@v2=0.108
v1 t0 L4 s1 train=0.131 neutral=0.100 incongruent@v1=0.090 incongruent@v2=0.100
v1 t0 L4 s2 train=0.108 neutral=0.093 incongruent@v1=0.092 incongruent@v2=0.093
v1 t0 L5 s0 train=0.120 neutral=0.097 incongruent@v1=0.115 incongruent@v2=0.097
v1 t0 L5 s1 train=0.139 neutral=0.091 incongruent@v1=0.094 incongruent@v2=0.091
v1 t0 L5 s2 train=0.131 neutral=0.096 incongruent@v1=0.092 incongruent@v2=0.096
v1 t0 L6 s0 train=0.120 neutral=0.103 incongruent@v1=0.109 incongruent@v2=0.103
v1 t0 L6 s1 train=0.130 neutral=0.115 incongruent@v1=0.110 incongruent@v2=0.115
v1 t0 L6 s2 train=0.131 neutral=0.095 incongruent@v1=0.085 incongruent@v2=0.095
v1 t0 L7 s0 train=0.086 neutral=0.114 incongruent@v1=0.114 incongruent@v2=0.114
v1 t0 L7 s1 train=0.120 neutral=0.099 incongruent@v1=0.105 incongruent@v2=0.099
v1 t0 L7 s2 train=0.105 neutral=0.110 incongruent@v1=0.114 incongruent@v2=0.110
v1 t0 L8 s0 train=0.100 neutral=0.096 incongruent@v1=0.094 incongruent@v2=0.096
v1 t0 L8 s1 train=0.094 neutral=0.094 incongruent@v1=0.094 incongruent@v2=0.094
v1 t0 L8 s2 train=0.123 neutral=0.091 incongruent@v1=0.092 incongruent@v2=0.091
v1 t0 L9 s0 train=0.126 neutral=0.094 incongruent@v1=0.088 incongruent@v2=0.094
v1 t0 L9 s1 train=0.125 neutral=0.092 incongruent@v1=0.100 incongruent@v2=0.092
v1 t0 L9 s2 train=0.131 neutral=0.089 incongruent@v1=0.098 incongruent@v2=0.089
v1 t0 L10 s0 train=0.126 neutral=0.114 incongruent@v1=0.103 incongruent@v2=0.114
v1 t0 L10 s1 train=0.111 neutral=0.100 incongruent@v1=0.093 incongruent@v2=0.100
v1 t0 L10 s2 train=0.108 neutral=0.095 incongruent@v1=0.103 incongruent@v2=0.095
v1 t0 L11 s0 train=0.107 neutral=0.098 incongruent@v1=0.098 incongruent@v2=0.098
v1 t0 L11 s1 train=0.108 neutral=0.092 incongruent@v1=0.092 incongruent@v2=0.092
v1 t0 L11 s2 train=0.107 neutral=0.098 incongruent@v1=0.098 incongruent@v2=0.098
v1 t0 L12 s0 train=0.101 neutral=0.108 incongruent@v1=0.103 incongruent@v2=0.108
v1 t0 L12 s1 train=0.086 neutral=0.114 incongruent@v1=0.114 incongruent@v2=0.114
v1 t0 L12 s2 train=0.114 neutral=0.119 incongruent@v1=0.114 incongruent@v2=0.119
v1 t0 L13 s0 train=0.110 neutral=0.091 incongruent@v1=0.091 incongruent@v2=0.091
v1 t0 L13 s1 train=0.115 neutral=0.093 incongruent@v1=0.091 incongruent@v2=0.093
v1 t0 L13 s2 train=0.107 neutral=0.098 incongruent@v1=0.098 incongruent@v2=0.098
v1 t0 L14 s0 train=0.112 neutral=0.088 incongruent@v1=0.095 incongruent@v2=0.088
v1 t0 L14 s1 train=0.098 neutral=0.105 incongruent@v1=0.103 incongruent@v2=0.105
v1 t0 L14 s2 train=0.099 neutral=0.109 incongruent@v1=0.109 incongruent@v2=0.109
v1 t0 L15 s0 train=0.107 neutral=0.098 incongruent@v1=0.098 incongruent@v2=0.098
v1 t0 L15 s1 train=0.110 neutral=0.091 incongruent@v1=0.091 incongruent@v2=0.091
v1 t0 L15 s2 train=0.094 neutral=0.094 incongruent@v1=0.094 incongruent@v2=0.094
v1 t0 L16 s0 train=0.086 neutral=0.114 incongruent@v1=0.114 incongruent@v2=0.114
v1 t0 L16 s1 train=0.107 neutral=0.098 incongruent@v1=0.098 incongruent@v2=0.098
v1 t0 L16 s2 train=0.122 neutral=0.102 incongruent@v1=0.085 incongruent@v2=0.102
v1 t0 L17 s0 train=0.108 neutral=0.092 incongruent@v1=0.092 incongruent@v2=0.092
v1 t0 L17 s1 train=0.107 neutral=0.093 incongruent@v1=0.093 incongruent@v2=0.093
v1 t0 L17 s2 train=0.104 neutral=0.109 incongruent@v1=0.103 incongruent@v2=0.109
v1 t0 L18 s0 train=0.098 neutral=0.114 incongruent@v1=0.114 incongruent@v2=0.114
v1 t0 L18 s1 train=0.108 neutral=0.092 incongruent@v1=0.092 incongruent@v2=0.092
v1 t0 L18 s2 train=0.108 neutral=0.092 incongruent@v1=0.092 incongruent@v2=0.092
v1 t0 L19 s0 train=0.114 neutral=0.115 incongruent@v1=0.093 incongruent@v2=0.115
v1 t0 L19 s1 train=0.098 neutral=0.114 incongruent@v1=0.114 incongruent@v2=0.114
v1 t0 L19 s2 train=0.098 neutral=0.114 incongruent@v1=0.114 incongruent@v2=0.114
v1 t0 L20 s0 train=0.086 neutral=0.114 incongruent@v1=0.114 incongruent@v2=0.114
v1 t0 L20 s1 train=0.098 neutral=0.114 incongruent@v1=0.114 incongruent@v2=0.114
v1 t0 L20 s2 train=0.113 neutral=0.091 incongruent@v1=0.093 incongruent@v2=0.091
v1 t0 L21 s0 train=0.101 neutral=0.110 incongruent@v1=0.109 incongruent@v2=0.110
v1 t0 L21 s1 train=0.096 neutral=0.093 incongruent@v1=0.092 incongruent@v2=0.093
v1 t0 L21 s2 train=0.095 neutral=0.092 incongruent@v1=0.092 incongruent@v2=0.092
v1 t0 L22 s0 train=0.110 neutral=0.091 incongruent@v1=0.091 incongruent@v2=0.091
v1 t0 L22 s1 train=0.116 neutral=0.094 incongruent@v1=0.098 incongruent@v2=0.094
v1 t0 L22 s2 train=0.110 neutral=0.094 incongruent@v1=0.098 incongruent@v2=0.094
v1 t0 L23 s0 train=0.128 neutral=0.096 incongruent@v1=0.093 incongruent@v2=0.096
v1 t0 L23 s1 train=0.112 neutral=0.091 incongruent@v1=0.091 incongruent@v2=0.091
v1 t0 L23 s2 train=0.134 neutral=0.083 incongruent@v1=0.095 incongruent@v2=0.083
v1 t0 L24 s0 train=0.121 neutral=0.099 incongruent@v1=0.098 incongruent@v2=0.099
v1 t0 L24 s1 train=0.103 neutral=0.107 incongruent@v1=0.109 incongruent@v2=0.107
v1 t0 L24 s2 train=0.128 neutral=0.101 incongruent@v1=0.098 incongruent@v2=0.101
v1 t0 L25 s0 train=0.101 neutral=0.104 incongruent@v1=0.103 incongruent@v2=0.104
v1 t0 L25 s1 train=0.131 neutral=0.087 incongruent@v1=0.098 incongruent@v2=0.087
v1 t0 L25 s2 train=0.135 neutral=0.116 incongruent@v1=0.083 incongruent@v2=0.116
v1 t0 L26 s0 train=0.086 neutral=0.114 incongruent@v1=0.114 incongruent@v2=0.114
v1 t0 L26 s1 train=0.099 neutral=0.109 incongruent@v1=0.109 incongruent@v2=0.109
v1 t0 L26 s2 train=0.114 neutral=0.102 incongruent@v1=0.092 incongruent@v2=0.102
v1 t0 L27 s0 train=0.115 neutral=0.093 incongruent@v1=0.092 incongruent@v2=0.093
v1 t0 L27 s1 train=0.098 neutral=0.114 incongruent@v1=0.114 incongruent@v2=0.114
v1 t0 L27 s2 train=0.109 neutral=0.102 incongruent@v1=0.103 incongruent@v2=0.102
v1 t0 L28 s0 train=0.134 neutral=0.103 incongruent@v1=0.079 incongruent@v2=0.103
v1 t0 L28 s1 train=0.113 neutral=0.095 incongruent@v1=0.092 incongruent@v2=0.095
v1 t0 L28 s2 train=0.143 neutral=0.108 incongruent@v1=0.111 incongruent@v2=0.108
v1 t0 L29 s0 train=0.125 neutral=0.097 incongruent@v1=0.096 incongruent@v2=0.097
v1 t0 L29 s1 train=0.147 neutral=0.096 incongruent@v1=0.104 incongruent@v2=0.096
v1 t0 L29 s2 train=0.139 neutral=0.105 incongruent@v1=0.097 incongruent@v2=0.105
v1 t0 L30 s0 train=0.112 neutral=0.093 incongruent@v1=0.094 incongruent@v2=0.093
v1 t0 L30 s1 train=0.094 neutral=0.094 incongruent@v1=0.094 incongruent@v2=0.094
v1 t0 L30 s2 train=0.135 neutral=0.097 incongruent@v1=0.091 incongruent@v2=0.097
v1 t0 L31 s0 train=0.130 neutral=0.119 incongruent@v1=0.104 incongruent@v2=0.119
v1 t0 L31 s1 train=0.118 neutral=0.100 incongruent@v1=0.094 incongruent@v2=0.100
v1 t0 L31 s2 train=0.131 neutral=0.098 incongruent@v1=0.091 incongruent@v2=0.098
v1 t0 L32 s0 train=0.143 neutral=0.107 incongruent@v1=0.095 incongruent@v2=0.107
v1 t0 L32 s1 train=0.118 neutral=0.096 incongruent@v1=0.093 incongruent@v2=0.096
v1 t0 L32 s2 train=0.126 neutral=0.106 incongruent@v1=0.091 incongruent@v2=0.106
v1 t0 L33 s0 train=0.120 neutral=0.093 incongruent@v1=0.094 incongruent@v2=0.093
v1 t0 L33 s1 train=0.107 neutral=0.098 incongruent@v1=0.098 incongruent@v2=0.098
v1 t0 L33 s2 train=0.112 neutral=0.094 incongruent@v1=0.091 incongruent@v2=0.094
v1 t0 L34 s0 train=0.177 neutral=0.108 incongruent@v1=0.109 incongruent@v2=0.108
v1 t0 L34 s1 train=0.177 neutral=0.106 incongruent@v1=0.062 incongruent@v2=0.106
v1 t0 L34 s2 train=0.177 neutral=0.106 incongruent@v1=0.110 incongruent@v2=0.106
v1 t1 L0 s0 train=0.110 neutral=0.091 incongruent@v1=0.091 incongruent@v2=0.091
v1 t1 L0 s1 train=0.110 neutral=0.091 incongruent@v1=0.091 incongruent@v2=0.091
v1 t1 L0 s2 train=0.110 neutral=0.091 incongruent@v1=0.091 incongruent@v2=0.091
v1 t1 L1 s0 train=0.112 neutral=0.094 incongruent@v1=0.091 incongruent@v2=0.094
v1 t1 L1 s1 train=0.097 neutral=0.103 incongruent@v1=0.103 incongruent@v2=0.103
v1 t1 L1 s2 train=0.098 neutral=0.114 incongruent@v1=0.114 incongruent@v2=0.114
v1 t1 L2 s0 train=0.107 neutral=0.098 incongruent@v1=0.098 incongruent@v2=0.098
v1 t1 L2 s1 train=0.086 neutral=0.114 incongruent@v1=0.114 incongruent@v2=0.114
v1 t1 L2 s2 train=0.094 neutral=0.094 incongruent@v1=0.094 incongruent@v2=0.094
v1 t1 L3 s0 train=0.107 neutral=0.093 incongruent@v1=0.093 incongruent@v2=0.093
v1 t1 L3 s1 train=0.112 neutral=0.113 incongruent@v1=0.095 incongruent@v2=0.113
v1 t1 L3 s2 train=0.108 neutral=0.092 incongruent@v1=0.092 incongruent@v2=0.092
v1 t1 L4 s0 train=0.126 neutral=0.098 incongruent@v1=0.091 incongruent@v2=0.098
v1 t1 L4 s1 train=0.096 neutral=0.094 incongruent@v1=0.092 incongruent@v2=0.094
v1 t1 L4 s2 train=0.097 neutral=0.094 incongruent@v1=0.092 incongruent@v2=0.094
v1 t1 L5 s0 train=0.107 neutral=0.093 incongruent@v1=0.093 incongruent@v2=0.093
v1 t1 L5 s1 train=0.094 neutral=0.094 incongruent@v1=0.094 incongruent@v2=0.094
v1 t1 L5 s2 train=0.101 neutral=0.091 incongruent@v1=0.092 incongruent@v2=0.091
v1 t1 L6 s0 train=0.110 neutral=0.091 incongruent@v1=0.091 incongruent@v2=0.091
v1 t1 L6 s1 train=0.086 neutral=0.114 incongruent@v1=0.114 incongruent@v2=0.114
v1 t1 L6 s2 train=0.086 neutral=0.114 incongruent@v1=0.114 incongruent@v2=0.114
v1 t1 L7 s0 train=0.094 neutral=0.094 incongruent@v1=0.094 incongruent@v2=0.094
v1 t1 L7 s1 train=0.098 neutral=0.114 incongruent@v1=0.114 incongruent@v2=0.114
v1 t1 L7 s2 train=0.107 neutral=0.093 incongruent@v1=0.093 incongruent@v2=0.093
v1 t1 L8 s0 train=0.099 neutral=0.109 incongruent@v1=0.109 incongruent@v2=0.109
v1 t1 L8 s1 train=0.094 neutral=0.094 incongruent@v1=0.094 incongruent@v2=0.094
v1 t1 L8 s2 train=0.086 neutral=0.114 incongruent@v1=0.114 incongruent@v2=0.114
v1 t1 L9 s0 train=0.108 neutral=0.092 incongruent@v1=0.092 incongruent@v2=0.092
v1 t1 L9 s1 train=0.098 neutral=0.114 incongruent@v1=0.114 incongruent@v2=0.114
v1 t1 L9 s2 train=0.110 neutral=0.091 incongruent@v1=0.091 incongruent@v2=0.091
v1 t1 L10 s0 train=0.094 neutral=0.094 incongruent@v1=0.094 incongruent@v2=0.094
v1 t1 L10 s1 train=0.107 neutral=0.093 incongruent@v1=0.093 incongruent@v2=0.093
v1 t1 L10 s2 train=0.095 neutral=0.092 incongruent@v1=0.092 incongruent@v2=0.092
v1 t1 L11 s0 train=0.086 neutral=0.114 incongruent@v1=0.114 incongruent@v2=0.114
v1 t1 L11 s1 train=0.108 neutral=0.092 incongruent@v1=0.092 incongruent@v2=0.092
v1 t1 L11 s2 train=0.097 neutral=0.103 incongruent@v1=0.103 incongruent@v2=0.103
v1 t1 L12 s0 train=0.110 neutral=0.091 incongruent@v1=0.091 incongruent@v2=0.091
v1 t1 L12 s1 train=0.095 neutral=0.092 incongruent@v1=0.092 incongruent@v2=0.092
v1 t1 L12 s2 train=0.107 neutral=0.098 incongruent@v1=0.098 incongruent@v2=0.098
v1 t1 L13 s0 train=0.113 neutral=0.090 incongruent@v1=0.091 incongruent@v2=0.090
v1 t1 L13 s1 train=0.095 neutral=0.092 incongruent@v1=0.092 incongruent@v2=0.092
v1 t1 L13 s2 train=0.107 neutral=0.093 incongruent@v1=0.093 incongruent@v2=0.093
v1 t1 L14 s0 train=0.107 neutral=0.098 incongruent@v1=0.098 incongruent@v2=0.098
v1 t1 L14 s1 train=0.107 neutral=0.093 incongruent@v1=0.093 incongruent@v2=0.093
v1 t1 L14 s2 train=0.095 neutral=0.092 incongruent@v1=0.092 incongruent@v2=0.092
v1 t1 L15 s0 train=0.095 neutral=0.092 incongruent@v1=0.092 incongruent@v2=0.092
v1 t1 L15 s1 train=0.094 neutral=0.094 incongruent@v1=0.094 incongruent@v2=0.094
v1 t1 L15 s2 train=0.098 neutral=0.114 incongruent@v1=0.114 incongruent@v2=0.114
v1 t1 L16 s0 train=0.108 neutral=0.092 incongruent@v1=0.092 incongruent@v2=0.092
v1 t1 L16 s1 train=0.099 neutral=0.109 incongruent@v1=0.109 incongruent@v2=0.109
v1 t1 L16 s2 train=0.094 neutral=0.094 incongruent@v1=0.094 incongruent@v2=0.094
v1 t1 L17 s0 train=0.099 neutral=0.109 incongruent@v1=0.109 incongruent@v2=0.109
v1 t1 L17 s1 train=0.110 neutral=0.091 incongruent@v1=0.091 incongruent@v2=0.091
v1 t1 L17 s2 train=0.108 neutral=0.092 incongruent@v1=0.092 incongruent@v2=0.092
v1 t1 L18 s0 train=0.098 neutral=0.114 incongruent@v1=0.114 incongruent@v2=0.114
v1 t1 L18 s1 train=0.098 neutral=0.114 incongruent@v1=0.114 incongruent@v2=0.114
v1 t1 L18 s2 train=0.113 neutral=0.104 incongruent@v1=0.092 incongruent@v2=0.104
v1 t1 L19 s0 train=0.094 neutral=0.094 incongruent@v1=0.094 incongruent@v2=0.094
v1 t1 L19 s1 train=0.097 neutral=0.103 incongruent@v1=0.103 incongruent@v2=0.103
v1 t1 L19 s2 train=0.107 neutral=0.098 incongruent@v1=0.098 incongruent@v2=0.098
v1 t1 L20 s0 train=0.107 neutral=0.093 incongruent@v1=0.093 incongruent@v2=0.093
v1 t1 L20 s1 train=0.099 neutral=0.109 incongruent@v1=0.109 incongruent@v2=0.109
v1 t1 L20 s2 train=0.107 neutral=0.093 incongruent@v1=0.093 incongruent@v2=0.093
v1 t1 L21 s0 train=0.120 neutral=0.091 incongruent@v1=0.092 incongruent@v2=0.091
v1 t1 L21 s1 train=0.107 neutral=0.093 incongruent@v1=0.093 incongruent@v2=0.093
v1 t1 L21 s2 train=0.086 neutral=0.114 incongruent@v1=0.114 incongruent@v2=0.114
v1 t1 L22 s0 train=0.107 neutral=0.093 incongruent@v1=0.093 incongruent@v2=0.093
v1 t1 L22 s1 train=0.107 neutral=0.098 incongruent@v1=0.098 incongruent@v2=0.098
v1 t1 L22 s2 train=0.110 neutral=0.091 incongruent@v1=0.091 incongruent@v2=0.091
v1 t1 L23 s0 train=0.094 neutral=0.094 incongruent@v1=0.094 incongruent@v2=0.094
v1 t1 L23 s1 train=0.086 neutral=0.114 incongruent@v1=0.114 incongruent@v2=0.114
v1 t1 L23 s2 train=0.111 neutral=0.120 incongruent@v1=0.109 incongruent@v2=0.120
v1 t1 L24 s0 train=0.098 neutral=0.114 incongruent@v1=0.114 incongruent@v2=0.114
v1 t1 L24 s1 train=0.101 neutral=0.118 incongruent@v1=0.114 incongruent@v2=0.118
v1 t1 L24 s2 train=0.107 neutral=0.093 incongruent@v1=0.093 incongruent@v2=0.093
v1 t1 L25 s0 train=0.097 neutral=0.103 incongruent@v1=0.103 incongruent@v2=0.103
v1 t1 L25 s1 train=0.110 neutral=0.092 incongruent@v1=0.092 incongruent@v2=0.092
v1 t1 L25 s2 train=0.099 neutral=0.109 incongruent@v1=0.109 incongruent@v2=0.109
v1 t1 L26 s0 train=0.107 neutral=0.098 incongruent@v1=0.098 incongruent@v2=0.098
v1 t1 L26 s1 train=0.094 neutral=0.094 incongruent@v1=0.094 incongruent@v2=0.094
v1 t1 L26 s2 train=0.099 neutral=0.109 incongruent@v1=0.109 incongruent@v2=0.109
v1 t1 L27 s0 train=0.095 neutral=0.092 incongruent@v1=0.092 incongruent@v2=0.092
v1 t1 L27 s1 train=0.099 neutral=0.109 incongruent@v1=0.109 incongruent@v2=0.109
v1 t1 L27 s2 train=0.111 neutral=0.092 incongruent@v1=0.091 incongruent@v2=0.092
v1 t1 L28 s0 train=0.116 neutral=0.118 incongruent@v1=0.093 incongruent@v2=0.118
v1 t1 L28 s1 train=0.110 neutral=0.091 incongruent@v1=0.091 incongruent@v2=0.091
v1 t1 L28 s2 train=0.107 neutral=0.098 incongruent@v1=0.098 incongruent@v2=0.098
v1 t1 L29 s0 train=0.092 neutral=0.117 incongruent@v1=0.113 incongruent@v2=0.117
v1 t1 L29 s1 train=0.097 neutral=0.103 incongruent@v1=0.103 incongruent@v2=0.103
v1 t1 L29 s2 train=0.098 neutral=0.114 incongruent@v1=0.114 incongruent@v2=0.114
v1 t1 L30 s0 train=0.086 neutral=0.114 incongruent@v1=0.114 incongruent@v2=0.114
v1 t1 L30 s1 train=0.110 neutral=0.094 incongruent@v1=0.093 incongruent@v2=0.094
v1 t1 L30 s2 train=0.097 neutral=0.103 incongruent@v1=0.103 incongruent@v2=0.103
v1 t1 L31 s0 train=0.099 neutral=0.109 incongruent@v1=0.109 incongruent@v2=0.109
v1 t1 L31 s1 train=0.108 neutral=0.092 incongruent@v1=0.092 incongruent@v2=0.092
v1 t1 L31 s2 train=0.120 neutral=0.101 incongruent@v1=0.098 incongruent@v2=0.101
/work/jvl210002/migration/probing/src/cueconf/probes.py:144: RuntimeWarning: Mean of empty slice
  "lure_mass": float(np.nanmean(p_lure)) if has_lure.any() else None,
/work/jvl210002/migration/probing/src/cueconf/probes.py:145: RuntimeWarning: Mean of empty slice
  "margin_mean": float(np.nanmean(margin)) if has_lure.any() else None,
v1 t1 L32 s0 train=0.108 neutral=0.092 incongruent@v1=0.092 incongruent@v2=0.092
v1 t1 L32 s1 train=0.108 neutral=0.092 incongruent@v1=0.092 incongruent@v2=0.092
v1 t1 L32 s2 train=0.108 neutral=0.092 incongruent@v1=0.092 incongruent@v2=0.092
v1 t1 L33 s0 train=0.108 neutral=0.092 incongruent@v1=0.092 incongruent@v2=0.092
v1 t1 L33 s1 train=0.108 neutral=0.092 incongruent@v1=0.092 incongruent@v2=0.092
v1 t1 L33 s2 train=0.108 neutral=0.092 incongruent@v1=0.092 incongruent@v2=0.092
v1 t1 L34 s0 train=0.173 neutral=0.105 incongruent@v1=0.085 incongruent@v2=0.105
v1 t1 L34 s1 train=0.174 neutral=0.108 incongruent@v1=0.066 incongruent@v2=0.108
v1 t1 L34 s2 train=0.174 neutral=0.115 incongruent@v1=0.094 incongruent@v2=0.115
v1 t2 L0 s0 train=0.165 neutral=0.186 incongruent@v1=0.186 incongruent@v2=0.186
v1 t2 L0 s1 train=0.165 neutral=0.158 incongruent@v1=0.158 incongruent@v2=0.158
v1 t2 L0 s2 train=0.165 neutral=0.158 incongruent@v1=0.158 incongruent@v2=0.158
v1 t2 L1 s0 train=0.122 neutral=0.095 incongruent@v1=0.095 incongruent@v2=0.095
v1 t2 L1 s1 train=0.107 neutral=0.112 incongruent@v1=0.112 incongruent@v2=0.112
v1 t2 L1 s2 train=0.116 neutral=0.124 incongruent@v1=0.114 incongruent@v2=0.124
v1 t2 L2 s0 train=0.114 neutral=0.091 incongruent@v1=0.091 incongruent@v2=0.091
v1 t2 L2 s1 train=0.107 neutral=0.093 incongruent@v1=0.093 incongruent@v2=0.093
v1 t2 L2 s2 train=0.113 neutral=0.091 incongruent@v1=0.093 incongruent@v2=0.091
v1 t2 L3 s0 train=0.117 neutral=0.093 incongruent@v1=0.103 incongruent@v2=0.093
v1 t2 L3 s1 train=0.097 neutral=0.103 incongruent@v1=0.103 incongruent@v2=0.103
v1 t2 L3 s2 train=0.113 neutral=0.101 incongruent@v1=0.098 incongruent@v2=0.101
v1 t2 L4 s0 train=0.118 neutral=0.100 incongruent@v1=0.092 incongruent@v2=0.100
v1 t2 L4 s1 train=0.118 neutral=0.103 incongruent@v1=0.095 incongruent@v2=0.103
v1 t2 L4 s2 train=0.120 neutral=0.086 incongruent@v1=0.090 incongruent@v2=0.086
v1 t2 L5 s0 train=0.110 neutral=0.091 incongruent@v1=0.091 incongruent@v2=0.091
v1 t2 L5 s1 train=0.144 neutral=0.098 incongruent@v1=0.093 incongruent@v2=0.098
v1 t2 L5 s2 train=0.116 neutral=0.136 incongruent@v1=0.132 incongruent@v2=0.136
v1 t2 L6 s0 train=0.135 neutral=0.121 incongruent@v1=0.125 incongruent@v2=0.121
v1 t2 L6 s1 train=0.126 neutral=0.102 incongruent@v1=0.098 incongruent@v2=0.102
v1 t2 L6 s2 train=0.134 neutral=0.097 incongruent@v1=0.100 incongruent@v2=0.097
v1 t2 L7 s0 train=0.129 neutral=0.091 incongruent@v1=0.088 incongruent@v2=0.091
v1 t2 L7 s1 train=0.115 neutral=0.130 incongruent@v1=0.133 incongruent@v2=0.130
v1 t2 L7 s2 train=0.117 neutral=0.085 incongruent@v1=0.090 incongruent@v2=0.085
v1 t2 L8 s0 train=0.107 neutral=0.098 incongruent@v1=0.098 incongruent@v2=0.098
v1 t2 L8 s1 train=0.107 neutral=0.093 incongruent@v1=0.093 incongruent@v2=0.093
v1 t2 L8 s2 train=0.107 neutral=0.093 incongruent@v1=0.093 incongruent@v2=0.093
v1 t2 L9 s0 train=0.117 neutral=0.129 incongruent@v1=0.129 incongruent@v2=0.129
v1 t2 L9 s1 train=0.103 neutral=0.095 incongruent@v1=0.090 incongruent@v2=0.095
v1 t2 L9 s2 train=0.107 neutral=0.093 incongruent@v1=0.093 incongruent@v2=0.093
v1 t2 L10 s0 train=0.112 neutral=0.098 incongruent@v1=0.097 incongruent@v2=0.098
v1 t2 L10 s1 train=0.114 neutral=0.086 incongruent@v1=0.085 incongruent@v2=0.086
v1 t2 L10 s2 train=0.102 neutral=0.084 incongruent@v1=0.085 incongruent@v2=0.084
v1 t2 L11 s0 train=0.121 neutral=0.080 incongruent@v1=0.080 incongruent@v2=0.080
v1 t2 L11 s1 train=0.086 neutral=0.114 incongruent@v1=0.114 incongruent@v2=0.114
v1 t2 L11 s2 train=0.124 neutral=0.085 incongruent@v1=0.070 incongruent@v2=0.085
v1 t2 L12 s0 train=0.097 neutral=0.103 incongruent@v1=0.103 incongruent@v2=0.103
v1 t2 L12 s1 train=0.108 neutral=0.092 incongruent@v1=0.092 incongruent@v2=0.092
v1 t2 L12 s2 train=0.118 neutral=0.121 incongruent@v1=0.118 incongruent@v2=0.121
v1 t2 L13 s0 train=0.111 neutral=0.100 incongruent@v1=0.101 incongruent@v2=0.100
v1 t2 L13 s1 train=0.116 neutral=0.110 incongruent@v1=0.108 incongruent@v2=0.110
v1 t2 L13 s2 train=0.099 neutral=0.109 incongruent@v1=0.109 incongruent@v2=0.109
v1 t2 L14 s0 train=0.116 neutral=0.092 incongruent@v1=0.096 incongruent@v2=0.092
v1 t2 L14 s1 train=0.108 neutral=0.092 incongruent@v1=0.092 incongruent@v2=0.092
v1 t2 L14 s2 train=0.110 neutral=0.091 incongruent@v1=0.091 incongruent@v2=0.091
v1 t2 L15 s0 train=0.120 neutral=0.112 incongruent@v1=0.115 incongruent@v2=0.112
v1 t2 L15 s1 train=0.108 neutral=0.092 incongruent@v1=0.092 incongruent@v2=0.092
v1 t2 L15 s2 train=0.098 neutral=0.114 incongruent@v1=0.114 incongruent@v2=0.114
v1 t2 L16 s0 train=0.095 neutral=0.092 incongruent@v1=0.092 incongruent@v2=0.092
v1 t2 L16 s1 train=0.126 neutral=0.085 incongruent@v1=0.088 incongruent@v2=0.085
v1 t2 L16 s2 train=0.117 neutral=0.095 incongruent@v1=0.090 incongruent@v2=0.095
v1 t2 L17 s0 train=0.119 neutral=0.081 incongruent@v1=0.093 incongruent@v2=0.081
v1 t2 L17 s1 train=0.103 neutral=0.105 incongruent@v1=0.092 incongruent@v2=0.105
v1 t2 L17 s2 train=0.086 neutral=0.114 incongruent@v1=0.114 incongruent@v2=0.114
v1 t2 L18 s0 train=0.098 neutral=0.114 incongruent@v1=0.114 incongruent@v2=0.114
v1 t2 L18 s1 train=0.100 neutral=0.111 incongruent@v1=0.114 incongruent@v2=0.111
v1 t2 L18 s2 train=0.107 neutral=0.093 incongruent@v1=0.093 incongruent@v2=0.093
v1 t2 L19 s0 train=0.095 neutral=0.092 incongruent@v1=0.092 incongruent@v2=0.092
v1 t2 L19 s1 train=0.111 neutral=0.093 incongruent@v1=0.092 incongruent@v2=0.093
v1 t2 L19 s2 train=0.098 neutral=0.114 incongruent@v1=0.114 incongruent@v2=0.114
v1 t2 L20 s0 train=0.086 neutral=0.114 incongruent@v1=0.114 incongruent@v2=0.114
v1 t2 L20 s1 train=0.097 neutral=0.103 incongruent@v1=0.103 incongruent@v2=0.103
v1 t2 L20 s2 train=0.116 neutral=0.092 incongruent@v1=0.092 incongruent@v2=0.092
v1 t2 L21 s0 train=0.107 neutral=0.093 incongruent@v1=0.093 incongruent@v2=0.093
v1 t2 L21 s1 train=0.107 neutral=0.093 incongruent@v1=0.093 incongruent@v2=0.093
v1 t2 L21 s2 train=0.110 neutral=0.091 incongruent@v1=0.091 incongruent@v2=0.091
v1 t2 L22 s0 train=0.094 neutral=0.094 incongruent@v1=0.094 incongruent@v2=0.094
v1 t2 L22 s1 train=0.126 neutral=0.095 incongruent@v1=0.092 incongruent@v2=0.095
v1 t2 L22 s2 train=0.107 neutral=0.093 incongruent@v1=0.093 incongruent@v2=0.093
v1 t2 L23 s0 train=0.115 neutral=0.099 incongruent@v1=0.099 incongruent@v2=0.099
v1 t2 L23 s1 train=0.127 neutral=0.107 incongruent@v1=0.105 incongruent@v2=0.107
v1 t2 L23 s2 train=0.119 neutral=0.107 incongruent@v1=0.107 incongruent@v2=0.107
v1 t2 L24 s0 train=0.111 neutral=0.092 incongruent@v1=0.094 incongruent@v2=0.092
v1 t2 L24 s1 train=0.108 neutral=0.118 incongruent@v1=0.111 incongruent@v2=0.118
v1 t2 L24 s2 train=0.138 neutral=0.095 incongruent@v1=0.109 incongruent@v2=0.095
v1 t2 L25 s0 train=0.105 neutral=0.082 incongruent@v1=0.078 incongruent@v2=0.082
v1 t2 L25 s1 train=0.097 neutral=0.103 incongruent@v1=0.103 incongruent@v2=0.103
v1 t2 L25 s2 train=0.108 neutral=0.092 incongruent@v1=0.092 incongruent@v2=0.092
v1 t2 L26 s0 train=0.128 neutral=0.122 incongruent@v1=0.117 incongruent@v2=0.122
v1 t2 L26 s1 train=0.097 neutral=0.103 incongruent@v1=0.103 incongruent@v2=0.103
v1 t2 L26 s2 train=0.107 neutral=0.094 incongruent@v1=0.096 incongruent@v2=0.094
v1 t2 L27 s0 train=0.113 neutral=0.123 incongruent@v1=0.113 incongruent@v2=0.123
v1 t2 L27 s1 train=0.127 neutral=0.116 incongruent@v1=0.097 incongruent@v2=0.116
v1 t2 L27 s2 train=0.098 neutral=0.114 incongruent@v1=0.121 incongruent@v2=0.114
v1 t2 L28 s0 train=0.122 neutral=0.080 incongruent@v1=0.077 incongruent@v2=0.080
v1 t2 L28 s1 train=0.099 neutral=0.109 incongruent@v1=0.109 incongruent@v2=0.109
v1 t2 L28 s2 train=0.135 neutral=0.099 incongruent@v1=0.094 incongruent@v2=0.099
v1 t2 L29 s0 train=0.116 neutral=0.105 incongruent@v1=0.104 incongruent@v2=0.105
v1 t2 L29 s1 train=0.104 neutral=0.100 incongruent@v1=0.091 incongruent@v2=0.100
v1 t2 L29 s2 train=0.118 neutral=0.101 incongruent@v1=0.087 incongruent@v2=0.101
v1 t2 L30 s0 train=0.122 neutral=0.087 incongruent@v1=0.090 incongruent@v2=0.087
v1 t2 L30 s1 train=0.127 neutral=0.080 incongruent@v1=0.091 incongruent@v2=0.080
v1 t2 L30 s2 train=0.131 neutral=0.090 incongruent@v1=0.098 incongruent@v2=0.090
v1 t2 L31 s0 train=0.098 neutral=0.114 incongruent@v1=0.114 incongruent@v2=0.114
v1 t2 L31 s1 train=0.145 neutral=0.098 incongruent@v1=0.089 incongruent@v2=0.098
v1 t2 L31 s2 train=0.121 neutral=0.097 incongruent@v1=0.097 incongruent@v2=0.097
v1 t2 L32 s0 train=0.114 neutral=0.114 incongruent@v1=0.109 incongruent@v2=0.114
v1 t2 L32 s1 train=0.098 neutral=0.122 incongruent@v1=0.122 incongruent@v2=0.122
v1 t2 L32 s2 train=0.095 neutral=0.092 incongruent@v1=0.101 incongruent@v2=0.092
v1 t2 L33 s0 train=0.108 neutral=0.092 incongruent@v1=0.092 incongruent@v2=0.092
v1 t2 L33 s1 train=0.108 neutral=0.092 incongruent@v1=0.092 incongruent@v2=0.092
v1 t2 L33 s2 train=0.108 neutral=0.092 incongruent@v1=0.092 incongruent@v2=0.092
v1 t2 L34 s0 train=0.226 neutral=0.139 incongruent@v1=0.103 incongruent@v2=0.139
v1 t2 L34 s1 train=0.221 neutral=0.141 incongruent@v1=0.099 incongruent@v2=0.141
v1 t2 L34 s2 train=0.228 neutral=0.148 incongruent@v1=0.097 incongruent@v2=0.148
v1 t3 L0 s0 train=0.181 neutral=0.163 incongruent@v1=0.163 incongruent@v2=0.163
v1 t3 L0 s1 train=0.181 neutral=0.163 incongruent@v1=0.163 incongruent@v2=0.163
v1 t3 L0 s2 train=0.181 neutral=0.163 incongruent@v1=0.163 incongruent@v2=0.163
v1 t3 L1 s0 train=0.155 neutral=0.176 incongruent@v1=0.176 incongruent@v2=0.176
v1 t3 L1 s1 train=0.118 neutral=0.128 incongruent@v1=0.128 incongruent@v2=0.128
v1 t3 L1 s2 train=0.107 neutral=0.098 incongruent@v1=0.098 incongruent@v2=0.098
v1 t3 L2 s0 train=0.164 neutral=0.144 incongruent@v1=0.144 incongruent@v2=0.144
v1 t3 L2 s1 train=0.097 neutral=0.103 incongruent@v1=0.103 incongruent@v2=0.103
v1 t3 L2 s2 train=0.163 neutral=0.145 incongruent@v1=0.141 incongruent@v2=0.145
v1 t3 L3 s0 train=0.111 neutral=0.108 incongruent@v1=0.114 incongruent@v2=0.108
v1 t3 L3 s1 train=0.162 neutral=0.149 incongruent@v1=0.149 incongruent@v2=0.149
v1 t3 L3 s2 train=0.196 neutral=0.168 incongruent@v1=0.170 incongruent@v2=0.168
v1 t3 L4 s0 train=0.189 neutral=0.176 incongruent@v1=0.177 incongruent@v2=0.176
v1 t3 L4 s1 train=0.179 neutral=0.148 incongruent@v1=0.167 incongruent@v2=0.148
v1 t3 L4 s2 train=0.154 neutral=0.174 incongruent@v1=0.170 incongruent@v2=0.174
v1 t3 L5 s0 train=0.160 neutral=0.165 incongruent@v1=0.166 incongruent@v2=0.165
v1 t3 L5 s1 train=0.169 neutral=0.204 incongruent@v1=0.210 incongruent@v2=0.204
v1 t3 L5 s2 train=0.161 neutral=0.139 incongruent@v1=0.136 incongruent@v2=0.139
v1 t3 L6 s0 train=0.151 neutral=0.137 incongruent@v1=0.135 incongruent@v2=0.137
v1 t3 L6 s1 train=0.186 neutral=0.167 incongruent@v1=0.167 incongruent@v2=0.167
v1 t3 L6 s2 train=0.180 neutral=0.151 incongruent@v1=0.151 incongruent@v2=0.151
v1 t3 L7 s0 train=0.192 neutral=0.142 incongruent@v1=0.148 incongruent@v2=0.142
v1 t3 L7 s1 train=0.152 neutral=0.161 incongruent@v1=0.147 incongruent@v2=0.161
v1 t3 L7 s2 train=0.207 neutral=0.172 incongruent@v1=0.157 incongruent@v2=0.172
v1 t3 L8 s0 train=0.157 neutral=0.175 incongruent@v1=0.163 incongruent@v2=0.175
v1 t3 L8 s1 train=0.164 neutral=0.152 incongruent@v1=0.136 incongruent@v2=0.152
v1 t3 L8 s2 train=0.157 neutral=0.151 incongruent@v1=0.149 incongruent@v2=0.151
v1 t3 L9 s0 train=0.141 neutral=0.107 incongruent@v1=0.105 incongruent@v2=0.107
v1 t3 L9 s1 train=0.095 neutral=0.092 incongruent@v1=0.092 incongruent@v2=0.092
v1 t3 L9 s2 train=0.160 neutral=0.134 incongruent@v1=0.134 incongruent@v2=0.134
v1 t3 L10 s0 train=0.110 neutral=0.091 incongruent@v1=0.091 incongruent@v2=0.091
v1 t3 L10 s1 train=0.094 neutral=0.094 incongruent@v1=0.094 incongruent@v2=0.094
v1 t3 L10 s2 train=0.188 neutral=0.127 incongruent@v1=0.136 incongruent@v2=0.127
v1 t3 L11 s0 train=0.186 neutral=0.147 incongruent@v1=0.155 incongruent@v2=0.147
v1 t3 L11 s1 train=0.175 neutral=0.197 incongruent@v1=0.196 incongruent@v2=0.197
v1 t3 L11 s2 train=0.107 neutral=0.093 incongruent@v1=0.093 incongruent@v2=0.093
v1 t3 L12 s0 train=0.086 neutral=0.114 incongruent@v1=0.114 incongruent@v2=0.114
v1 t3 L12 s1 train=0.120 neutral=0.109 incongruent@v1=0.112 incongruent@v2=0.109
v1 t3 L12 s2 train=0.162 neutral=0.169 incongruent@v1=0.169 incongruent@v2=0.169
v1 t3 L13 s0 train=0.098 neutral=0.114 incongruent@v1=0.114 incongruent@v2=0.114
v1 t3 L13 s1 train=0.138 neutral=0.124 incongruent@v1=0.122 incongruent@v2=0.124
v1 t3 L13 s2 train=0.105 neutral=0.140 incongruent@v1=0.139 incongruent@v2=0.140
v1 t3 L14 s0 train=0.153 neutral=0.140 incongruent@v1=0.139 incongruent@v2=0.140
v1 t3 L14 s1 train=0.176 neutral=0.177 incongruent@v1=0.176 incongruent@v2=0.177
v1 t3 L14 s2 train=0.162 neutral=0.169 incongruent@v1=0.169 incongruent@v2=0.169
v1 t3 L15 s0 train=0.162 neutral=0.144 incongruent@v1=0.144 incongruent@v2=0.144
v1 t3 L15 s1 train=0.182 neutral=0.186 incongruent@v1=0.181 incongruent@v2=0.186
v1 t3 L15 s2 train=0.099 neutral=0.109 incongruent@v1=0.109 incongruent@v2=0.109
v1 t3 L16 s0 train=0.180 neutral=0.183 incongruent@v1=0.183 incongruent@v2=0.183
v1 t3 L16 s1 train=0.181 neutral=0.163 incongruent@v1=0.163 incongruent@v2=0.163
v1 t3 L16 s2 train=0.174 neutral=0.124 incongruent@v1=0.142 incongruent@v2=0.124
v1 t3 L17 s0 train=0.181 neutral=0.163 incongruent@v1=0.163 incongruent@v2=0.163
v1 t3 L17 s1 train=0.107 neutral=0.093 incongruent@v1=0.093 incongruent@v2=0.093
v1 t3 L17 s2 train=0.131 neutral=0.112 incongruent@v1=0.113 incongruent@v2=0.112
v1 t3 L18 s0 train=0.115 neutral=0.111 incongruent@v1=0.111 incongruent@v2=0.111
v1 t3 L18 s1 train=0.097 neutral=0.103 incongruent@v1=0.103 incongruent@v2=0.103
v1 t3 L18 s2 train=0.105 neutral=0.113 incongruent@v1=0.114 incongruent@v2=0.113
v1 t3 L19 s0 train=0.097 neutral=0.103 incongruent@v1=0.103 incongruent@v2=0.103
v1 t3 L19 s1 train=0.087 neutral=0.117 incongruent@v1=0.167 incongruent@v2=0.117
v1 t3 L19 s2 train=0.180 neutral=0.183 incongruent@v1=0.183 incongruent@v2=0.183
v1 t3 L20 s0 train=0.162 neutral=0.169 incongruent@v1=0.169 incongruent@v2=0.169
v1 t3 L20 s1 train=0.181 neutral=0.171 incongruent@v1=0.173 incongruent@v2=0.171
v1 t3 L20 s2 train=0.119 neutral=0.119 incongruent@v1=0.113 incongruent@v2=0.119
v1 t3 L21 s0 train=0.129 neutral=0.122 incongruent@v1=0.124 incongruent@v2=0.122
v1 t3 L21 s1 train=0.161 neutral=0.169 incongruent@v1=0.169 incongruent@v2=0.169
v1 t3 L21 s2 train=0.140 neutral=0.114 incongruent@v1=0.099 incongruent@v2=0.114
v1 t3 L22 s0 train=0.114 neutral=0.111 incongruent@v1=0.111 incongruent@v2=0.111
v1 t3 L22 s1 train=0.157 neutral=0.143 incongruent@v1=0.153 incongruent@v2=0.143
v1 t3 L22 s2 train=0.108 neutral=0.099 incongruent@v1=0.103 incongruent@v2=0.099
v1 t3 L23 s0 train=0.126 neutral=0.116 incongruent@v1=0.118 incongruent@v2=0.116
v1 t3 L23 s1 train=0.135 neutral=0.131 incongruent@v1=0.125 incongruent@v2=0.131
v1 t3 L23 s2 train=0.201 neutral=0.124 incongruent@v1=0.128 incongruent@v2=0.124
v1 t3 L24 s0 train=0.150 neutral=0.125 incongruent@v1=0.125 incongruent@v2=0.125
v1 t3 L24 s1 train=0.145 neutral=0.166 incongruent@v1=0.150 incongruent@v2=0.166
v1 t3 L24 s2 train=0.166 neutral=0.144 incongruent@v1=0.120 incongruent@v2=0.144
v1 t3 L25 s0 train=0.185 neutral=0.149 incongruent@v1=0.155 incongruent@v2=0.149
v1 t3 L25 s1 train=0.158 neutral=0.123 incongruent@v1=0.126 incongruent@v2=0.123
v1 t3 L25 s2 train=0.182 neutral=0.160 incongruent@v1=0.146 incongruent@v2=0.160
v1 t3 L26 s0 train=0.114 neutral=0.099 incongruent@v1=0.098 incongruent@v2=0.099
v1 t3 L26 s1 train=0.103 neutral=0.096 incongruent@v1=0.108 incongruent@v2=0.096
v1 t3 L26 s2 train=0.132 neutral=0.126 incongruent@v1=0.118 incongruent@v2=0.126
v1 t3 L27 s0 train=0.166 neutral=0.135 incongruent@v1=0.105 incongruent@v2=0.135
v1 t3 L27 s1 train=0.177 neutral=0.160 incongruent@v1=0.137 incongruent@v2=0.160
v1 t3 L27 s2 train=0.160 neutral=0.135 incongruent@v1=0.124 incongruent@v2=0.135
v1 t3 L28 s0 train=0.110 neutral=0.096 incongruent@v1=0.098 incongruent@v2=0.096
v1 t3 L28 s1 train=0.106 neutral=0.120 incongruent@v1=0.119 incongruent@v2=0.120
v1 t3 L28 s2 train=0.174 neutral=0.182 incongruent@v1=0.185 incongruent@v2=0.182
v1 t3 L29 s0 train=0.180 neutral=0.154 incongruent@v1=0.149 incongruent@v2=0.154
v1 t3 L29 s1 train=0.177 neutral=0.144 incongruent@v1=0.137 incongruent@v2=0.144
v1 t3 L29 s2 train=0.157 neutral=0.156 incongruent@v1=0.152 incongruent@v2=0.156
v1 t3 L30 s0 train=0.108 neutral=0.092 incongruent@v1=0.092 incongruent@v2=0.092
v1 t3 L30 s1 train=0.108 neutral=0.092 incongruent@v1=0.092 incongruent@v2=0.092
v1 t3 L30 s2 train=0.108 neutral=0.092 incongruent@v1=0.092 incongruent@v2=0.092
v1 t3 L31 s0 train=0.108 neutral=0.092 incongruent@v1=0.092 incongruent@v2=0.092
v1 t3 L31 s1 train=0.108 neutral=0.092 incongruent@v1=0.092 incongruent@v2=0.092
v1 t3 L31 s2 train=0.108 neutral=0.092 incongruent@v1=0.092 incongruent@v2=0.092
v1 t3 L32 s0 train=0.108 neutral=0.092 incongruent@v1=0.092 incongruent@v2=0.092
v1 t3 L32 s1 train=0.108 neutral=0.092 incongruent@v1=0.092 incongruent@v2=0.092
v1 t3 L32 s2 train=0.108 neutral=0.092 incongruent@v1=0.092 incongruent@v2=0.092
v1 t3 L33 s0 train=0.108 neutral=0.092 incongruent@v1=0.092 incongruent@v2=0.092
v1 t3 L33 s1 train=0.108 neutral=0.092 incongruent@v1=0.092 incongruent@v2=0.092
v1 t3 L33 s2 train=0.108 neutral=0.092 incongruent@v1=0.092 incongruent@v2=0.092
v1 t3 L34 s0 train=0.309 neutral=0.159 incongruent@v1=0.163 incongruent@v2=0.159
v1 t3 L34 s1 train=0.306 neutral=0.153 incongruent@v1=0.142 incongruent@v2=0.153
v1 t3 L34 s2 train=0.306 neutral=0.153 incongruent@v1=0.152 incongruent@v2=0.153
v1 t4 L0 s0 train=0.171 neutral=0.110 incongruent@v1=0.110 incongruent@v2=0.074
v1 t4 L0 s1 train=0.171 neutral=0.110 incongruent@v1=0.110 incongruent@v2=0.126
v1 t4 L0 s2 train=0.171 neutral=0.109 incongruent@v1=0.109 incongruent@v2=0.108
v1 t4 L1 s0 train=0.122 neutral=0.105 incongruent@v1=0.102 incongruent@v2=0.123
v1 t4 L1 s1 train=0.138 neutral=0.109 incongruent@v1=0.107 incongruent@v2=0.092
v1 t4 L1 s2 train=0.112 neutral=0.101 incongruent@v1=0.101 incongruent@v2=0.141
v1 t4 L2 s0 train=0.178 neutral=0.137 incongruent@v1=0.140 incongruent@v2=0.122
v1 t4 L2 s1 train=0.119 neutral=0.097 incongruent@v1=0.095 incongruent@v2=0.120
v1 t4 L2 s2 train=0.125 neutral=0.112 incongruent@v1=0.112 incongruent@v2=0.132
v1 t4 L3 s0 train=0.141 neutral=0.116 incongruent@v1=0.122 incongruent@v2=0.109
v1 t4 L3 s1 train=0.119 neutral=0.103 incongruent@v1=0.105 incongruent@v2=0.108
v1 t4 L3 s2 train=0.096 neutral=0.092 incongruent@v1=0.093 incongruent@v2=0.094
v1 t4 L4 s0 train=0.140 neutral=0.108 incongruent@v1=0.106 incongruent@v2=0.108
v1 t4 L4 s1 train=0.177 neutral=0.119 incongruent@v1=0.122 incongruent@v2=0.132
v1 t4 L4 s2 train=0.124 neutral=0.112 incongruent@v1=0.110 incongruent@v2=0.146
v1 t4 L5 s0 train=0.151 neutral=0.111 incongruent@v1=0.112 incongruent@v2=0.093
v1 t4 L5 s1 train=0.116 neutral=0.113 incongruent@v1=0.116 incongruent@v2=0.126
v1 t4 L5 s2 train=0.130 neutral=0.124 incongruent@v1=0.124 incongruent@v2=0.141
v1 t4 L6 s0 train=0.098 neutral=0.092 incongruent@v1=0.093 incongruent@v2=0.094
v1 t4 L6 s1 train=0.164 neutral=0.117 incongruent@v1=0.109 incongruent@v2=0.107
v1 t4 L6 s2 train=0.131 neutral=0.105 incongruent@v1=0.103 incongruent@v2=0.109
v1 t4 L7 s0 train=0.173 neutral=0.157 incongruent@v1=0.155 incongruent@v2=0.155
v1 t4 L7 s1 train=0.121 neutral=0.114 incongruent@v1=0.111 incongruent@v2=0.116
v1 t4 L7 s2 train=0.098 neutral=0.103 incongruent@v1=0.104 incongruent@v2=0.103
v1 t4 L8 s0 train=0.157 neutral=0.136 incongruent@v1=0.133 incongruent@v2=0.150
v1 t4 L8 s1 train=0.106 neutral=0.119 incongruent@v1=0.119 incongruent@v2=0.114
v1 t4 L8 s2 train=0.142 neutral=0.129 incongruent@v1=0.126 incongruent@v2=0.139
v1 t4 L9 s0 train=0.142 neutral=0.133 incongruent@v1=0.126 incongruent@v2=0.103
v1 t4 L9 s1 train=0.125 neutral=0.091 incongruent@v1=0.091 incongruent@v2=0.091
v1 t4 L9 s2 train=0.108 neutral=0.092 incongruent@v1=0.092 incongruent@v2=0.092
v1 t4 L10 s0 train=0.155 neutral=0.137 incongruent@v1=0.130 incongruent@v2=0.167
v1 t4 L10 s1 train=0.108 neutral=0.092 incongruent@v1=0.092 incongruent@v2=0.092
v1 t4 L10 s2 train=0.098 neutral=0.114 incongruent@v1=0.114 incongruent@v2=0.114
v1 t4 L11 s0 train=0.139 neutral=0.109 incongruent@v1=0.110 incongruent@v2=0.117
v1 t4 L11 s1 train=0.099 neutral=0.109 incongruent@v1=0.109 incongruent@v2=0.109
v1 t4 L11 s2 train=0.107 neutral=0.093 incongruent@v1=0.093 incongruent@v2=0.093
v1 t4 L12 s0 train=0.107 neutral=0.098 incongruent@v1=0.098 incongruent@v2=0.098
v1 t4 L12 s1 train=0.115 neutral=0.116 incongruent@v1=0.110 incongruent@v2=0.107
v1 t4 L12 s2 train=0.099 neutral=0.114 incongruent@v1=0.114 incongruent@v2=0.114
v1 t4 L13 s0 train=0.107 neutral=0.093 incongruent@v1=0.093 incongruent@v2=0.093
v1 t4 L13 s1 train=0.143 neutral=0.128 incongruent@v1=0.130 incongruent@v2=0.136
v1 t4 L13 s2 train=0.099 neutral=0.106 incongruent@v1=0.106 incongruent@v2=0.103
v1 t4 L14 s0 train=0.107 neutral=0.093 incongruent@v1=0.093 incongruent@v2=0.093
v1 t4 L14 s1 train=0.086 neutral=0.114 incongruent@v1=0.114 incongruent@v2=0.114
v1 t4 L14 s2 train=0.094 neutral=0.094 incongruent@v1=0.094 incongruent@v2=0.094
v1 t4 L15 s0 train=0.133 neutral=0.129 incongruent@v1=0.114 incongruent@v2=0.141
v1 t4 L15 s1 train=0.119 neutral=0.096 incongruent@v1=0.102 incongruent@v2=0.105
v1 t4 L15 s2 train=0.086 neutral=0.114 incongruent@v1=0.114 incongruent@v2=0.114
v1 t4 L16 s0 train=0.147 neutral=0.132 incongruent@v1=0.126 incongruent@v2=0.121
v1 t4 L16 s1 train=0.117 neutral=0.097 incongruent@v1=0.096 incongruent@v2=0.098
v1 t4 L16 s2 train=0.098 neutral=0.114 incongruent@v1=0.114 incongruent@v2=0.114
v1 t4 L17 s0 train=0.156 neutral=0.184 incongruent@v1=0.186 incongruent@v2=0.187
v1 t4 L17 s1 train=0.108 neutral=0.093 incongruent@v1=0.092 incongruent@v2=0.095
v1 t4 L17 s2 train=0.098 neutral=0.114 incongruent@v1=0.114 incongruent@v2=0.114
v1 t4 L18 s0 train=0.107 neutral=0.093 incongruent@v1=0.093 incongruent@v2=0.093
v1 t4 L18 s1 train=0.107 neutral=0.098 incongruent@v1=0.098 incongruent@v2=0.098
v1 t4 L18 s2 train=0.130 neutral=0.107 incongruent@v1=0.115 incongruent@v2=0.111
v1 t4 L19 s0 train=0.141 neutral=0.146 incongruent@v1=0.146 incongruent@v2=0.145
v1 t4 L19 s1 train=0.141 neutral=0.144 incongruent@v1=0.143 incongruent@v2=0.144
v1 t4 L19 s2 train=0.107 neutral=0.098 incongruent@v1=0.098 incongruent@v2=0.098
v1 t4 L20 s0 train=0.090 neutral=0.121 incongruent@v1=0.120 incongruent@v2=0.115
v1 t4 L20 s1 train=0.105 neutral=0.101 incongruent@v1=0.098 incongruent@v2=0.094
v1 t4 L20 s2 train=0.141 neutral=0.131 incongruent@v1=0.127 incongruent@v2=0.119
v1 t4 L21 s0 train=0.134 neutral=0.119 incongruent@v1=0.121 incongruent@v2=0.120
v1 t4 L21 s1 train=0.115 neutral=0.113 incongruent@v1=0.103 incongruent@v2=0.103
v1 t4 L21 s2 train=0.168 neutral=0.172 incongruent@v1=0.182 incongruent@v2=0.176
v1 t4 L22 s0 train=0.107 neutral=0.098 incongruent@v1=0.098 incongruent@v2=0.098
v1 t4 L22 s1 train=0.157 neutral=0.153 incongruent@v1=0.156 incongruent@v2=0.152
v1 t4 L22 s2 train=0.109 neutral=0.093 incongruent@v1=0.092 incongruent@v2=0.092
v1 t4 L23 s0 train=0.097 neutral=0.103 incongruent@v1=0.103 incongruent@v2=0.103
v1 t4 L23 s1 train=0.175 neutral=0.139 incongruent@v1=0.128 incongruent@v2=0.132
v1 t4 L23 s2 train=0.151 neutral=0.117 incongruent@v1=0.115 incongruent@v2=0.119
v1 t4 L24 s0 train=0.113 neutral=0.098 incongruent@v1=0.098 incongruent@v2=0.093
v1 t4 L24 s1 train=0.119 neutral=0.105 incongruent@v1=0.103 incongruent@v2=0.093
v1 t4 L24 s2 train=0.213 neutral=0.173 incongruent@v1=0.172 incongruent@v2=0.178
v1 t4 L25 s0 train=0.229 neutral=0.173 incongruent@v1=0.154 incongruent@v2=0.163
v1 t4 L25 s1 train=0.118 neutral=0.117 incongruent@v1=0.117 incongruent@v2=0.109
v1 t4 L25 s2 train=0.170 neutral=0.118 incongruent@v1=0.113 incongruent@v2=0.109
v1 t4 L26 s0 train=0.202 neutral=0.130 incongruent@v1=0.130 incongruent@v2=0.138
v1 t4 L26 s1 train=0.155 neutral=0.134 incongruent@v1=0.134 incongruent@v2=0.138
v1 t4 L26 s2 train=0.141 neutral=0.108 incongruent@v1=0.105 incongruent@v2=0.098
v1 t4 L27 s0 train=0.114 neutral=0.126 incongruent@v1=0.120 incongruent@v2=0.115
v1 t4 L27 s1 train=0.178 neutral=0.184 incongruent@v1=0.187 incongruent@v2=0.186
v1 t4 L27 s2 train=0.161 neutral=0.124 incongruent@v1=0.125 incongruent@v2=0.115
v1 t4 L28 s0 train=0.149 neutral=0.126 incongruent@v1=0.133 incongruent@v2=0.137
v1 t4 L28 s1 train=0.108 neutral=0.092 incongruent@v1=0.092 incongruent@v2=0.092
v1 t4 L28 s2 train=0.129 neutral=0.129 incongruent@v1=0.125 incongruent@v2=0.128
v1 t4 L29 s0 train=0.155 neutral=0.102 incongruent@v1=0.109 incongruent@v2=0.107
v1 t4 L29 s1 train=0.142 neutral=0.096 incongruent@v1=0.099 incongruent@v2=0.108
v1 t4 L29 s2 train=0.179 neutral=0.133 incongruent@v1=0.142 incongruent@v2=0.143
v1 t4 L30 s0 train=0.163 neutral=0.125 incongruent@v1=0.122 incongruent@v2=0.125
v1 t4 L30 s1 train=0.170 neutral=0.134 incongruent@v1=0.139 incongruent@v2=0.143
v1 t4 L30 s2 train=0.110 neutral=0.101 incongruent@v1=0.099 incongruent@v2=0.098
v1 t4 L31 s0 train=0.165 neutral=0.134 incongruent@v1=0.143 incongruent@v2=0.144
v1 t4 L31 s1 train=0.164 neutral=0.163 incongruent@v1=0.165 incongruent@v2=0.165
v1 t4 L31 s2 train=0.208 neutral=0.166 incongruent@v1=0.167 incongruent@v2=0.171
v1 t4 L32 s0 train=0.187 neutral=0.143 incongruent@v1=0.140 incongruent@v2=0.144
v1 t4 L32 s1 train=0.145 neutral=0.104 incongruent@v1=0.103 incongruent@v2=0.099
v1 t4 L32 s2 train=0.175 neutral=0.156 incongruent@v1=0.154 incongruent@v2=0.156
v1 t4 L33 s0 train=0.108 neutral=0.092 incongruent@v1=0.092 incongruent@v2=0.092
v1 t4 L33 s1 train=0.108 neutral=0.092 incongruent@v1=0.092 incongruent@v2=0.092
v1 t4 L33 s2 train=0.108 neutral=0.092 incongruent@v1=0.092 incongruent@v2=0.092
v1 t4 L34 s0 train=0.410 neutral=0.152 incongruent@v1=0.155 incongruent@v2=0.142
v1 t4 L34 s1 train=0.414 neutral=0.171 incongruent@v1=0.160 incongruent@v2=0.151
v1 t4 L34 s2 train=0.413 neutral=0.153 incongruent@v1=0.153 incongruent@v2=0.136
v1 t5 L0 s0 train=0.110 neutral=0.091 incongruent@v1=0.091 incongruent@v2=0.091
v1 t5 L0 s1 train=0.110 neutral=0.091 incongruent@v1=0.091 incongruent@v2=0.091
v1 t5 L0 s2 train=0.110 neutral=0.091 incongruent@v1=0.091 incongruent@v2=0.091
v1 t5 L1 s0 train=0.181 neutral=0.163 incongruent@v1=0.163 incongruent@v2=0.163
v1 t5 L1 s1 train=0.096 neutral=0.091 incongruent@v1=0.090 incongruent@v2=0.092
v1 t5 L1 s2 train=0.129 neutral=0.137 incongruent@v1=0.137 incongruent@v2=0.137
v1 t5 L2 s0 train=0.107 neutral=0.097 incongruent@v1=0.095 incongruent@v2=0.105
v1 t5 L2 s1 train=0.136 neutral=0.142 incongruent@v1=0.114 incongruent@v2=0.114
v1 t5 L2 s2 train=0.162 neutral=0.163 incongruent@v1=0.164 incongruent@v2=0.167
v1 t5 L3 s0 train=0.138 neutral=0.113 incongruent@v1=0.115 incongruent@v2=0.119
v1 t5 L3 s1 train=0.142 neutral=0.117 incongruent@v1=0.125 incongruent@v2=0.124
v1 t5 L3 s2 train=0.174 neutral=0.153 incongruent@v1=0.150 incongruent@v2=0.162
v1 t5 L4 s0 train=0.158 neutral=0.171 incongruent@v1=0.172 incongruent@v2=0.170
v1 t5 L4 s1 train=0.166 neutral=0.168 incongruent@v1=0.157 incongruent@v2=0.132
v1 t5 L4 s2 train=0.110 neutral=0.091 incongruent@v1=0.091 incongruent@v2=0.091
v1 t5 L5 s0 train=0.098 neutral=0.114 incongruent@v1=0.114 incongruent@v2=0.114
v1 t5 L5 s1 train=0.086 neutral=0.115 incongruent@v1=0.114 incongruent@v2=0.114
v1 t5 L5 s2 train=0.107 neutral=0.093 incongruent@v1=0.093 incongruent@v2=0.093
v1 t5 L6 s0 train=0.142 neutral=0.142 incongruent@v1=0.143 incongruent@v2=0.116
v1 t5 L6 s1 train=0.181 neutral=0.162 incongruent@v1=0.162 incongruent@v2=0.163
v1 t5 L6 s2 train=0.095 neutral=0.092 incongruent@v1=0.092 incongruent@v2=0.092
v1 t5 L7 s0 train=0.110 neutral=0.091 incongruent@v1=0.091 incongruent@v2=0.091
v1 t5 L7 s1 train=0.107 neutral=0.093 incongruent@v1=0.093 incongruent@v2=0.093
v1 t5 L7 s2 train=0.107 neutral=0.098 incongruent@v1=0.098 incongruent@v2=0.098
v1 t5 L8 s0 train=0.139 neutral=0.127 incongruent@v1=0.106 incongruent@v2=0.118
v1 t5 L8 s1 train=0.149 neutral=0.139 incongruent@v1=0.139 incongruent@v2=0.139
v1 t5 L8 s2 train=0.099 neutral=0.100 incongruent@v1=0.096 incongruent@v2=0.095
v1 t5 L9 s0 train=0.162 neutral=0.144 incongruent@v1=0.144 incongruent@v2=0.144
v1 t5 L9 s1 train=0.137 neutral=0.114 incongruent@v1=0.108 incongruent@v2=0.095
v1 t5 L9 s2 train=0.151 neutral=0.139 incongruent@v1=0.139 incongruent@v2=0.139
v1 t5 L10 s0 train=0.146 neutral=0.130 incongruent@v1=0.128 incongruent@v2=0.119
v1 t5 L10 s1 train=0.134 neutral=0.106 incongruent@v1=0.110 incongruent@v2=0.108
v1 t5 L10 s2 train=0.095 neutral=0.093 incongruent@v1=0.092 incongruent@v2=0.092
v1 t5 L11 s0 train=0.110 neutral=0.091 incongruent@v1=0.091 incongruent@v2=0.091
v1 t5 L11 s1 train=0.128 neutral=0.107 incongruent@v1=0.107 incongruent@v2=0.102
v1 t5 L11 s2 train=0.107 neutral=0.093 incongruent@v1=0.093 incongruent@v2=0.093
v1 t5 L12 s0 train=0.086 neutral=0.114 incongruent@v1=0.114 incongruent@v2=0.114
v1 t5 L12 s1 train=0.099 neutral=0.109 incongruent@v1=0.109 incongruent@v2=0.109
v1 t5 L12 s2 train=0.098 neutral=0.114 incongruent@v1=0.114 incongruent@v2=0.114
v1 t5 L13 s0 train=0.107 neutral=0.098 incongruent@v1=0.098 incongruent@v2=0.098
v1 t5 L13 s1 train=0.151 neutral=0.159 incongruent@v1=0.157 incongruent@v2=0.158
v1 t5 L13 s2 train=0.086 neutral=0.114 incongruent@v1=0.114 incongruent@v2=0.114
v1 t5 L14 s0 train=0.116 neutral=0.100 incongruent@v1=0.093 incongruent@v2=0.099
v1 t5 L14 s1 train=0.094 neutral=0.094 incongruent@v1=0.094 incongruent@v2=0.094
v1 t5 L14 s2 train=0.107 neutral=0.098 incongruent@v1=0.098 incongruent@v2=0.098
v1 t5 L15 s0 train=0.183 neutral=0.159 incongruent@v1=0.149 incongruent@v2=0.146
v1 t5 L15 s1 train=0.110 neutral=0.091 incongruent@v1=0.091 incongruent@v2=0.091
v1 t5 L15 s2 train=0.107 neutral=0.098 incongruent@v1=0.098 incongruent@v2=0.098
v1 t5 L16 s0 train=0.131 neutral=0.133 incongruent@v1=0.135 incongruent@v2=0.128
v1 t5 L16 s1 train=0.118 neutral=0.134 incongruent@v1=0.132 incongruent@v2=0.126
v1 t5 L16 s2 train=0.155 neutral=0.153 incongruent@v1=0.157 incongruent@v2=0.152
v1 t5 L17 s0 train=0.107 neutral=0.093 incongruent@v1=0.093 incongruent@v2=0.093
v1 t5 L17 s1 train=0.173 neutral=0.145 incongruent@v1=0.146 incongruent@v2=0.145
v1 t5 L17 s2 train=0.118 neutral=0.098 incongruent@v1=0.096 incongruent@v2=0.108
v1 t5 L18 s0 train=0.161 neutral=0.162 incongruent@v1=0.168 incongruent@v2=0.169
v1 t5 L18 s1 train=0.115 neutral=0.104 incongruent@v1=0.098 incongruent@v2=0.098
v1 t5 L18 s2 train=0.099 neutral=0.109 incongruent@v1=0.109 incongruent@v2=0.109
v1 t5 L19 s0 train=0.097 neutral=0.103 incongruent@v1=0.103 incongruent@v2=0.103
v1 t5 L19 s1 train=0.095 neutral=0.092 incongruent@v1=0.092 incongruent@v2=0.092
v1 t5 L19 s2 train=0.098 neutral=0.114 incongruent@v1=0.114 incongruent@v2=0.114
v1 t5 L20 s0 train=0.154 neutral=0.158 incongruent@v1=0.158 incongruent@v2=0.158
v1 t5 L20 s1 train=0.107 neutral=0.093 incongruent@v1=0.093 incongruent@v2=0.093
v1 t5 L20 s2 train=0.102 neutral=0.112 incongruent@v1=0.111 incongruent@v2=0.110
v1 t5 L21 s0 train=0.107 neutral=0.098 incongruent@v1=0.098 incongruent@v2=0.098
v1 t5 L21 s1 train=0.186 neutral=0.180 incongruent@v1=0.179 incongruent@v2=0.182
v1 t5 L21 s2 train=0.107 neutral=0.098 incongruent@v1=0.098 incongruent@v2=0.098
v1 t5 L22 s0 train=0.180 neutral=0.190 incongruent@v1=0.177 incongruent@v2=0.179
v1 t5 L22 s1 train=0.101 neutral=0.109 incongruent@v1=0.106 incongruent@v2=0.113
v1 t5 L22 s2 train=0.194 neutral=0.169 incongruent@v1=0.165 incongruent@v2=0.163
v1 t5 L23 s0 train=0.107 neutral=0.098 incongruent@v1=0.098 incongruent@v2=0.098
v1 t5 L23 s1 train=0.086 neutral=0.114 incongruent@v1=0.114 incongruent@v2=0.114
v1 t5 L23 s2 train=0.099 neutral=0.109 incongruent@v1=0.109 incongruent@v2=0.109
v1 t5 L24 s0 train=0.174 neutral=0.165 incongruent@v1=0.161 incongruent@v2=0.159
v1 t5 L24 s1 train=0.161 neutral=0.182 incongruent@v1=0.167 incongruent@v2=0.186
v1 t5 L24 s2 train=0.163 neutral=0.126 incongruent@v1=0.121 incongruent@v2=0.120
v1 t5 L25 s0 train=0.087 neutral=0.116 incongruent@v1=0.114 incongruent@v2=0.114
v1 t5 L25 s1 train=0.183 neutral=0.180 incongruent@v1=0.168 incongruent@v2=0.171
v1 t5 L25 s2 train=0.107 neutral=0.094 incongruent@v1=0.095 incongruent@v2=0.093
v1 t5 L26 s0 train=0.162 neutral=0.121 incongruent@v1=0.122 incongruent@v2=0.127
v1 t5 L26 s1 train=0.109 neutral=0.098 incongruent@v1=0.097 incongruent@v2=0.098
v1 t5 L26 s2 train=0.148 neutral=0.139 incongruent@v1=0.128 incongruent@v2=0.118
v1 t5 L27 s0 train=0.174 neutral=0.163 incongruent@v1=0.160 incongruent@v2=0.152
v1 t5 L27 s1 train=0.133 neutral=0.131 incongruent@v1=0.136 incongruent@v2=0.125
v1 t5 L27 s2 train=0.177 neutral=0.157 incongruent@v1=0.144 incongruent@v2=0.139
v1 t5 L28 s0 train=0.199 neutral=0.174 incongruent@v1=0.174 incongruent@v2=0.182
v1 t5 L28 s1 train=0.129 neutral=0.108 incongruent@v1=0.109 incongruent@v2=0.089
v1 t5 L28 s2 train=0.144 neutral=0.125 incongruent@v1=0.128 incongruent@v2=0.138
v1 t5 L29 s0 train=0.158 neutral=0.122 incongruent@v1=0.123 incongruent@v2=0.118
v1 t5 L29 s1 train=0.171 neutral=0.161 incongruent@v1=0.157 incongruent@v2=0.164
v1 t5 L29 s2 train=0.125 neutral=0.101 incongruent@v1=0.102 incongruent@v2=0.098
v1 t5 L30 s0 train=0.099 neutral=0.114 incongruent@v1=0.114 incongruent@v2=0.114
v1 t5 L30 s1 train=0.127 neutral=0.100 incongruent@v1=0.097 incongruent@v2=0.105
v1 t5 L30 s2 train=0.107 neutral=0.096 incongruent@v1=0.098 incongruent@v2=0.089
v1 t5 L31 s0 train=0.130 neutral=0.117 incongruent@v1=0.115 incongruent@v2=0.103
v1 t5 L31 s1 train=0.153 neutral=0.144 incongruent@v1=0.125 incongruent@v2=0.111
v1 t5 L31 s2 train=0.189 neutral=0.152 incongruent@v1=0.150 incongruent@v2=0.161
v1 t5 L32 s0 train=0.108 neutral=0.092 incongruent@v1=0.092 incongruent@v2=0.092
v1 t5 L32 s1 train=0.108 neutral=0.092 incongruent@v1=0.092 incongruent@v2=0.092
v1 t5 L32 s2 train=0.108 neutral=0.092 incongruent@v1=0.092 incongruent@v2=0.092
v1 t5 L33 s0 train=0.108 neutral=0.092 incongruent@v1=0.092 incongruent@v2=0.092
v1 t5 L33 s1 train=0.108 neutral=0.092 incongruent@v1=0.092 incongruent@v2=0.092
v1 t5 L33 s2 train=0.108 neutral=0.092 incongruent@v1=0.092 incongruent@v2=0.092
v1 t5 L34 s0 train=0.360 neutral=0.168 incongruent@v1=0.151 incongruent@v2=0.097
v1 t5 L34 s1 train=0.358 neutral=0.172 incongruent@v1=0.142 incongruent@v2=0.104
v1 t5 L34 s2 train=0.367 neutral=0.169 incongruent@v1=0.147 incongruent@v2=0.101
v1 t6 L0 s0 train=0.171 neutral=0.110 incongruent@v1=0.110 incongruent@v2=0.074
v1 t6 L0 s1 train=0.171 neutral=0.110 incongruent@v1=0.110 incongruent@v2=0.126
v1 t6 L0 s2 train=0.171 neutral=0.109 incongruent@v1=0.109 incongruent@v2=0.108
v1 t6 L1 s0 train=0.135 neutral=0.102 incongruent@v1=0.102 incongruent@v2=0.092
v1 t6 L1 s1 train=0.104 neutral=0.099 incongruent@v1=0.099 incongruent@v2=0.116
v1 t6 L1 s2 train=0.122 neutral=0.100 incongruent@v1=0.102 incongruent@v2=0.110
v1 t6 L2 s0 train=0.131 neutral=0.104 incongruent@v1=0.104 incongruent@v2=0.087
v1 t6 L2 s1 train=0.108 neutral=0.092 incongruent@v1=0.092 incongruent@v2=0.092
v1 t6 L2 s2 train=0.129 neutral=0.118 incongruent@v1=0.118 incongruent@v2=0.116
v1 t6 L3 s0 train=0.152 neutral=0.108 incongruent@v1=0.105 incongruent@v2=0.106
v1 t6 L3 s1 train=0.099 neutral=0.094 incongruent@v1=0.094 incongruent@v2=0.103
v1 t6 L3 s2 train=0.119 neutral=0.102 incongruent@v1=0.103 incongruent@v2=0.098
v1 t6 L4 s0 train=0.117 neutral=0.097 incongruent@v1=0.097 incongruent@v2=0.107
v1 t6 L4 s1 train=0.106 neutral=0.096 incongruent@v1=0.096 incongruent@v2=0.098
v1 t6 L4 s2 train=0.155 neutral=0.127 incongruent@v1=0.130 incongruent@v2=0.096
v1 t6 L5 s0 train=0.113 neutral=0.105 incongruent@v1=0.105 incongruent@v2=0.120
v1 t6 L5 s1 train=0.167 neutral=0.144 incongruent@v1=0.147 incongruent@v2=0.143
v1 t6 L5 s2 train=0.128 neutral=0.099 incongruent@v1=0.103 incongruent@v2=0.094
v1 t6 L6 s0 train=0.123 neutral=0.111 incongruent@v1=0.113 incongruent@v2=0.115
v1 t6 L6 s1 train=0.088 neutral=0.114 incongruent@v1=0.115 incongruent@v2=0.114
v1 t6 L6 s2 train=0.099 neutral=0.103 incongruent@v1=0.103 incongruent@v2=0.106
v1 t6 L7 s0 train=0.137 neutral=0.120 incongruent@v1=0.122 incongruent@v2=0.109
v1 t6 L7 s1 train=0.139 neutral=0.107 incongruent@v1=0.107 incongruent@v2=0.098
v1 t6 L7 s2 train=0.115 neutral=0.100 incongruent@v1=0.097 incongruent@v2=0.092
v1 t6 L8 s0 train=0.121 neutral=0.099 incongruent@v1=0.100 incongruent@v2=0.092
v1 t6 L8 s1 train=0.120 neutral=0.095 incongruent@v1=0.094 incongruent@v2=0.093
v1 t6 L8 s2 train=0.107 neutral=0.088 incongruent@v1=0.088 incongruent@v2=0.092
v1 t6 L9 s0 train=0.107 neutral=0.093 incongruent@v1=0.093 incongruent@v2=0.093
v1 t6 L9 s1 train=0.114 neutral=0.115 incongruent@v1=0.116 incongruent@v2=0.114
v1 t6 L9 s2 train=0.120 neutral=0.099 incongruent@v1=0.099 incongruent@v2=0.092
v1 t6 L10 s0 train=0.165 neutral=0.139 incongruent@v1=0.136 incongruent@v2=0.110
v1 t6 L10 s1 train=0.108 neutral=0.094 incongruent@v1=0.092 incongruent@v2=0.092
v1 t6 L10 s2 train=0.098 neutral=0.114 incongruent@v1=0.114 incongruent@v2=0.114
v1 t6 L11 s0 train=0.181 neutral=0.141 incongruent@v1=0.136 incongruent@v2=0.143
v1 t6 L11 s1 train=0.132 neutral=0.140 incongruent@v1=0.138 incongruent@v2=0.150
v1 t6 L11 s2 train=0.086 neutral=0.114 incongruent@v1=0.114 incongruent@v2=0.114
v1 t6 L12 s0 train=0.094 neutral=0.094 incongruent@v1=0.094 incongruent@v2=0.094
v1 t6 L12 s1 train=0.094 neutral=0.094 incongruent@v1=0.094 incongruent@v2=0.094
v1 t6 L12 s2 train=0.110 neutral=0.091 incongruent@v1=0.091 incongruent@v2=0.091
v1 t6 L13 s0 train=0.110 neutral=0.091 incongruent@v1=0.091 incongruent@v2=0.091
v1 t6 L13 s1 train=0.107 neutral=0.098 incongruent@v1=0.098 incongruent@v2=0.098
v1 t6 L13 s2 train=0.107 neutral=0.093 incongruent@v1=0.093 incongruent@v2=0.093
v1 t6 L14 s0 train=0.099 neutral=0.109 incongruent@v1=0.109 incongruent@v2=0.109
v1 t6 L14 s1 train=0.095 neutral=0.092 incongruent@v1=0.092 incongruent@v2=0.092
v1 t6 L14 s2 train=0.097 neutral=0.103 incongruent@v1=0.103 incongruent@v2=0.103
v1 t6 L15 s0 train=0.100 neutral=0.099 incongruent@v1=0.102 incongruent@v2=0.103
v1 t6 L15 s1 train=0.107 neutral=0.098 incongruent@v1=0.098 incongruent@v2=0.098
v1 t6 L15 s2 train=0.095 neutral=0.092 incongruent@v1=0.092 incongruent@v2=0.092
v1 t6 L16 s0 train=0.107 neutral=0.098 incongruent@v1=0.098 incongruent@v2=0.098
v1 t6 L16 s1 train=0.110 neutral=0.091 incongruent@v1=0.091 incongruent@v2=0.091
v1 t6 L16 s2 train=0.122 neutral=0.131 incongruent@v1=0.122 incongruent@v2=0.130
v1 t6 L17 s0 train=0.116 neutral=0.104 incongruent@v1=0.100 incongruent@v2=0.096
v1 t6 L17 s1 train=0.153 neutral=0.128 incongruent@v1=0.127 incongruent@v2=0.128
v1 t6 L17 s2 train=0.086 neutral=0.114 incongruent@v1=0.114 incongruent@v2=0.114
v1 t6 L18 s0 train=0.107 neutral=0.093 incongruent@v1=0.093 incongruent@v2=0.093
v1 t6 L18 s1 train=0.099 neutral=0.109 incongruent@v1=0.109 incongruent@v2=0.109
v1 t6 L18 s2 train=0.114 neutral=0.097 incongruent@v1=0.093 incongruent@v2=0.093
v1 t6 L19 s0 train=0.151 neutral=0.159 incongruent@v1=0.159 incongruent@v2=0.159
v1 t6 L19 s1 train=0.095 neutral=0.092 incongruent@v1=0.092 incongruent@v2=0.092
v1 t6 L19 s2 train=0.179 neutral=0.182 incongruent@v1=0.179 incongruent@v2=0.180
v1 t6 L20 s0 train=0.112 neutral=0.096 incongruent@v1=0.092 incongruent@v2=0.092
v1 t6 L20 s1 train=0.108 neutral=0.092 incongruent@v1=0.092 incongruent@v2=0.092
v1 t6 L20 s2 train=0.099 neutral=0.109 incongruent@v1=0.109 incongruent@v2=0.109
v1 t6 L21 s0 train=0.107 neutral=0.093 incongruent@v1=0.093 incongruent@v2=0.093
v1 t6 L21 s1 train=0.107 neutral=0.093 incongruent@v1=0.093 incongruent@v2=0.093
v1 t6 L21 s2 train=0.107 neutral=0.093 incongruent@v1=0.093 incongruent@v2=0.093
v1 t6 L22 s0 train=0.178 neutral=0.177 incongruent@v1=0.184 incongruent@v2=0.165
v1 t6 L22 s1 train=0.179 neutral=0.159 incongruent@v1=0.163 incongruent@v2=0.161
v1 t6 L22 s2 train=0.174 neutral=0.134 incongruent@v1=0.129 incongruent@v2=0.115
v1 t6 L23 s0 train=0.173 neutral=0.140 incongruent@v1=0.144 incongruent@v2=0.141
v1 t6 L23 s1 train=0.123 neutral=0.122 incongruent@v1=0.122 incongruent@v2=0.135
v1 t6 L23 s2 train=0.164 neutral=0.130 incongruent@v1=0.133 incongruent@v2=0.145
v1 t6 L24 s0 train=0.188 neutral=0.162 incongruent@v1=0.167 incongruent@v2=0.118
v1 t6 L24 s1 train=0.115 neutral=0.111 incongruent@v1=0.114 incongruent@v2=0.105
v1 t6 L24 s2 train=0.140 neutral=0.135 incongruent@v1=0.132 incongruent@v2=0.111
v1 t6 L25 s0 train=0.157 neutral=0.123 incongruent@v1=0.117 incongruent@v2=0.127
v1 t6 L25 s1 train=0.107 neutral=0.098 incongruent@v1=0.098 incongruent@v2=0.098
v1 t6 L25 s2 train=0.104 neutral=0.094 incongruent@v1=0.096 incongruent@v2=0.092
v1 t6 L26 s0 train=0.150 neutral=0.131 incongruent@v1=0.136 incongruent@v2=0.104
v1 t6 L26 s1 train=0.108 neutral=0.098 incongruent@v1=0.099 incongruent@v2=0.098
v1 t6 L26 s2 train=0.107 neutral=0.098 incongruent@v1=0.098 incongruent@v2=0.098
v1 t6 L27 s0 train=0.159 neutral=0.120 incongruent@v1=0.116 incongruent@v2=0.101
v1 t6 L27 s1 train=0.133 neutral=0.104 incongruent@v1=0.102 incongruent@v2=0.109
v1 t6 L27 s2 train=0.125 neutral=0.094 incongruent@v1=0.093 incongruent@v2=0.091
v1 t6 L28 s0 train=0.102 neutral=0.111 incongruent@v1=0.111 incongruent@v2=0.109
v1 t6 L28 s1 train=0.133 neutral=0.131 incongruent@v1=0.140 incongruent@v2=0.135
v1 t6 L28 s2 train=0.157 neutral=0.175 incongruent@v1=0.173 incongruent@v2=0.180
v1 t6 L29 s0 train=0.135 neutral=0.111 incongruent@v1=0.117 incongruent@v2=0.101
v1 t6 L29 s1 train=0.145 neutral=0.095 incongruent@v1=0.102 incongruent@v2=0.092
v1 t6 L29 s2 train=0.110 neutral=0.091 incongruent@v1=0.091 incongruent@v2=0.091
v1 t6 L30 s0 train=0.110 neutral=0.098 incongruent@v1=0.098 incongruent@v2=0.098
v1 t6 L30 s1 train=0.153 neutral=0.104 incongruent@v1=0.118 incongruent@v2=0.092
v1 t6 L30 s2 train=0.153 neutral=0.164 incongruent@v1=0.167 incongruent@v2=0.156
v1 t6 L31 s0 train=0.142 neutral=0.143 incongruent@v1=0.137 incongruent@v2=0.133
v1 t6 L31 s1 train=0.108 neutral=0.106 incongruent@v1=0.110 incongruent@v2=0.103
v1 t6 L31 s2 train=0.103 neutral=0.105 incongruent@v1=0.106 incongruent@v2=0.103
v1 t6 L32 s0 train=0.151 neutral=0.110 incongruent@v1=0.110 incongruent@v2=0.127
v1 t6 L32 s1 train=0.099 neutral=0.104 incongruent@v1=0.104 incongruent@v2=0.103
v1 t6 L32 s2 train=0.120 neutral=0.100 incongruent@v1=0.105 incongruent@v2=0.086
v1 t6 L33 s0 train=0.195 neutral=0.147 incongruent@v1=0.157 incongruent@v2=0.152
v1 t6 L33 s1 train=0.187 neutral=0.146 incongruent@v1=0.156 incongruent@v2=0.117
v1 t6 L33 s2 train=0.164 neutral=0.143 incongruent@v1=0.145 incongruent@v2=0.148
v1 t6 L34 s0 train=0.337 neutral=0.169 incongruent@v1=0.146 incongruent@v2=0.113
v1 t6 L34 s1 train=0.328 neutral=0.159 incongruent@v1=0.141 incongruent@v2=0.123
v1 t6 L34 s2 train=0.328 neutral=0.160 incongruent@v1=0.140 incongruent@v2=0.132
v1 t7 L0 s0 train=0.110 neutral=0.091 incongruent@v1=0.091 incongruent@v2=0.091
v1 t7 L0 s1 train=0.110 neutral=0.091 incongruent@v1=0.091 incongruent@v2=0.091
v1 t7 L0 s2 train=0.110 neutral=0.091 incongruent@v1=0.091 incongruent@v2=0.091
v1 t7 L1 s0 train=0.110 neutral=0.091 incongruent@v1=0.091 incongruent@v2=0.091
v1 t7 L1 s1 train=0.098 neutral=0.114 incongruent@v1=0.114 incongruent@v2=0.114
v1 t7 L1 s2 train=0.107 neutral=0.093 incongruent@v1=0.093 incongruent@v2=0.093
v1 t7 L2 s0 train=0.151 neutral=0.119 incongruent@v1=0.124 incongruent@v2=0.099
v1 t7 L2 s1 train=0.108 neutral=0.092 incongruent@v1=0.092 incongruent@v2=0.092
v1 t7 L2 s2 train=0.143 neutral=0.127 incongruent@v1=0.124 incongruent@v2=0.124
v1 t7 L3 s0 train=0.107 neutral=0.098 incongruent@v1=0.098 incongruent@v2=0.098
v1 t7 L3 s1 train=0.100 neutral=0.112 incongruent@v1=0.115 incongruent@v2=0.114
v1 t7 L3 s2 train=0.094 neutral=0.094 incongruent@v1=0.094 incongruent@v2=0.094
v1 t7 L4 s0 train=0.100 neutral=0.109 incongruent@v1=0.109 incongruent@v2=0.109
v1 t7 L4 s1 train=0.117 neutral=0.110 incongruent@v1=0.114 incongruent@v2=0.124
v1 t7 L4 s2 train=0.110 neutral=0.091 incongruent@v1=0.091 incongruent@v2=0.091
v1 t7 L5 s0 train=0.108 neutral=0.098 incongruent@v1=0.098 incongruent@v2=0.098
v1 t7 L5 s1 train=0.100 neutral=0.092 incongruent@v1=0.092 incongruent@v2=0.092
v1 t7 L5 s2 train=0.121 neutral=0.096 incongruent@v1=0.099 incongruent@v2=0.092
v1 t7 L6 s0 train=0.098 neutral=0.114 incongruent@v1=0.114 incongruent@v2=0.114
v1 t7 L6 s1 train=0.134 neutral=0.111 incongruent@v1=0.103 incongruent@v2=0.092
v1 t7 L6 s2 train=0.133 neutral=0.138 incongruent@v1=0.125 incongruent@v2=0.114
v1 t7 L7 s0 train=0.095 neutral=0.092 incongruent@v1=0.092 incongruent@v2=0.092
v1 t7 L7 s1 train=0.110 neutral=0.091 incongruent@v1=0.091 incongruent@v2=0.091
v1 t7 L7 s2 train=0.120 neutral=0.103 incongruent@v1=0.097 incongruent@v2=0.094
v1 t7 L8 s0 train=0.095 neutral=0.092 incongruent@v1=0.092 incongruent@v2=0.092
v1 t7 L8 s1 train=0.097 neutral=0.094 incongruent@v1=0.093 incongruent@v2=0.114
v1 t7 L8 s2 train=0.113 neutral=0.121 incongruent@v1=0.115 incongruent@v2=0.118
v1 t7 L9 s0 train=0.139 neutral=0.125 incongruent@v1=0.127 incongruent@v2=0.104
v1 t7 L9 s1 train=0.126 neutral=0.109 incongruent@v1=0.106 incongruent@v2=0.098
v1 t7 L9 s2 train=0.086 neutral=0.114 incongruent@v1=0.114 incongruent@v2=0.114
v1 t7 L10 s0 train=0.107 neutral=0.098 incongruent@v1=0.098 incongruent@v2=0.098
v1 t7 L10 s1 train=0.095 neutral=0.092 incongruent@v1=0.092 incongruent@v2=0.092
v1 t7 L10 s2 train=0.107 neutral=0.098 incongruent@v1=0.098 incongruent@v2=0.098
v1 t7 L11 s0 train=0.107 neutral=0.093 incongruent@v1=0.093 incongruent@v2=0.093
v1 t7 L11 s1 train=0.110 neutral=0.091 incongruent@v1=0.091 incongruent@v2=0.091
v1 t7 L11 s2 train=0.152 neutral=0.137 incongruent@v1=0.132 incongruent@v2=0.141
v1 t7 L12 s0 train=0.103 neutral=0.097 incongruent@v1=0.099 incongruent@v2=0.091
v1 t7 L12 s1 train=0.110 neutral=0.091 incongruent@v1=0.091 incongruent@v2=0.091
v1 t7 L12 s2 train=0.097 neutral=0.103 incongruent@v1=0.103 incongruent@v2=0.103
v1 t7 L13 s0 train=0.094 neutral=0.094 incongruent@v1=0.094 incongruent@v2=0.094
v1 t7 L13 s1 train=0.123 neutral=0.135 incongruent@v1=0.123 incongruent@v2=0.110
v1 t7 L13 s2 train=0.095 neutral=0.092 incongruent@v1=0.092 incongruent@v2=0.092
v1 t7 L14 s0 train=0.110 neutral=0.091 incongruent@v1=0.091 incongruent@v2=0.091
v1 t7 L14 s1 train=0.107 neutral=0.098 incongruent@v1=0.098 incongruent@v2=0.098
v1 t7 L14 s2 train=0.086 neutral=0.114 incongruent@v1=0.114 incongruent@v2=0.114
v1 t7 L15 s0 train=0.099 neutral=0.109 incongruent@v1=0.109 incongruent@v2=0.109
v1 t7 L15 s1 train=0.174 neutral=0.146 incongruent@v1=0.145 incongruent@v2=0.146
v1 t7 L15 s2 train=0.110 neutral=0.098 incongruent@v1=0.098 incongruent@v2=0.098
v1 t7 L16 s0 train=0.161 neutral=0.133 incongruent@v1=0.160 incongruent@v2=0.102
v1 t7 L16 s1 train=0.133 neutral=0.119 incongruent@v1=0.130 incongruent@v2=0.113
v1 t7 L16 s2 train=0.086 neutral=0.114 incongruent@v1=0.114 incongruent@v2=0.114
v1 t7 L17 s0 train=0.155 neutral=0.152 incongruent@v1=0.154 incongruent@v2=0.152
v1 t7 L17 s1 train=0.096 neutral=0.094 incongruent@v1=0.098 incongruent@v2=0.094
v1 t7 L17 s2 train=0.098 neutral=0.114 incongruent@v1=0.114 incongruent@v2=0.114
v1 t7 L18 s0 train=0.117 neutral=0.135 incongruent@v1=0.126 incongruent@v2=0.131
v1 t7 L18 s1 train=0.162 neutral=0.169 incongruent@v1=0.169 incongruent@v2=0.169
v1 t7 L18 s2 train=0.107 neutral=0.093 incongruent@v1=0.093 incongruent@v2=0.093
v1 t7 L19 s0 train=0.131 neutral=0.094 incongruent@v1=0.089 incongruent@v2=0.091
v1 t7 L19 s1 train=0.154 neutral=0.176 incongruent@v1=0.171 incongruent@v2=0.162
v1 t7 L19 s2 train=0.154 neutral=0.151 incongruent@v1=0.152 incongruent@v2=0.152
v1 t7 L20 s0 train=0.106 neutral=0.130 incongruent@v1=0.154 incongruent@v2=0.120
v1 t7 L20 s1 train=0.121 neutral=0.102 incongruent@v1=0.094 incongruent@v2=0.097
v1 t7 L20 s2 train=0.094 neutral=0.094 incongruent@v1=0.094 incongruent@v2=0.094
v1 t7 L21 s0 train=0.159 neutral=0.156 incongruent@v1=0.152 incongruent@v2=0.151
v1 t7 L21 s1 train=0.131 neutral=0.124 incongruent@v1=0.142 incongruent@v2=0.116
v1 t7 L21 s2 train=0.095 neutral=0.092 incongruent@v1=0.092 incongruent@v2=0.092
v1 t7 L22 s0 train=0.124 neutral=0.113 incongruent@v1=0.129 incongruent@v2=0.125
v1 t7 L22 s1 train=0.134 neutral=0.129 incongruent@v1=0.129 incongruent@v2=0.128
v1 t7 L22 s2 train=0.097 neutral=0.103 incongruent@v1=0.103 incongruent@v2=0.103
v1 t7 L23 s0 train=0.095 neutral=0.092 incongruent@v1=0.092 incongruent@v2=0.092
v1 t7 L23 s1 train=0.130 neutral=0.124 incongruent@v1=0.146 incongruent@v2=0.119
v1 t7 L23 s2 train=0.110 neutral=0.091 incongruent@v1=0.091 incongruent@v2=0.091
v1 t7 L24 s0 train=0.138 neutral=0.125 incongruent@v1=0.126 incongruent@v2=0.119
v1 t7 L24 s1 train=0.131 neutral=0.113 incongruent@v1=0.113 incongruent@v2=0.104
v1 t7 L24 s2 train=0.122 neutral=0.114 incongruent@v1=0.118 incongruent@v2=0.109
v1 t7 L25 s0 train=0.148 neutral=0.140 incongruent@v1=0.130 incongruent@v2=0.122
v1 t7 L25 s1 train=0.117 neutral=0.096 incongruent@v1=0.096 incongruent@v2=0.094
v1 t7 L25 s2 train=0.160 neutral=0.152 incongruent@v1=0.162 incongruent@v2=0.148
v1 t7 L26 s0 train=0.102 neutral=0.106 incongruent@v1=0.106 incongruent@v2=0.099
v1 t7 L26 s1 train=0.110 neutral=0.091 incongruent@v1=0.091 incongruent@v2=0.091
v1 t7 L26 s2 train=0.158 neutral=0.171 incongruent@v1=0.168 incongruent@v2=0.158
v1 t7 L27 s0 train=0.108 neutral=0.092 incongruent@v1=0.092 incongruent@v2=0.092
v1 t7 L27 s1 train=0.141 neutral=0.112 incongruent@v1=0.109 incongruent@v2=0.105
v1 t7 L27 s2 train=0.096 neutral=0.094 incongruent@v1=0.100 incongruent@v2=0.094
v1 t7 L28 s0 train=0.140 neutral=0.105 incongruent@v1=0.105 incongruent@v2=0.101
v1 t7 L28 s1 train=0.129 neutral=0.149 incongruent@v1=0.141 incongruent@v2=0.124
v1 t7 L28 s2 train=0.140 neutral=0.122 incongruent@v1=0.118 incongruent@v2=0.117
v1 t7 L29 s0 train=0.147 neutral=0.112 incongruent@v1=0.102 incongruent@v2=0.102
v1 t7 L29 s1 train=0.175 neutral=0.162 incongruent@v1=0.152 incongruent@v2=0.160
v1 t7 L29 s2 train=0.160 neutral=0.126 incongruent@v1=0.141 incongruent@v2=0.159
v1 t7 L30 s0 train=0.137 neutral=0.114 incongruent@v1=0.121 incongruent@v2=0.129
v1 t7 L30 s1 train=0.140 neutral=0.136 incongruent@v1=0.133 incongruent@v2=0.140
v1 t7 L30 s2 train=0.160 neutral=0.135 incongruent@v1=0.126 incongruent@v2=0.116
v1 t7 L31 s0 train=0.170 neutral=0.149 incongruent@v1=0.156 incongruent@v2=0.144
v1 t7 L31 s1 train=0.115 neutral=0.101 incongruent@v1=0.103 incongruent@v2=0.094
v1 t7 L31 s2 train=0.172 neutral=0.121 incongruent@v1=0.128 incongruent@v2=0.117
v1 t7 L32 s0 train=0.108 neutral=0.092 incongruent@v1=0.092 incongruent@v2=0.092
v1 t7 L32 s1 train=0.108 neutral=0.092 incongruent@v1=0.092 incongruent@v2=0.092
v1 t7 L32 s2 train=0.108 neutral=0.092 incongruent@v1=0.092 incongruent@v2=0.092
v1 t7 L33 s0 train=0.108 neutral=0.092 incongruent@v1=0.092 incongruent@v2=0.092
v1 t7 L33 s1 train=0.108 neutral=0.092 incongruent@v1=0.092 incongruent@v2=0.092
v1 t7 L33 s2 train=0.108 neutral=0.092 incongruent@v1=0.092 incongruent@v2=0.092
v1 t7 L34 s0 train=0.312 neutral=0.143 incongruent@v1=0.156 incongruent@v2=0.145
v1 t7 L34 s1 train=0.311 neutral=0.136 incongruent@v1=0.148 incongruent@v2=0.122
v1 t7 L34 s2 train=0.305 neutral=0.151 incongruent@v1=0.161 incongruent@v2=0.139
v1 t8 L0 s0 train=0.132 neutral=0.090 incongruent@v1=0.090 incongruent@v2=0.090
v1 t8 L0 s1 train=0.132 neutral=0.090 incongruent@v1=0.090 incongruent@v2=0.090
v1 t8 L0 s2 train=0.132 neutral=0.090 incongruent@v1=0.090 incongruent@v2=0.090
v1 t8 L1 s0 train=0.111 neutral=0.101 incongruent@v1=0.101 incongruent@v2=0.105
v1 t8 L1 s1 train=0.107 neutral=0.098 incongruent@v1=0.098 incongruent@v2=0.098
v1 t8 L1 s2 train=0.104 neutral=0.098 incongruent@v1=0.095 incongruent@v2=0.102
v1 t8 L2 s0 train=0.107 neutral=0.093 incongruent@v1=0.093 incongruent@v2=0.093
v1 t8 L2 s1 train=0.097 neutral=0.103 incongruent@v1=0.103 incongruent@v2=0.103
v1 t8 L2 s2 train=0.107 neutral=0.093 incongruent@v1=0.093 incongruent@v2=0.093
v1 t8 L3 s0 train=0.094 neutral=0.094 incongruent@v1=0.094 incongruent@v2=0.094
v1 t8 L3 s1 train=0.132 neutral=0.089 incongruent@v1=0.089 incongruent@v2=0.097
v1 t8 L3 s2 train=0.102 neutral=0.112 incongruent@v1=0.112 incongruent@v2=0.108
v1 t8 L4 s0 train=0.114 neutral=0.082 incongruent@v1=0.087 incongruent@v2=0.091
v1 t8 L4 s1 train=0.159 neutral=0.135 incongruent@v1=0.137 incongruent@v2=0.118
v1 t8 L4 s2 train=0.110 neutral=0.108 incongruent@v1=0.107 incongruent@v2=0.105
v1 t8 L5 s0 train=0.149 neutral=0.100 incongruent@v1=0.099 incongruent@v2=0.096
v1 t8 L5 s1 train=0.126 neutral=0.082 incongruent@v1=0.080 incongruent@v2=0.084
v1 t8 L5 s2 train=0.121 neutral=0.100 incongruent@v1=0.103 incongruent@v2=0.088
v1 t8 L6 s0 train=0.120 neutral=0.092 incongruent@v1=0.092 incongruent@v2=0.086
v1 t8 L6 s1 train=0.108 neutral=0.092 incongruent@v1=0.092 incongruent@v2=0.092
v1 t8 L6 s2 train=0.098 neutral=0.114 incongruent@v1=0.114 incongruent@v2=0.114
v1 t8 L7 s0 train=0.124 neutral=0.088 incongruent@v1=0.092 incongruent@v2=0.092
v1 t8 L7 s1 train=0.142 neutral=0.100 incongruent@v1=0.101 incongruent@v2=0.099
v1 t8 L7 s2 train=0.133 neutral=0.079 incongruent@v1=0.086 incongruent@v2=0.077
v1 t8 L8 s0 train=0.106 neutral=0.104 incongruent@v1=0.110 incongruent@v2=0.102
v1 t8 L8 s1 train=0.101 neutral=0.106 incongruent@v1=0.106 incongruent@v2=0.113
v1 t8 L8 s2 train=0.116 neutral=0.090 incongruent@v1=0.091 incongruent@v2=0.090
v1 t8 L9 s0 train=0.102 neutral=0.093 incongruent@v1=0.096 incongruent@v2=0.099
v1 t8 L9 s1 train=0.095 neutral=0.092 incongruent@v1=0.092 incongruent@v2=0.092
v1 t8 L9 s2 train=0.120 neutral=0.123 incongruent@v1=0.126 incongruent@v2=0.124
v1 t8 L10 s0 train=0.115 neutral=0.092 incongruent@v1=0.098 incongruent@v2=0.104
v1 t8 L10 s1 train=0.139 neutral=0.086 incongruent@v1=0.086 incongruent@v2=0.088
v1 t8 L10 s2 train=0.108 neutral=0.093 incongruent@v1=0.092 incongruent@v2=0.092
v1 t8 L11 s0 train=0.110 neutral=0.091 incongruent@v1=0.091 incongruent@v2=0.091
v1 t8 L11 s1 train=0.108 neutral=0.092 incongruent@v1=0.092 incongruent@v2=0.092
v1 t8 L11 s2 train=0.107 neutral=0.098 incongruent@v1=0.098 incongruent@v2=0.098
v1 t8 L12 s0 train=0.107 neutral=0.093 incongruent@v1=0.093 incongruent@v2=0.093
v1 t8 L12 s1 train=0.097 neutral=0.103 incongruent@v1=0.103 incongruent@v2=0.103
v1 t8 L12 s2 train=0.114 neutral=0.100 incongruent@v1=0.097 incongruent@v2=0.094
v1 t8 L13 s0 train=0.107 neutral=0.093 incongruent@v1=0.093 incongruent@v2=0.093
v1 t8 L13 s1 train=0.103 neutral=0.093 incongruent@v1=0.095 incongruent@v2=0.095
v1 t8 L13 s2 train=0.086 neutral=0.114 incongruent@v1=0.114 incongruent@v2=0.114
v1 t8 L14 s0 train=0.105 neutral=0.103 incongruent@v1=0.104 incongruent@v2=0.106
v1 t8 L14 s1 train=0.097 neutral=0.103 incongruent@v1=0.103 incongruent@v2=0.103
v1 t8 L14 s2 train=0.110 neutral=0.091 incongruent@v1=0.091 incongruent@v2=0.091
v1 t8 L15 s0 train=0.107 neutral=0.098 incongruent@v1=0.098 incongruent@v2=0.098
v1 t8 L15 s1 train=0.098 neutral=0.114 incongruent@v1=0.114 incongruent@v2=0.114
v1 t8 L15 s2 train=0.095 neutral=0.092 incongruent@v1=0.092 incongruent@v2=0.092
v1 t8 L16 s0 train=0.107 neutral=0.093 incongruent@v1=0.093 incongruent@v2=0.093
v1 t8 L16 s1 train=0.099 neutral=0.109 incongruent@v1=0.109 incongruent@v2=0.109
v1 t8 L16 s2 train=0.108 neutral=0.106 incongruent@v1=0.104 incongruent@v2=0.104
v1 t8 L17 s0 train=0.156 neutral=0.172 incongruent@v1=0.171 incongruent@v2=0.166
v1 t8 L17 s1 train=0.132 neutral=0.119 incongruent@v1=0.123 incongruent@v2=0.105
v1 t8 L17 s2 train=0.110 neutral=0.091 incongruent@v1=0.091 incongruent@v2=0.091
v1 t8 L18 s0 train=0.177 neutral=0.177 incongruent@v1=0.175 incongruent@v2=0.173
v1 t8 L18 s1 train=0.098 neutral=0.114 incongruent@v1=0.114 incongruent@v2=0.114
v1 t8 L18 s2 train=0.122 neutral=0.083 incongruent@v1=0.088 incongruent@v2=0.088
v1 t8 L19 s0 train=0.099 neutral=0.109 incongruent@v1=0.109 incongruent@v2=0.109
v1 t8 L19 s1 train=0.112 neutral=0.096 incongruent@v1=0.093 incongruent@v2=0.092
v1 t8 L19 s2 train=0.163 neutral=0.182 incongruent@v1=0.185 incongruent@v2=0.182
v1 t8 L20 s0 train=0.097 neutral=0.103 incongruent@v1=0.103 incongruent@v2=0.103
v1 t8 L20 s1 train=0.124 neutral=0.102 incongruent@v1=0.098 incongruent@v2=0.097
v1 t8 L20 s2 train=0.122 neutral=0.104 incongruent@v1=0.105 incongruent@v2=0.102
v1 t8 L21 s0 train=0.188 neutral=0.144 incongruent@v1=0.145 incongruent@v2=0.145
v1 t8 L21 s1 train=0.143 neutral=0.163 incongruent@v1=0.150 incongruent@v2=0.143
v1 t8 L21 s2 train=0.122 neutral=0.088 incongruent@v1=0.091 incongruent@v2=0.090
v1 t8 L22 s0 train=0.146 neutral=0.142 incongruent@v1=0.142 incongruent@v2=0.144
v1 t8 L22 s1 train=0.126 neutral=0.084 incongruent@v1=0.093 incongruent@v2=0.102
v1 t8 L22 s2 train=0.124 neutral=0.124 incongruent@v1=0.136 incongruent@v2=0.107
v1 t8 L23 s0 train=0.095 neutral=0.092 incongruent@v1=0.092 incongruent@v2=0.092
v1 t8 L23 s1 train=0.150 neutral=0.148 incongruent@v1=0.139 incongruent@v2=0.140
v1 t8 L23 s2 train=0.110 neutral=0.091 incongruent@v1=0.092 incongruent@v2=0.091
v1 t8 L24 s0 train=0.111 neutral=0.092 incongruent@v1=0.092 incongruent@v2=0.091
v1 t8 L24 s1 train=0.123 neutral=0.102 incongruent@v1=0.099 incongruent@v2=0.097
v1 t8 L24 s2 train=0.097 neutral=0.103 incongruent@v1=0.103 incongruent@v2=0.103
v1 t8 L25 s0 train=0.139 neutral=0.152 incongruent@v1=0.161 incongruent@v2=0.147
v1 t8 L25 s1 train=0.152 neutral=0.126 incongruent@v1=0.138 incongruent@v2=0.102
v1 t8 L25 s2 train=0.125 neutral=0.103 incongruent@v1=0.104 incongruent@v2=0.095
v1 t8 L26 s0 train=0.129 neutral=0.101 incongruent@v1=0.113 incongruent@v2=0.097
v1 t8 L26 s1 train=0.110 neutral=0.091 incongruent@v1=0.092 incongruent@v2=0.091
v1 t8 L26 s2 train=0.176 neutral=0.137 incongruent@v1=0.129 incongruent@v2=0.139
v1 t8 L27 s0 train=0.206 neutral=0.164 incongruent@v1=0.164 incongruent@v2=0.150
v1 t8 L27 s1 train=0.177 neutral=0.137 incongruent@v1=0.135 incongruent@v2=0.142
v1 t8 L27 s2 train=0.170 neutral=0.115 incongruent@v1=0.114 incongruent@v2=0.114
v1 t8 L28 s0 train=0.209 neutral=0.100 incongruent@v1=0.100 incongruent@v2=0.107
v1 t8 L28 s1 train=0.174 neutral=0.141 incongruent@v1=0.131 incongruent@v2=0.140
v1 t8 L28 s2 train=0.133 neutral=0.131 incongruent@v1=0.136 incongruent@v2=0.116
v1 t8 L29 s0 train=0.122 neutral=0.104 incongruent@v1=0.096 incongruent@v2=0.101
v1 t8 L29 s1 train=0.161 neutral=0.120 incongruent@v1=0.125 incongruent@v2=0.119
v1 t8 L29 s2 train=0.102 neutral=0.092 incongruent@v1=0.091 incongruent@v2=0.087
v1 t8 L30 s0 train=0.097 neutral=0.104 incongruent@v1=0.106 incongruent@v2=0.104
v1 t8 L30 s1 train=0.148 neutral=0.163 incongruent@v1=0.170 incongruent@v2=0.162
v1 t8 L30 s2 train=0.156 neutral=0.113 incongruent@v1=0.125 incongruent@v2=0.115
v1 t8 L31 s0 train=0.152 neutral=0.111 incongruent@v1=0.116 incongruent@v2=0.119
v1 t8 L31 s1 train=0.116 neutral=0.104 incongruent@v1=0.111 incongruent@v2=0.095
v1 t8 L31 s2 train=0.119 neutral=0.094 incongruent@v1=0.099 incongruent@v2=0.091
v1 t8 L32 s0 train=0.099 neutral=0.109 incongruent@v1=0.109 incongruent@v2=0.109
v1 t8 L32 s1 train=0.113 neutral=0.105 incongruent@v1=0.116 incongruent@v2=0.107
v1 t8 L32 s2 train=0.177 neutral=0.138 incongruent@v1=0.141 incongruent@v2=0.142
v1 t8 L33 s0 train=0.108 neutral=0.092 incongruent@v1=0.092 incongruent@v2=0.092
v1 t8 L33 s1 train=0.108 neutral=0.092 incongruent@v1=0.092 incongruent@v2=0.092
v1 t8 L33 s2 train=0.108 neutral=0.092 incongruent@v1=0.092 incongruent@v2=0.092
v1 t8 L34 s0 train=0.374 neutral=0.106 incongruent@v1=0.118 incongruent@v2=0.127
v1 t8 L34 s1 train=0.371 neutral=0.105 incongruent@v1=0.124 incongruent@v2=0.126
v1 t8 L34 s2 train=0.366 neutral=0.103 incongruent@v1=0.110 incongruent@v2=0.110
v1 t9 L0 s0 train=0.123 neutral=0.112 incongruent@v1=0.112 incongruent@v2=0.112
v1 t9 L0 s1 train=0.123 neutral=0.112 incongruent@v1=0.112 incongruent@v2=0.112
v1 t9 L0 s2 train=0.123 neutral=0.112 incongruent@v1=0.112 incongruent@v2=0.112
v1 t9 L1 s0 train=0.099 neutral=0.115 incongruent@v1=0.117 incongruent@v2=0.115
v1 t9 L1 s1 train=0.137 neutral=0.122 incongruent@v1=0.123 incongruent@v2=0.135
v1 t9 L1 s2 train=0.100 neutral=0.109 incongruent@v1=0.109 incongruent@v2=0.110
v1 t9 L2 s0 train=0.132 neutral=0.133 incongruent@v1=0.133 incongruent@v2=0.143
v1 t9 L2 s1 train=0.129 neutral=0.140 incongruent@v1=0.141 incongruent@v2=0.132
v1 t9 L2 s2 train=0.104 neutral=0.114 incongruent@v1=0.112 incongruent@v2=0.114
v1 t9 L3 s0 train=0.113 neutral=0.127 incongruent@v1=0.130 incongruent@v2=0.113
v1 t9 L3 s1 train=0.119 neutral=0.138 incongruent@v1=0.136 incongruent@v2=0.138
v1 t9 L3 s2 train=0.088 neutral=0.112 incongruent@v1=0.111 incongruent@v2=0.114
v1 t9 L4 s0 train=0.101 neutral=0.109 incongruent@v1=0.109 incongruent@v2=0.109
v1 t9 L4 s1 train=0.140 neutral=0.138 incongruent@v1=0.141 incongruent@v2=0.142
v1 t9 L4 s2 train=0.097 neutral=0.103 incongruent@v1=0.103 incongruent@v2=0.103
v1 t9 L5 s0 train=0.097 neutral=0.104 incongruent@v1=0.104 incongruent@v2=0.106
v1 t9 L5 s1 train=0.107 neutral=0.098 incongruent@v1=0.098 incongruent@v2=0.098
v1 t9 L5 s2 train=0.095 neutral=0.091 incongruent@v1=0.091 incongruent@v2=0.092
v1 t9 L6 s0 train=0.140 neutral=0.130 incongruent@v1=0.130 incongruent@v2=0.127
v1 t9 L6 s1 train=0.086 neutral=0.114 incongruent@v1=0.114 incongruent@v2=0.114
v1 t9 L6 s2 train=0.129 neutral=0.127 incongruent@v1=0.124 incongruent@v2=0.115
v1 t9 L7 s0 train=0.147 neutral=0.111 incongruent@v1=0.113 incongruent@v2=0.106
v1 t9 L7 s1 train=0.125 neutral=0.127 incongruent@v1=0.122 incongruent@v2=0.114
v1 t9 L7 s2 train=0.142 neutral=0.155 incongruent@v1=0.149 incongruent@v2=0.130
v1 t9 L8 s0 train=0.098 neutral=0.114 incongruent@v1=0.114 incongruent@v2=0.114
v1 t9 L8 s1 train=0.117 neutral=0.135 incongruent@v1=0.139 incongruent@v2=0.119
v1 t9 L8 s2 train=0.098 neutral=0.114 incongruent@v1=0.114 incongruent@v2=0.114
v1 t9 L9 s0 train=0.143 neutral=0.131 incongruent@v1=0.122 incongruent@v2=0.119
v1 t9 L9 s1 train=0.115 neutral=0.099 incongruent@v1=0.101 incongruent@v2=0.099
v1 t9 L9 s2 train=0.097 neutral=0.103 incongruent@v1=0.103 incongruent@v2=0.103
v1 t9 L10 s0 train=0.107 neutral=0.093 incongruent@v1=0.093 incongruent@v2=0.093
v1 t9 L10 s1 train=0.107 neutral=0.093 incongruent@v1=0.093 incongruent@v2=0.093
v1 t9 L10 s2 train=0.110 neutral=0.091 incongruent@v1=0.091 incongruent@v2=0.091
v1 t9 L11 s0 train=0.100 neutral=0.117 incongruent@v1=0.117 incongruent@v2=0.114
v1 t9 L11 s1 train=0.156 neutral=0.190 incongruent@v1=0.189 incongruent@v2=0.180
v1 t9 L11 s2 train=0.107 neutral=0.093 incongruent@v1=0.093 incongruent@v2=0.093
v1 t9 L12 s0 train=0.108 neutral=0.092 incongruent@v1=0.092 incongruent@v2=0.092
v1 t9 L12 s1 train=0.131 neutral=0.134 incongruent@v1=0.135 incongruent@v2=0.131
v1 t9 L12 s2 train=0.095 neutral=0.092 incongruent@v1=0.092 incongruent@v2=0.092
v1 t9 L13 s0 train=0.097 neutral=0.103 incongruent@v1=0.103 incongruent@v2=0.103
v1 t9 L13 s1 train=0.107 neutral=0.098 incongruent@v1=0.098 incongruent@v2=0.098
v1 t9 L13 s2 train=0.110 neutral=0.091 incongruent@v1=0.091 incongruent@v2=0.091
v1 t9 L14 s0 train=0.114 neutral=0.105 incongruent@v1=0.103 incongruent@v2=0.098
v1 t9 L14 s1 train=0.126 neutral=0.140 incongruent@v1=0.128 incongruent@v2=0.098
v1 t9 L14 s2 train=0.123 neutral=0.105 incongruent@v1=0.100 incongruent@v2=0.095
v1 t9 L15 s0 train=0.094 neutral=0.094 incongruent@v1=0.094 incongruent@v2=0.094
v1 t9 L15 s1 train=0.107 neutral=0.093 incongruent@v1=0.093 incongruent@v2=0.093
v1 t9 L15 s2 train=0.145 neutral=0.124 incongruent@v1=0.128 incongruent@v2=0.123
v1 t9 L16 s0 train=0.108 neutral=0.092 incongruent@v1=0.092 incongruent@v2=0.092
v1 t9 L16 s1 train=0.108 neutral=0.092 incongruent@v1=0.092 incongruent@v2=0.092
v1 t9 L16 s2 train=0.094 neutral=0.094 incongruent@v1=0.094 incongruent@v2=0.094
v1 t9 L17 s0 train=0.107 neutral=0.093 incongruent@v1=0.093 incongruent@v2=0.093
v1 t9 L17 s1 train=0.155 neutral=0.155 incongruent@v1=0.153 incongruent@v2=0.134
v1 t9 L17 s2 train=0.131 neutral=0.123 incongruent@v1=0.127 incongruent@v2=0.137
v1 t9 L18 s0 train=0.098 neutral=0.114 incongruent@v1=0.114 incongruent@v2=0.114
v1 t9 L18 s1 train=0.138 neutral=0.136 incongruent@v1=0.139 incongruent@v2=0.122
v1 t9 L18 s2 train=0.139 neutral=0.085 incongruent@v1=0.090 incongruent@v2=0.103
v1 t9 L19 s0 train=0.185 neutral=0.170 incongruent@v1=0.157 incongruent@v2=0.160
v1 t9 L19 s1 train=0.097 neutral=0.092 incongruent@v1=0.092 incongruent@v2=0.092
v1 t9 L19 s2 train=0.180 neutral=0.160 incongruent@v1=0.160 incongruent@v2=0.154
v1 t9 L20 s0 train=0.094 neutral=0.094 incongruent@v1=0.094 incongruent@v2=0.094
v1 t9 L20 s1 train=0.110 neutral=0.091 incongruent@v1=0.091 incongruent@v2=0.091
v1 t9 L20 s2 train=0.146 neutral=0.124 incongruent@v1=0.124 incongruent@v2=0.122
v1 t9 L21 s0 train=0.097 neutral=0.103 incongruent@v1=0.103 incongruent@v2=0.103
v1 t9 L21 s1 train=0.137 neutral=0.121 incongruent@v1=0.120 incongruent@v2=0.117
v1 t9 L21 s2 train=0.110 neutral=0.092 incongruent@v1=0.093 incongruent@v2=0.092
v1 t9 L22 s0 train=0.122 neutral=0.093 incongruent@v1=0.098 incongruent@v2=0.093
v1 t9 L22 s1 train=0.204 neutral=0.164 incongruent@v1=0.156 incongruent@v2=0.142
v1 t9 L22 s2 train=0.096 neutral=0.094 incongruent@v1=0.094 incongruent@v2=0.106
v1 t9 L23 s0 train=0.170 neutral=0.130 incongruent@v1=0.133 incongruent@v2=0.128
v1 t9 L23 s1 train=0.116 neutral=0.130 incongruent@v1=0.124 incongruent@v2=0.114
v1 t9 L23 s2 train=0.109 neutral=0.107 incongruent@v1=0.103 incongruent@v2=0.109
v1 t9 L24 s0 train=0.142 neutral=0.123 incongruent@v1=0.121 incongruent@v2=0.124
v1 t9 L24 s1 train=0.101 neutral=0.098 incongruent@v1=0.104 incongruent@v2=0.109
v1 t9 L24 s2 train=0.123 neutral=0.105 incongruent@v1=0.105 incongruent@v2=0.097
v1 t9 L25 s0 train=0.111 neutral=0.100 incongruent@v1=0.101 incongruent@v2=0.100
v1 t9 L25 s1 train=0.108 neutral=0.092 incongruent@v1=0.092 incongruent@v2=0.092
v1 t9 L25 s2 train=0.138 neutral=0.136 incongruent@v1=0.130 incongruent@v2=0.124
v1 t9 L26 s0 train=0.143 neutral=0.148 incongruent@v1=0.143 incongruent@v2=0.125
v1 t9 L26 s1 train=0.165 neutral=0.120 incongruent@v1=0.117 incongruent@v2=0.113
v1 t9 L26 s2 train=0.193 neutral=0.184 incongruent@v1=0.168 incongruent@v2=0.133
v1 t9 L27 s0 train=0.144 neutral=0.119 incongruent@v1=0.110 incongruent@v2=0.104
v1 t9 L27 s1 train=0.146 neutral=0.113 incongruent@v1=0.104 incongruent@v2=0.112
v1 t9 L27 s2 train=0.171 neutral=0.152 incongruent@v1=0.148 incongruent@v2=0.155
v1 t9 L28 s0 train=0.122 neutral=0.077 incongruent@v1=0.082 incongruent@v2=0.078
v1 t9 L28 s1 train=0.134 neutral=0.119 incongruent@v1=0.115 incongruent@v2=0.106
v1 t9 L28 s2 train=0.113 neutral=0.093 incongruent@v1=0.094 incongruent@v2=0.092
v1 t9 L29 s0 train=0.107 neutral=0.123 incongruent@v1=0.114 incongruent@v2=0.114
v1 t9 L29 s1 train=0.163 neutral=0.159 incongruent@v1=0.144 incongruent@v2=0.145
v1 t9 L29 s2 train=0.113 neutral=0.107 incongruent@v1=0.112 incongruent@v2=0.117
v1 t9 L30 s0 train=0.176 neutral=0.135 incongruent@v1=0.134 incongruent@v2=0.121
v1 t9 L30 s1 train=0.190 neutral=0.148 incongruent@v1=0.139 incongruent@v2=0.152
v1 t9 L30 s2 train=0.122 neutral=0.129 incongruent@v1=0.136 incongruent@v2=0.160
v1 t9 L31 s0 train=0.108 neutral=0.092 incongruent@v1=0.092 incongruent@v2=0.092
v1 t9 L31 s1 train=0.108 neutral=0.092 incongruent@v1=0.092 incongruent@v2=0.092
v1 t9 L31 s2 train=0.108 neutral=0.092 incongruent@v1=0.092 incongruent@v2=0.092
v1 t9 L32 s0 train=0.108 neutral=0.092 incongruent@v1=0.092 incongruent@v2=0.092
v1 t9 L32 s1 train=0.108 neutral=0.092 incongruent@v1=0.092 incongruent@v2=0.092
v1 t9 L32 s2 train=0.108 neutral=0.092 incongruent@v1=0.092 incongruent@v2=0.092
v1 t9 L33 s0 train=0.108 neutral=0.092 incongruent@v1=0.092 incongruent@v2=0.092
v1 t9 L33 s1 train=0.108 neutral=0.092 incongruent@v1=0.092 incongruent@v2=0.092
v1 t9 L33 s2 train=0.108 neutral=0.092 incongruent@v1=0.092 incongruent@v2=0.092
v1 t9 L34 s0 train=0.447 neutral=0.164 incongruent@v1=0.130 incongruent@v2=0.149
v1 t9 L34 s1 train=0.438 neutral=0.161 incongruent@v1=0.141 incongruent@v2=0.167
v1 t9 L34 s2 train=0.441 neutral=0.169 incongruent@v1=0.136 incongruent@v2=0.161
v1 t10 L0 s0 train=0.110 neutral=0.091 incongruent@v1=0.091 incongruent@v2=0.091
v1 t10 L0 s1 train=0.110 neutral=0.091 incongruent@v1=0.091 incongruent@v2=0.091
v1 t10 L0 s2 train=0.110 neutral=0.091 incongruent@v1=0.091 incongruent@v2=0.091
v1 t10 L1 s0 train=0.086 neutral=0.114 incongruent@v1=0.114 incongruent@v2=0.114
v1 t10 L1 s1 train=0.107 neutral=0.098 incongruent@v1=0.098 incongruent@v2=0.098
v1 t10 L1 s2 train=0.086 neutral=0.114 incongruent@v1=0.114 incongruent@v2=0.114
v1 t10 L2 s0 train=0.094 neutral=0.094 incongruent@v1=0.094 incongruent@v2=0.094
v1 t10 L2 s1 train=0.113 neutral=0.104 incongruent@v1=0.095 incongruent@v2=0.099
v1 t10 L2 s2 train=0.107 neutral=0.093 incongruent@v1=0.093 incongruent@v2=0.093
v1 t10 L3 s0 train=0.117 neutral=0.115 incongruent@v1=0.115 incongruent@v2=0.101
v1 t10 L3 s1 train=0.095 neutral=0.092 incongruent@v1=0.092 incongruent@v2=0.092
v1 t10 L3 s2 train=0.097 neutral=0.103 incongruent@v1=0.103 incongruent@v2=0.103
v1 t10 L4 s0 train=0.111 neutral=0.101 incongruent@v1=0.108 incongruent@v2=0.106
v1 t10 L4 s1 train=0.125 neutral=0.107 incongruent@v1=0.113 incongruent@v2=0.114
v1 t10 L4 s2 train=0.094 neutral=0.094 incongruent@v1=0.094 incongruent@v2=0.094
v1 t10 L5 s0 train=0.086 neutral=0.114 incongruent@v1=0.114 incongruent@v2=0.114
v1 t10 L5 s1 train=0.107 neutral=0.093 incongruent@v1=0.093 incongruent@v2=0.093
v1 t10 L5 s2 train=0.124 neutral=0.133 incongruent@v1=0.127 incongruent@v2=0.128
v1 t10 L6 s0 train=0.107 neutral=0.098 incongruent@v1=0.098 incongruent@v2=0.098
v1 t10 L6 s1 train=0.095 neutral=0.092 incongruent@v1=0.092 incongruent@v2=0.092
v1 t10 L6 s2 train=0.086 neutral=0.114 incongruent@v1=0.114 incongruent@v2=0.114
v1 t10 L7 s0 train=0.097 neutral=0.103 incongruent@v1=0.103 incongruent@v2=0.103
v1 t10 L7 s1 train=0.109 neutral=0.094 incongruent@v1=0.093 incongruent@v2=0.093
v1 t10 L7 s2 train=0.107 neutral=0.098 incongruent@v1=0.098 incongruent@v2=0.098
v1 t10 L8 s0 train=0.096 neutral=0.115 incongruent@v1=0.112 incongruent@v2=0.114
v1 t10 L8 s1 train=0.093 neutral=0.094 incongruent@v1=0.093 incongruent@v2=0.093
v1 t10 L8 s2 train=0.119 neutral=0.102 incongruent@v1=0.112 incongruent@v2=0.118
v1 t10 L9 s0 train=0.099 neutral=0.109 incongruent@v1=0.109 incongruent@v2=0.109
v1 t10 L9 s1 train=0.108 neutral=0.092 incongruent@v1=0.092 incongruent@v2=0.092
v1 t10 L9 s2 train=0.086 neutral=0.114 incongruent@v1=0.114 incongruent@v2=0.114
v1 t10 L10 s0 train=0.107 neutral=0.098 incongruent@v1=0.098 incongruent@v2=0.098
v1 t10 L10 s1 train=0.123 neutral=0.100 incongruent@v1=0.110 incongruent@v2=0.113
v1 t10 L10 s2 train=0.099 neutral=0.109 incongruent@v1=0.109 incongruent@v2=0.109
v1 t10 L11 s0 train=0.107 neutral=0.098 incongruent@v1=0.098 incongruent@v2=0.098
v1 t10 L11 s1 train=0.107 neutral=0.098 incongruent@v1=0.098 incongruent@v2=0.098
v1 t10 L11 s2 train=0.094 neutral=0.094 incongruent@v1=0.094 incongruent@v2=0.094
v1 t10 L12 s0 train=0.086 neutral=0.114 incongruent@v1=0.114 incongruent@v2=0.114
v1 t10 L12 s1 train=0.145 neutral=0.122 incongruent@v1=0.101 incongruent@v2=0.102
v1 t10 L12 s2 train=0.113 neutral=0.096 incongruent@v1=0.097 incongruent@v2=0.097
v1 t10 L13 s0 train=0.125 neutral=0.099 incongruent@v1=0.099 incongruent@v2=0.097
v1 t10 L13 s1 train=0.115 neutral=0.094 incongruent@v1=0.089 incongruent@v2=0.077
v1 t10 L13 s2 train=0.095 neutral=0.092 incongruent@v1=0.092 incongruent@v2=0.092
v1 t10 L14 s0 train=0.094 neutral=0.094 incongruent@v1=0.094 incongruent@v2=0.094
v1 t10 L14 s1 train=0.129 neutral=0.097 incongruent@v1=0.118 incongruent@v2=0.109
v1 t10 L14 s2 train=0.097 neutral=0.091 incongruent@v1=0.092 incongruent@v2=0.092
v1 t10 L15 s0 train=0.098 neutral=0.114 incongruent@v1=0.114 incongruent@v2=0.114
v1 t10 L15 s1 train=0.110 neutral=0.091 incongruent@v1=0.091 incongruent@v2=0.091
v1 t10 L15 s2 train=0.094 neutral=0.094 incongruent@v1=0.094 incongruent@v2=0.094
v1 t10 L16 s0 train=0.094 neutral=0.094 incongruent@v1=0.094 incongruent@v2=0.094
v1 t10 L16 s1 train=0.095 neutral=0.092 incongruent@v1=0.092 incongruent@v2=0.092
v1 t10 L16 s2 train=0.097 neutral=0.103 incongruent@v1=0.103 incongruent@v2=0.103
v1 t10 L17 s0 train=0.098 neutral=0.114 incongruent@v1=0.114 incongruent@v2=0.114
v1 t10 L17 s1 train=0.097 neutral=0.103 incongruent@v1=0.103 incongruent@v2=0.103
v1 t10 L17 s2 train=0.121 neutral=0.108 incongruent@v1=0.107 incongruent@v2=0.112
v1 t10 L18 s0 train=0.115 neutral=0.129 incongruent@v1=0.133 incongruent@v2=0.132
v1 t10 L18 s1 train=0.086 neutral=0.114 incongruent@v1=0.114 incongruent@v2=0.114
v1 t10 L18 s2 train=0.099 neutral=0.114 incongruent@v1=0.114 incongruent@v2=0.114
v1 t10 L19 s0 train=0.119 neutral=0.092 incongruent@v1=0.097 incongruent@v2=0.098
v1 t10 L19 s1 train=0.117 neutral=0.097 incongruent@v1=0.096 incongruent@v2=0.090
v1 t10 L19 s2 train=0.110 neutral=0.107 incongruent@v1=0.107 incongruent@v2=0.109
v1 t10 L20 s0 train=0.086 neutral=0.114 incongruent@v1=0.115 incongruent@v2=0.117
v1 t10 L20 s1 train=0.108 neutral=0.093 incongruent@v1=0.093 incongruent@v2=0.092
v1 t10 L20 s2 train=0.120 neutral=0.107 incongruent@v1=0.117 incongruent@v2=0.113
v1 t10 L21 s0 train=0.100 neutral=0.095 incongruent@v1=0.099 incongruent@v2=0.094
v1 t10 L21 s1 train=0.100 neutral=0.112 incongruent@v1=0.104 incongruent@v2=0.109
v1 t10 L21 s2 train=0.106 neutral=0.117 incongruent@v1=0.118 incongruent@v2=0.125
v1 t10 L22 s0 train=0.110 neutral=0.091 incongruent@v1=0.084 incongruent@v2=0.086
v1 t10 L22 s1 train=0.137 neutral=0.113 incongruent@v1=0.109 incongruent@v2=0.110
v1 t10 L22 s2 train=0.174 neutral=0.135 incongruent@v1=0.136 incongruent@v2=0.137
v1 t10 L23 s0 train=0.126 neutral=0.109 incongruent@v1=0.116 incongruent@v2=0.119
v1 t10 L23 s1 train=0.128 neutral=0.096 incongruent@v1=0.107 incongruent@v2=0.107
v1 t10 L23 s2 train=0.128 neutral=0.101 incongruent@v1=0.097 incongruent@v2=0.096
v1 t10 L24 s0 train=0.139 neutral=0.117 incongruent@v1=0.109 incongruent@v2=0.107
v1 t10 L24 s1 train=0.107 neutral=0.090 incongruent@v1=0.084 incongruent@v2=0.092
v1 t10 L24 s2 train=0.098 neutral=0.103 incongruent@v1=0.103 incongruent@v2=0.103
v1 t10 L25 s0 train=0.166 neutral=0.115 incongruent@v1=0.119 incongruent@v2=0.124
v1 t10 L25 s1 train=0.175 neutral=0.108 incongruent@v1=0.105 incongruent@v2=0.107
v1 t10 L25 s2 train=0.143 neutral=0.110 incongruent@v1=0.110 incongruent@v2=0.107
v1 t10 L26 s0 train=0.108 neutral=0.104 incongruent@v1=0.110 incongruent@v2=0.105
v1 t10 L26 s1 train=0.147 neutral=0.140 incongruent@v1=0.142 incongruent@v2=0.136
v1 t10 L26 s2 train=0.137 neutral=0.109 incongruent@v1=0.104 incongruent@v2=0.098
v1 t10 L27 s0 train=0.176 neutral=0.133 incongruent@v1=0.122 incongruent@v2=0.123
v1 t10 L27 s1 train=0.143 neutral=0.106 incongruent@v1=0.118 incongruent@v2=0.119
v1 t10 L27 s2 train=0.107 neutral=0.098 incongruent@v1=0.098 incongruent@v2=0.098
v1 t10 L28 s0 train=0.108 neutral=0.098 incongruent@v1=0.098 incongruent@v2=0.098
v1 t10 L28 s1 train=0.108 neutral=0.092 incongruent@v1=0.092 incongruent@v2=0.092
v1 t10 L28 s2 train=0.155 neutral=0.086 incongruent@v1=0.099 incongruent@v2=0.096
v1 t10 L29 s0 train=0.105 neutral=0.116 incongruent@v1=0.116 incongruent@v2=0.117
v1 t10 L29 s1 train=0.123 neutral=0.116 incongruent@v1=0.116 incongruent@v2=0.118
v1 t10 L29 s2 train=0.106 neutral=0.113 incongruent@v1=0.114 incongruent@v2=0.115
v1 t10 L30 s0 train=0.097 neutral=0.103 incongruent@v1=0.103 incongruent@v2=0.103
v1 t10 L30 s1 train=0.111 neutral=0.111 incongruent@v1=0.118 incongruent@v2=0.120
v1 t10 L30 s2 train=0.132 neutral=0.144 incongruent@v1=0.151 incongruent@v2=0.141
v1 t10 L31 s0 train=0.132 neutral=0.140 incongruent@v1=0.162 incongruent@v2=0.160
v1 t10 L31 s1 train=0.124 neutral=0.119 incongruent@v1=0.129 incongruent@v2=0.127
v1 t10 L31 s2 train=0.173 neutral=0.149 incongruent@v1=0.140 incongruent@v2=0.125
v1 t10 L32 s0 train=0.108 neutral=0.092 incongruent@v1=0.092 incongruent@v2=0.092
v1 t10 L32 s1 train=0.108 neutral=0.092 incongruent@v1=0.092 incongruent@v2=0.092
v1 t10 L32 s2 train=0.108 neutral=0.092 incongruent@v1=0.092 incongruent@v2=0.092
v1 t10 L33 s0 train=0.108 neutral=0.092 incongruent@v1=0.092 incongruent@v2=0.092
v1 t10 L33 s1 train=0.108 neutral=0.092 incongruent@v1=0.092 incongruent@v2=0.092
v1 t10 L33 s2 train=0.108 neutral=0.092 incongruent@v1=0.092 incongruent@v2=0.092
v1 t10 L34 s0 train=0.422 neutral=0.160 incongruent@v1=0.147 incongruent@v2=0.151
v1 t10 L34 s1 train=0.428 neutral=0.151 incongruent@v1=0.148 incongruent@v2=0.140
v1 t10 L34 s2 train=0.422 neutral=0.155 incongruent@v1=0.144 incongruent@v2=0.141
v1 t11 L0 s0 train=0.124 neutral=0.084 incongruent@v1=0.084 incongruent@v2=0.084
v1 t11 L0 s1 train=0.124 neutral=0.080 incongruent@v1=0.080 incongruent@v2=0.080
v1 t11 L0 s2 train=0.124 neutral=0.080 incongruent@v1=0.080 incongruent@v2=0.080
v1 t11 L1 s0 train=0.111 neutral=0.109 incongruent@v1=0.109 incongruent@v2=0.109
v1 t11 L1 s1 train=0.112 neutral=0.101 incongruent@v1=0.101 incongruent@v2=0.102
v1 t11 L1 s2 train=0.095 neutral=0.092 incongruent@v1=0.092 incongruent@v2=0.092
v1 t11 L2 s0 train=0.110 neutral=0.091 incongruent@v1=0.091 incongruent@v2=0.091
v1 t11 L2 s1 train=0.123 neutral=0.092 incongruent@v1=0.094 incongruent@v2=0.091
v1 t11 L2 s2 train=0.110 neutral=0.091 incongruent@v1=0.091 incongruent@v2=0.091
v1 t11 L3 s0 train=0.108 neutral=0.092 incongruent@v1=0.092 incongruent@v2=0.092
v1 t11 L3 s1 train=0.138 neutral=0.113 incongruent@v1=0.109 incongruent@v2=0.109
v1 t11 L3 s2 train=0.123 neutral=0.106 incongruent@v1=0.109 incongruent@v2=0.101
v1 t11 L4 s0 train=0.119 neutral=0.108 incongruent@v1=0.107 incongruent@v2=0.103
v1 t11 L4 s1 train=0.136 neutral=0.117 incongruent@v1=0.121 incongruent@v2=0.112
v1 t11 L4 s2 train=0.152 neutral=0.136 incongruent@v1=0.133 incongruent@v2=0.132
v1 t11 L5 s0 train=0.103 neutral=0.107 incongruent@v1=0.108 incongruent@v2=0.113
v1 t11 L5 s1 train=0.122 neutral=0.100 incongruent@v1=0.102 incongruent@v2=0.092
v1 t11 L5 s2 train=0.096 neutral=0.095 incongruent@v1=0.095 incongruent@v2=0.095
v1 t11 L6 s0 train=0.125 neutral=0.093 incongruent@v1=0.095 incongruent@v2=0.091
v1 t11 L6 s1 train=0.098 neutral=0.114 incongruent@v1=0.114 incongruent@v2=0.114
v1 t11 L6 s2 train=0.119 neutral=0.106 incongruent@v1=0.108 incongruent@v2=0.110
v1 t11 L7 s0 train=0.101 neutral=0.112 incongruent@v1=0.112 incongruent@v2=0.112
v1 t11 L7 s1 train=0.128 neutral=0.121 incongruent@v1=0.124 incongruent@v2=0.119
v1 t11 L7 s2 train=0.088 neutral=0.115 incongruent@v1=0.118 incongruent@v2=0.116
v1 t11 L8 s0 train=0.110 neutral=0.091 incongruent@v1=0.091 incongruent@v2=0.091
v1 t11 L8 s1 train=0.112 neutral=0.105 incongruent@v1=0.105 incongruent@v2=0.105
v1 t11 L8 s2 train=0.111 neutral=0.093 incongruent@v1=0.093 incongruent@v2=0.093
v1 t11 L9 s0 train=0.120 neutral=0.125 incongruent@v1=0.122 incongruent@v2=0.122
v1 t11 L9 s1 train=0.111 neutral=0.116 incongruent@v1=0.114 incongruent@v2=0.120
v1 t11 L9 s2 train=0.149 neutral=0.112 incongruent@v1=0.101 incongruent@v2=0.111
v1 t11 L10 s0 train=0.150 neutral=0.110 incongruent@v1=0.112 incongruent@v2=0.115
v1 t11 L10 s1 train=0.088 neutral=0.114 incongruent@v1=0.114 incongruent@v2=0.114
v1 t11 L10 s2 train=0.119 neutral=0.101 incongruent@v1=0.100 incongruent@v2=0.102
v1 t11 L11 s0 train=0.146 neutral=0.133 incongruent@v1=0.132 incongruent@v2=0.126
v1 t11 L11 s1 train=0.110 neutral=0.091 incongruent@v1=0.091 incongruent@v2=0.091
v1 t11 L11 s2 train=0.113 neutral=0.091 incongruent@v1=0.090 incongruent@v2=0.089
v1 t11 L12 s0 train=0.124 neutral=0.113 incongruent@v1=0.115 incongruent@v2=0.109
v1 t11 L12 s1 train=0.110 neutral=0.091 incongruent@v1=0.091 incongruent@v2=0.091
v1 t11 L12 s2 train=0.094 neutral=0.094 incongruent@v1=0.094 incongruent@v2=0.094
v1 t11 L13 s0 train=0.117 neutral=0.114 incongruent@v1=0.105 incongruent@v2=0.108
v1 t11 L13 s1 train=0.107 neutral=0.093 incongruent@v1=0.093 incongruent@v2=0.093
v1 t11 L13 s2 train=0.098 neutral=0.114 incongruent@v1=0.114 incongruent@v2=0.114
v1 t11 L14 s0 train=0.114 neutral=0.134 incongruent@v1=0.135 incongruent@v2=0.128
v1 t11 L14 s1 train=0.110 neutral=0.091 incongruent@v1=0.091 incongruent@v2=0.091
v1 t11 L14 s2 train=0.119 neutral=0.120 incongruent@v1=0.117 incongruent@v2=0.117
v1 t11 L15 s0 train=0.110 neutral=0.091 incongruent@v1=0.091 incongruent@v2=0.091
v1 t11 L15 s1 train=0.151 neutral=0.163 incongruent@v1=0.169 incongruent@v2=0.173
v1 t11 L15 s2 train=0.106 neutral=0.117 incongruent@v1=0.116 incongruent@v2=0.117
v1 t11 L16 s0 train=0.098 neutral=0.114 incongruent@v1=0.114 incongruent@v2=0.114
v1 t11 L16 s1 train=0.109 neutral=0.092 incongruent@v1=0.092 incongruent@v2=0.092
v1 t11 L16 s2 train=0.170 neutral=0.133 incongruent@v1=0.135 incongruent@v2=0.130
v1 t11 L17 s0 train=0.118 neutral=0.124 incongruent@v1=0.128 incongruent@v2=0.127
v1 t11 L17 s1 train=0.110 neutral=0.091 incongruent@v1=0.091 incongruent@v2=0.091
v1 t11 L17 s2 train=0.107 neutral=0.098 incongruent@v1=0.098 incongruent@v2=0.098
v1 t11 L18 s0 train=0.144 neutral=0.120 incongruent@v1=0.103 incongruent@v2=0.097
v1 t11 L18 s1 train=0.139 neutral=0.125 incongruent@v1=0.129 incongruent@v2=0.131
v1 t11 L18 s2 train=0.086 neutral=0.114 incongruent@v1=0.114 incongruent@v2=0.114
v1 t11 L19 s0 train=0.123 neutral=0.129 incongruent@v1=0.127 incongruent@v2=0.129
v1 t11 L19 s1 train=0.117 neutral=0.104 incongruent@v1=0.107 incongruent@v2=0.123
v1 t11 L19 s2 train=0.119 neutral=0.101 incongruent@v1=0.101 incongruent@v2=0.108
v1 t11 L20 s0 train=0.139 neutral=0.117 incongruent@v1=0.122 incongruent@v2=0.122
v1 t11 L20 s1 train=0.139 neutral=0.121 incongruent@v1=0.114 incongruent@v2=0.113
v1 t11 L20 s2 train=0.127 neutral=0.139 incongruent@v1=0.142 incongruent@v2=0.149
v1 t11 L21 s0 train=0.107 neutral=0.093 incongruent@v1=0.094 incongruent@v2=0.093
v1 t11 L21 s1 train=0.172 neutral=0.156 incongruent@v1=0.152 incongruent@v2=0.154
v1 t11 L21 s2 train=0.157 neutral=0.134 incongruent@v1=0.121 incongruent@v2=0.117
v1 t11 L22 s0 train=0.137 neutral=0.128 incongruent@v1=0.135 incongruent@v2=0.133
v1 t11 L22 s1 train=0.110 neutral=0.124 incongruent@v1=0.116 incongruent@v2=0.115
v1 t11 L22 s2 train=0.116 neutral=0.088 incongruent@v1=0.091 incongruent@v2=0.093
v1 t11 L23 s0 train=0.207 neutral=0.171 incongruent@v1=0.168 incongruent@v2=0.150
v1 t11 L23 s1 train=0.139 neutral=0.134 incongruent@v1=0.139 incongruent@v2=0.140
v1 t11 L23 s2 train=0.182 neutral=0.146 incongruent@v1=0.150 incongruent@v2=0.173
v1 t11 L24 s0 train=0.117 neutral=0.088 incongruent@v1=0.100 incongruent@v2=0.094
v1 t11 L24 s1 train=0.109 neutral=0.116 incongruent@v1=0.117 incongruent@v2=0.115
v1 t11 L24 s2 train=0.214 neutral=0.165 incongruent@v1=0.155 incongruent@v2=0.141
v1 t11 L25 s0 train=0.193 neutral=0.130 incongruent@v1=0.109 incongruent@v2=0.118
v1 t11 L25 s1 train=0.116 neutral=0.094 incongruent@v1=0.089 incongruent@v2=0.094
v1 t11 L25 s2 train=0.153 neutral=0.146 incongruent@v1=0.140 incongruent@v2=0.134
v1 t11 L26 s0 train=0.125 neutral=0.135 incongruent@v1=0.141 incongruent@v2=0.135
v1 t11 L26 s1 train=0.189 neutral=0.184 incongruent@v1=0.169 incongruent@v2=0.165
v1 t11 L26 s2 train=0.138 neutral=0.101 incongruent@v1=0.108 incongruent@v2=0.119
v1 t11 L27 s0 train=0.153 neutral=0.173 incongruent@v1=0.180 incongruent@v2=0.179
v1 t11 L27 s1 train=0.174 neutral=0.151 incongruent@v1=0.144 incongruent@v2=0.141
v1 t11 L27 s2 train=0.194 neutral=0.158 incongruent@v1=0.145 incongruent@v2=0.140
v1 t11 L28 s0 train=0.122 neutral=0.130 incongruent@v1=0.116 incongruent@v2=0.115
v1 t11 L28 s1 train=0.111 neutral=0.123 incongruent@v1=0.138 incongruent@v2=0.128
v1 t11 L28 s2 train=0.153 neutral=0.144 incongruent@v1=0.143 incongruent@v2=0.153
v1 t11 L29 s0 train=0.130 neutral=0.143 incongruent@v1=0.143 incongruent@v2=0.151
v1 t11 L29 s1 train=0.117 neutral=0.094 incongruent@v1=0.094 incongruent@v2=0.095
v1 t11 L29 s2 train=0.134 neutral=0.107 incongruent@v1=0.109 incongruent@v2=0.102
v1 t11 L30 s0 train=0.102 neutral=0.097 incongruent@v1=0.110 incongruent@v2=0.126
v1 t11 L30 s1 train=0.148 neutral=0.142 incongruent@v1=0.140 incongruent@v2=0.127
v1 t11 L30 s2 train=0.101 neutral=0.111 incongruent@v1=0.111 incongruent@v2=0.107
v1 t11 L31 s0 train=0.211 neutral=0.211 incongruent@v1=0.223 incongruent@v2=0.208
v1 t11 L31 s1 train=0.190 neutral=0.147 incongruent@v1=0.147 incongruent@v2=0.130
v1 t11 L31 s2 train=0.144 neutral=0.106 incongruent@v1=0.109 incongruent@v2=0.111
v1 t11 L32 s0 train=0.208 neutral=0.150 incongruent@v1=0.164 incongruent@v2=0.168
v1 t11 L32 s1 train=0.128 neutral=0.098 incongruent@v1=0.098 incongruent@v2=0.097
v1 t11 L32 s2 train=0.121 neutral=0.113 incongruent@v1=0.121 incongruent@v2=0.110
v1 t11 L33 s0 train=0.117 neutral=0.094 incongruent@v1=0.094 incongruent@v2=0.095
v1 t11 L33 s1 train=0.174 neutral=0.143 incongruent@v1=0.157 incongruent@v2=0.168
v1 t11 L33 s2 train=0.123 neutral=0.119 incongruent@v1=0.143 incongruent@v2=0.149
v1 t11 L34 s0 train=0.556 neutral=0.266 incongruent@v1=0.230 incongruent@v2=0.228
v1 t11 L34 s1 train=0.546 neutral=0.255 incongruent@v1=0.242 incongruent@v2=0.232
v1 t11 L34 s2 train=0.539 neutral=0.261 incongruent@v1=0.231 incongruent@v2=0.219
v1 t12 L0 s0 train=0.110 neutral=0.091 incongruent@v1=0.091 incongruent@v2=0.091
v1 t12 L0 s1 train=0.110 neutral=0.091 incongruent@v1=0.091 incongruent@v2=0.091
v1 t12 L0 s2 train=0.110 neutral=0.091 incongruent@v1=0.091 incongruent@v2=0.091
v1 t12 L1 s0 train=0.094 neutral=0.094 incongruent@v1=0.094 incongruent@v2=0.094
v1 t12 L1 s1 train=0.107 neutral=0.093 incongruent@v1=0.093 incongruent@v2=0.093
v1 t12 L1 s2 train=0.098 neutral=0.114 incongruent@v1=0.114 incongruent@v2=0.114
v1 t12 L2 s0 train=0.107 neutral=0.093 incongruent@v1=0.093 incongruent@v2=0.093
v1 t12 L2 s1 train=0.094 neutral=0.094 incongruent@v1=0.094 incongruent@v2=0.094
v1 t12 L2 s2 train=0.106 neutral=0.114 incongruent@v1=0.112 incongruent@v2=0.112
v1 t12 L3 s0 train=0.094 neutral=0.094 incongruent@v1=0.094 incongruent@v2=0.094
v1 t12 L3 s1 train=0.107 neutral=0.098 incongruent@v1=0.098 incongruent@v2=0.098
v1 t12 L3 s2 train=0.107 neutral=0.098 incongruent@v1=0.098 incongruent@v2=0.098
v1 t12 L4 s0 train=0.108 neutral=0.100 incongruent@v1=0.103 incongruent@v2=0.100
v1 t12 L4 s1 train=0.118 neutral=0.094 incongruent@v1=0.092 incongruent@v2=0.096
v1 t12 L4 s2 train=0.108 neutral=0.099 incongruent@v1=0.100 incongruent@v2=0.098
v1 t12 L5 s0 train=0.097 neutral=0.103 incongruent@v1=0.103 incongruent@v2=0.103
v1 t12 L5 s1 train=0.108 neutral=0.092 incongruent@v1=0.092 incongruent@v2=0.092
v1 t12 L5 s2 train=0.108 neutral=0.092 incongruent@v1=0.092 incongruent@v2=0.092
v1 t12 L6 s0 train=0.104 neutral=0.099 incongruent@v1=0.089 incongruent@v2=0.093
v1 t12 L6 s1 train=0.097 neutral=0.103 incongruent@v1=0.103 incongruent@v2=0.103
v1 t12 L6 s2 train=0.101 neutral=0.113 incongruent@v1=0.112 incongruent@v2=0.111
v1 t12 L7 s0 train=0.098 neutral=0.114 incongruent@v1=0.114 incongruent@v2=0.114
v1 t12 L7 s1 train=0.098 neutral=0.114 incongruent@v1=0.114 incongruent@v2=0.114
v1 t12 L7 s2 train=0.108 neutral=0.092 incongruent@v1=0.092 incongruent@v2=0.092
v1 t12 L8 s0 train=0.094 neutral=0.094 incongruent@v1=0.094 incongruent@v2=0.094
v1 t12 L8 s1 train=0.107 neutral=0.098 incongruent@v1=0.098 incongruent@v2=0.098
v1 t12 L8 s2 train=0.097 neutral=0.103 incongruent@v1=0.103 incongruent@v2=0.103
v1 t12 L9 s0 train=0.121 neutral=0.146 incongruent@v1=0.150 incongruent@v2=0.149
v1 t12 L9 s1 train=0.107 neutral=0.098 incongruent@v1=0.098 incongruent@v2=0.098
v1 t12 L9 s2 train=0.111 neutral=0.091 incongruent@v1=0.091 incongruent@v2=0.091
v1 t12 L10 s0 train=0.099 neutral=0.109 incongruent@v1=0.109 incongruent@v2=0.109
v1 t12 L10 s1 train=0.086 neutral=0.114 incongruent@v1=0.114 incongruent@v2=0.114
v1 t12 L10 s2 train=0.134 neutral=0.135 incongruent@v1=0.130 incongruent@v2=0.127
v1 t12 L11 s0 train=0.095 neutral=0.092 incongruent@v1=0.092 incongruent@v2=0.092
v1 t12 L11 s1 train=0.110 neutral=0.091 incongruent@v1=0.091 incongruent@v2=0.091
v1 t12 L11 s2 train=0.086 neutral=0.114 incongruent@v1=0.114 incongruent@v2=0.114
v1 t12 L12 s0 train=0.095 neutral=0.092 incongruent@v1=0.092 incongruent@v2=0.092
v1 t12 L12 s1 train=0.098 neutral=0.114 incongruent@v1=0.114 incongruent@v2=0.114
v1 t12 L12 s2 train=0.095 neutral=0.092 incongruent@v1=0.092 incongruent@v2=0.092
v1 t12 L13 s0 train=0.110 neutral=0.091 incongruent@v1=0.091 incongruent@v2=0.091
v1 t12 L13 s1 train=0.094 neutral=0.094 incongruent@v1=0.094 incongruent@v2=0.094
v1 t12 L13 s2 train=0.098 neutral=0.105 incongruent@v1=0.104 incongruent@v2=0.103
v1 t12 L14 s0 train=0.110 neutral=0.091 incongruent@v1=0.091 incongruent@v2=0.091
v1 t12 L14 s1 train=0.109 neutral=0.099 incongruent@v1=0.101 incongruent@v2=0.100
v1 t12 L14 s2 train=0.098 neutral=0.114 incongruent@v1=0.114 incongruent@v2=0.114
v1 t12 L15 s0 train=0.107 neutral=0.098 incongruent@v1=0.098 incongruent@v2=0.098
v1 t12 L15 s1 train=0.099 neutral=0.109 incongruent@v1=0.109 incongruent@v2=0.109
v1 t12 L15 s2 train=0.107 neutral=0.098 incongruent@v1=0.098 incongruent@v2=0.098
v1 t12 L16 s0 train=0.100 neutral=0.121 incongruent@v1=0.133 incongruent@v2=0.116
v1 t12 L16 s1 train=0.107 neutral=0.098 incongruent@v1=0.098 incongruent@v2=0.098
v1 t12 L16 s2 train=0.138 neutral=0.158 incongruent@v1=0.125 incongruent@v2=0.122
v1 t12 L17 s0 train=0.095 neutral=0.092 incongruent@v1=0.092 incongruent@v2=0.092
v1 t12 L17 s1 train=0.115 neutral=0.098 incongruent@v1=0.092 incongruent@v2=0.091
v1 t12 L17 s2 train=0.110 neutral=0.091 incongruent@v1=0.091 incongruent@v2=0.091
v1 t12 L18 s0 train=0.097 neutral=0.103 incongruent@v1=0.103 incongruent@v2=0.103
v1 t12 L18 s1 train=0.108 neutral=0.092 incongruent@v1=0.092 incongruent@v2=0.092
v1 t12 L18 s2 train=0.094 neutral=0.094 incongruent@v1=0.094 incongruent@v2=0.094
v1 t12 L19 s0 train=0.110 neutral=0.091 incongruent@v1=0.091 incongruent@v2=0.091
v1 t12 L19 s1 train=0.099 neutral=0.109 incongruent@v1=0.109 incongruent@v2=0.109
v1 t12 L19 s2 train=0.095 neutral=0.124 incongruent@v1=0.124 incongruent@v2=0.122
v1 t12 L20 s0 train=0.135 neutral=0.140 incongruent@v1=0.127 incongruent@v2=0.134
v1 t12 L20 s1 train=0.110 neutral=0.093 incongruent@v1=0.092 incongruent@v2=0.092
v1 t12 L20 s2 train=0.191 neutral=0.171 incongruent@v1=0.171 incongruent@v2=0.162
v1 t12 L21 s0 train=0.099 neutral=0.109 incongruent@v1=0.109 incongruent@v2=0.109
v1 t12 L21 s1 train=0.135 neutral=0.126 incongruent@v1=0.141 incongruent@v2=0.115
v1 t12 L21 s2 train=0.184 neutral=0.184 incongruent@v1=0.167 incongruent@v2=0.178
v1 t12 L22 s0 train=0.130 neutral=0.109 incongruent@v1=0.093 incongruent@v2=0.094
v1 t12 L22 s1 train=0.098 neutral=0.091 incongruent@v1=0.089 incongruent@v2=0.097
v1 t12 L22 s2 train=0.135 neutral=0.141 incongruent@v1=0.140 incongruent@v2=0.144
v1 t12 L23 s0 train=0.138 neutral=0.108 incongruent@v1=0.092 incongruent@v2=0.100
v1 t12 L23 s1 train=0.125 neutral=0.117 incongruent@v1=0.109 incongruent@v2=0.110
v1 t12 L23 s2 train=0.137 neutral=0.125 incongruent@v1=0.128 incongruent@v2=0.098
v1 t12 L24 s0 train=0.172 neutral=0.166 incongruent@v1=0.109 incongruent@v2=0.137
v1 t12 L24 s1 train=0.144 neutral=0.125 incongruent@v1=0.124 incongruent@v2=0.108
v1 t12 L24 s2 train=0.155 neutral=0.137 incongruent@v1=0.133 incongruent@v2=0.137
v1 t12 L25 s0 train=0.099 neutral=0.109 incongruent@v1=0.109 incongruent@v2=0.109
v1 t12 L25 s1 train=0.124 neutral=0.105 incongruent@v1=0.099 incongruent@v2=0.103
v1 t12 L25 s2 train=0.161 neutral=0.119 incongruent@v1=0.106 incongruent@v2=0.112
v1 t12 L26 s0 train=0.177 neutral=0.172 incongruent@v1=0.175 incongruent@v2=0.155
v1 t12 L26 s1 train=0.134 neutral=0.122 incongruent@v1=0.108 incongruent@v2=0.117
v1 t12 L26 s2 train=0.123 neutral=0.097 incongruent@v1=0.091 incongruent@v2=0.110
v1 t12 L27 s0 train=0.097 neutral=0.092 incongruent@v1=0.092 incongruent@v2=0.092
v1 t12 L27 s1 train=0.149 neutral=0.102 incongruent@v1=0.117 incongruent@v2=0.095
v1 t12 L27 s2 train=0.147 neutral=0.093 incongruent@v1=0.083 incongruent@v2=0.092
v1 t12 L28 s0 train=0.158 neutral=0.113 incongruent@v1=0.099 incongruent@v2=0.104
v1 t12 L28 s1 train=0.098 neutral=0.114 incongruent@v1=0.114 incongruent@v2=0.114
v1 t12 L28 s2 train=0.128 neutral=0.117 incongruent@v1=0.110 incongruent@v2=0.108
v1 t12 L29 s0 train=0.100 neutral=0.109 incongruent@v1=0.109 incongruent@v2=0.109
v1 t12 L29 s1 train=0.100 neutral=0.104 incongruent@v1=0.103 incongruent@v2=0.103
v1 t12 L29 s2 train=0.099 neutral=0.109 incongruent@v1=0.114 incongruent@v2=0.110
v1 t12 L30 s0 train=0.154 neutral=0.133 incongruent@v1=0.109 incongruent@v2=0.124
v1 t12 L30 s1 train=0.113 neutral=0.104 incongruent@v1=0.103 incongruent@v2=0.106
v1 t12 L30 s2 train=0.160 neutral=0.136 incongruent@v1=0.136 incongruent@v2=0.133
v1 t12 L31 s0 train=0.108 neutral=0.092 incongruent@v1=0.092 incongruent@v2=0.092
v1 t12 L31 s1 train=0.108 neutral=0.092 incongruent@v1=0.092 incongruent@v2=0.092
v1 t12 L31 s2 train=0.108 neutral=0.092 incongruent@v1=0.092 incongruent@v2=0.092
v1 t12 L32 s0 train=0.108 neutral=0.092 incongruent@v1=0.092 incongruent@v2=0.092
v1 t12 L32 s1 train=0.108 neutral=0.092 incongruent@v1=0.092 incongruent@v2=0.092
v1 t12 L32 s2 train=0.108 neutral=0.092 incongruent@v1=0.092 incongruent@v2=0.092
v1 t12 L33 s0 train=0.108 neutral=0.092 incongruent@v1=0.092 incongruent@v2=0.092
v1 t12 L33 s1 train=0.108 neutral=0.092 incongruent@v1=0.092 incongruent@v2=0.092
v1 t12 L33 s2 train=0.108 neutral=0.092 incongruent@v1=0.092 incongruent@v2=0.092
v1 t12 L34 s0 train=0.394 neutral=0.187 incongruent@v1=0.102 incongruent@v2=0.164
v1 t12 L34 s1 train=0.390 neutral=0.191 incongruent@v1=0.080 incongruent@v2=0.161
v1 t12 L34 s2 train=0.386 neutral=0.185 incongruent@v1=0.090 incongruent@v2=0.166
v1 t13 L0 s0 train=0.177 neutral=0.109 incongruent@v1=0.078 incongruent@v2=0.109
v1 t13 L0 s1 train=0.177 neutral=0.109 incongruent@v1=0.107 incongruent@v2=0.109
v1 t13 L0 s2 train=0.177 neutral=0.109 incongruent@v1=0.119 incongruent@v2=0.109
v1 t13 L1 s0 train=0.114 neutral=0.093 incongruent@v1=0.088 incongruent@v2=0.093
v1 t13 L1 s1 train=0.118 neutral=0.087 incongruent@v1=0.110 incongruent@v2=0.088
v1 t13 L1 s2 train=0.121 neutral=0.106 incongruent@v1=0.101 incongruent@v2=0.107
v1 t13 L2 s0 train=0.140 neutral=0.117 incongruent@v1=0.102 incongruent@v2=0.119
v1 t13 L2 s1 train=0.131 neutral=0.098 incongruent@v1=0.092 incongruent@v2=0.098
v1 t13 L2 s2 train=0.136 neutral=0.085 incongruent@v1=0.091 incongruent@v2=0.085
v1 t13 L3 s0 train=0.146 neutral=0.100 incongruent@v1=0.086 incongruent@v2=0.097
v1 t13 L3 s1 train=0.150 neutral=0.094 incongruent@v1=0.096 incongruent@v2=0.094
v1 t13 L3 s2 train=0.121 neutral=0.126 incongruent@v1=0.132 incongruent@v2=0.121
v1 t13 L4 s0 train=0.104 neutral=0.117 incongruent@v1=0.120 incongruent@v2=0.114
v1 t13 L4 s1 train=0.113 neutral=0.092 incongruent@v1=0.092 incongruent@v2=0.093
v1 t13 L4 s2 train=0.120 neutral=0.097 incongruent@v1=0.092 incongruent@v2=0.101
v1 t13 L5 s0 train=0.124 neutral=0.106 incongruent@v1=0.095 incongruent@v2=0.108
v1 t13 L5 s1 train=0.119 neutral=0.105 incongruent@v1=0.086 incongruent@v2=0.103
v1 t13 L5 s2 train=0.128 neutral=0.098 incongruent@v1=0.084 incongruent@v2=0.098
v1 t13 L6 s0 train=0.094 neutral=0.094 incongruent@v1=0.094 incongruent@v2=0.094
v1 t13 L6 s1 train=0.110 neutral=0.091 incongruent@v1=0.091 incongruent@v2=0.091
v1 t13 L6 s2 train=0.133 neutral=0.104 incongruent@v1=0.091 incongruent@v2=0.103
v1 t13 L7 s0 train=0.111 neutral=0.108 incongruent@v1=0.108 incongruent@v2=0.106
v1 t13 L7 s1 train=0.131 neutral=0.090 incongruent@v1=0.079 incongruent@v2=0.092
v1 t13 L7 s2 train=0.124 neutral=0.122 incongruent@v1=0.102 incongruent@v2=0.125
v1 t13 L8 s0 train=0.095 neutral=0.092 incongruent@v1=0.092 incongruent@v2=0.092
v1 t13 L8 s1 train=0.114 neutral=0.106 incongruent@v1=0.102 incongruent@v2=0.103
v1 t13 L8 s2 train=0.118 neutral=0.119 incongruent@v1=0.126 incongruent@v2=0.120
v1 t13 L9 s0 train=0.097 neutral=0.103 incongruent@v1=0.103 incongruent@v2=0.103
v1 t13 L9 s1 train=0.107 neutral=0.098 incongruent@v1=0.098 incongruent@v2=0.098
v1 t13 L9 s2 train=0.115 neutral=0.092 incongruent@v1=0.092 incongruent@v2=0.091
v1 t13 L10 s0 train=0.116 neutral=0.093 incongruent@v1=0.093 incongruent@v2=0.091
v1 t13 L10 s1 train=0.128 neutral=0.097 incongruent@v1=0.084 incongruent@v2=0.098
v1 t13 L10 s2 train=0.130 neutral=0.117 incongruent@v1=0.092 incongruent@v2=0.113
v1 t13 L11 s0 train=0.107 neutral=0.093 incongruent@v1=0.093 incongruent@v2=0.093
v1 t13 L11 s1 train=0.108 neutral=0.092 incongruent@v1=0.092 incongruent@v2=0.092
v1 t13 L11 s2 train=0.126 neutral=0.092 incongruent@v1=0.091 incongruent@v2=0.091
v1 t13 L12 s0 train=0.107 neutral=0.093 incongruent@v1=0.093 incongruent@v2=0.093
v1 t13 L12 s1 train=0.107 neutral=0.093 incongruent@v1=0.093 incongruent@v2=0.093
v1 t13 L12 s2 train=0.136 neutral=0.109 incongruent@v1=0.092 incongruent@v2=0.108
v1 t13 L13 s0 train=0.086 neutral=0.114 incongruent@v1=0.114 incongruent@v2=0.114
v1 t13 L13 s1 train=0.110 neutral=0.091 incongruent@v1=0.091 incongruent@v2=0.091
v1 t13 L13 s2 train=0.125 neutral=0.100 incongruent@v1=0.114 incongruent@v2=0.103
v1 t13 L14 s0 train=0.095 neutral=0.092 incongruent@v1=0.092 incongruent@v2=0.092
v1 t13 L14 s1 train=0.095 neutral=0.092 incongruent@v1=0.092 incongruent@v2=0.092
v1 t13 L14 s2 train=0.099 neutral=0.109 incongruent@v1=0.109 incongruent@v2=0.109
v1 t13 L15 s0 train=0.094 neutral=0.094 incongruent@v1=0.094 incongruent@v2=0.094
v1 t13 L15 s1 train=0.130 neutral=0.111 incongruent@v1=0.092 incongruent@v2=0.121
v1 t13 L15 s2 train=0.118 neutral=0.112 incongruent@v1=0.101 incongruent@v2=0.108
v1 t13 L16 s0 train=0.131 neutral=0.105 incongruent@v1=0.092 incongruent@v2=0.110
v1 t13 L16 s1 train=0.099 neutral=0.114 incongruent@v1=0.114 incongruent@v2=0.114
v1 t13 L16 s2 train=0.125 neutral=0.099 incongruent@v1=0.091 incongruent@v2=0.100
v1 t13 L17 s0 train=0.132 neutral=0.102 incongruent@v1=0.121 incongruent@v2=0.105
v1 t13 L17 s1 train=0.171 neutral=0.156 incongruent@v1=0.103 incongruent@v2=0.158
v1 t13 L17 s2 train=0.099 neutral=0.109 incongruent@v1=0.109 incongruent@v2=0.109
v1 t13 L18 s0 train=0.107 neutral=0.093 incongruent@v1=0.093 incongruent@v2=0.093
v1 t13 L18 s1 train=0.108 neutral=0.092 incongruent@v1=0.092 incongruent@v2=0.092
v1 t13 L18 s2 train=0.090 neutral=0.119 incongruent@v1=0.120 incongruent@v2=0.119
v1 t13 L19 s0 train=0.124 neutral=0.105 incongruent@v1=0.108 incongruent@v2=0.100
v1 t13 L19 s1 train=0.113 neutral=0.101 incongruent@v1=0.087 incongruent@v2=0.099
v1 t13 L19 s2 train=0.157 neutral=0.134 incongruent@v1=0.137 incongruent@v2=0.134
v1 t13 L20 s0 train=0.099 neutral=0.104 incongruent@v1=0.099 incongruent@v2=0.103
v1 t13 L20 s1 train=0.135 neutral=0.101 incongruent@v1=0.095 incongruent@v2=0.106
v1 t13 L20 s2 train=0.116 neutral=0.113 incongruent@v1=0.109 incongruent@v2=0.121
v1 t13 L21 s0 train=0.134 neutral=0.111 incongruent@v1=0.095 incongruent@v2=0.111
v1 t13 L21 s1 train=0.101 neutral=0.097 incongruent@v1=0.092 incongruent@v2=0.095
v1 t13 L21 s2 train=0.172 neutral=0.191 incongruent@v1=0.119 incongruent@v2=0.189
v1 t13 L22 s0 train=0.182 neutral=0.133 incongruent@v1=0.119 incongruent@v2=0.144
v1 t13 L22 s1 train=0.107 neutral=0.098 incongruent@v1=0.098 incongruent@v2=0.098
v1 t13 L22 s2 train=0.094 neutral=0.094 incongruent@v1=0.094 incongruent@v2=0.094
v1 t13 L23 s0 train=0.116 neutral=0.091 incongruent@v1=0.098 incongruent@v2=0.091
v1 t13 L23 s1 train=0.152 neutral=0.134 incongruent@v1=0.124 incongruent@v2=0.139
v1 t13 L23 s2 train=0.101 neutral=0.114 incongruent@v1=0.114 incongruent@v2=0.114
v1 t13 L24 s0 train=0.116 neutral=0.119 incongruent@v1=0.112 incongruent@v2=0.118
v1 t13 L24 s1 train=0.126 neutral=0.097 incongruent@v1=0.103 incongruent@v2=0.107
v1 t13 L24 s2 train=0.158 neutral=0.193 incongruent@v1=0.114 incongruent@v2=0.191
v1 t13 L25 s0 train=0.146 neutral=0.106 incongruent@v1=0.099 incongruent@v2=0.111
v1 t13 L25 s1 train=0.116 neutral=0.102 incongruent@v1=0.121 incongruent@v2=0.103
v1 t13 L25 s2 train=0.201 neutral=0.184 incongruent@v1=0.132 incongruent@v2=0.181
v1 t13 L26 s0 train=0.146 neutral=0.127 incongruent@v1=0.126 incongruent@v2=0.132
v1 t13 L26 s1 train=0.155 neutral=0.128 incongruent@v1=0.135 incongruent@v2=0.131
v1 t13 L26 s2 train=0.122 neutral=0.129 incongruent@v1=0.132 incongruent@v2=0.127
v1 t13 L27 s0 train=0.172 neutral=0.156 incongruent@v1=0.100 incongruent@v2=0.150
v1 t13 L27 s1 train=0.140 neutral=0.109 incongruent@v1=0.091 incongruent@v2=0.107
v1 t13 L27 s2 train=0.166 neutral=0.123 incongruent@v1=0.118 incongruent@v2=0.112
v1 t13 L28 s0 train=0.128 neutral=0.124 incongruent@v1=0.096 incongruent@v2=0.121
v1 t13 L28 s1 train=0.142 neutral=0.132 incongruent@v1=0.104 incongruent@v2=0.130
v1 t13 L28 s2 train=0.155 neutral=0.110 incongruent@v1=0.119 incongruent@v2=0.113
v1 t13 L29 s0 train=0.198 neutral=0.190 incongruent@v1=0.115 incongruent@v2=0.187
v1 t13 L29 s1 train=0.127 neutral=0.114 incongruent@v1=0.109 incongruent@v2=0.116
v1 t13 L29 s2 train=0.168 neutral=0.128 incongruent@v1=0.122 incongruent@v2=0.138
v1 t13 L30 s0 train=0.111 neutral=0.101 incongruent@v1=0.116 incongruent@v2=0.101
v1 t13 L30 s1 train=0.100 neutral=0.095 incongruent@v1=0.092 incongruent@v2=0.093
v1 t13 L30 s2 train=0.146 neutral=0.158 incongruent@v1=0.163 incongruent@v2=0.165
v1 t13 L31 s0 train=0.143 neutral=0.127 incongruent@v1=0.117 incongruent@v2=0.133
v1 t13 L31 s1 train=0.146 neutral=0.126 incongruent@v1=0.120 incongruent@v2=0.127
v1 t13 L31 s2 train=0.107 neutral=0.098 incongruent@v1=0.098 incongruent@v2=0.098
v1 t13 L32 s0 train=0.168 neutral=0.124 incongruent@v1=0.097 incongruent@v2=0.125
v1 t13 L32 s1 train=0.189 neutral=0.159 incongruent@v1=0.134 incongruent@v2=0.182
v1 t13 L32 s2 train=0.130 neutral=0.108 incongruent@v1=0.091 incongruent@v2=0.098
v1 t13 L33 s0 train=0.119 neutral=0.092 incongruent@v1=0.091 incongruent@v2=0.092
v1 t13 L33 s1 train=0.153 neutral=0.157 incongruent@v1=0.158 incongruent@v2=0.167
v1 t13 L33 s2 train=0.139 neutral=0.114 incongruent@v1=0.100 incongruent@v2=0.108
v1 t13 L34 s0 train=0.382 neutral=0.223 incongruent@v1=0.110 incongruent@v2=0.192
v1 t13 L34 s1 train=0.383 neutral=0.240 incongruent@v1=0.127 incongruent@v2=0.200
v1 t13 L34 s2 train=0.377 neutral=0.217 incongruent@v1=0.133 incongruent@v2=0.180
v1 t14 L0 s0 train=0.110 neutral=0.091 incongruent@v1=0.091 incongruent@v2=0.091
v1 t14 L0 s1 train=0.110 neutral=0.091 incongruent@v1=0.091 incongruent@v2=0.091
v1 t14 L0 s2 train=0.110 neutral=0.091 incongruent@v1=0.091 incongruent@v2=0.091
v1 t14 L1 s0 train=0.107 neutral=0.098 incongruent@v1=0.098 incongruent@v2=0.098
v1 t14 L1 s1 train=0.108 neutral=0.092 incongruent@v1=0.092 incongruent@v2=0.092
v1 t14 L1 s2 train=0.095 neutral=0.092 incongruent@v1=0.092 incongruent@v2=0.092
v1 t14 L2 s0 train=0.097 neutral=0.102 incongruent@v1=0.103 incongruent@v2=0.103
v1 t14 L2 s1 train=0.108 neutral=0.092 incongruent@v1=0.092 incongruent@v2=0.092
v1 t14 L2 s2 train=0.086 neutral=0.114 incongruent@v1=0.114 incongruent@v2=0.114
v1 t14 L3 s0 train=0.110 neutral=0.091 incongruent@v1=0.091 incongruent@v2=0.091
v1 t14 L3 s1 train=0.117 neutral=0.102 incongruent@v1=0.094 incongruent@v2=0.099
v1 t14 L3 s2 train=0.099 neutral=0.109 incongruent@v1=0.109 incongruent@v2=0.109
v1 t14 L4 s0 train=0.088 neutral=0.115 incongruent@v1=0.113 incongruent@v2=0.116
v1 t14 L4 s1 train=0.108 neutral=0.092 incongruent@v1=0.092 incongruent@v2=0.092
v1 t14 L4 s2 train=0.097 neutral=0.103 incongruent@v1=0.103 incongruent@v2=0.103
v1 t14 L5 s0 train=0.086 neutral=0.114 incongruent@v1=0.114 incongruent@v2=0.114
v1 t14 L5 s1 train=0.099 neutral=0.109 incongruent@v1=0.109 incongruent@v2=0.109
v1 t14 L5 s2 train=0.107 neutral=0.093 incongruent@v1=0.093 incongruent@v2=0.093
v1 t14 L6 s0 train=0.098 neutral=0.114 incongruent@v1=0.114 incongruent@v2=0.114
v1 t14 L6 s1 train=0.094 neutral=0.094 incongruent@v1=0.094 incongruent@v2=0.094
v1 t14 L6 s2 train=0.095 neutral=0.092 incongruent@v1=0.092 incongruent@v2=0.092
v1 t14 L7 s0 train=0.110 neutral=0.091 incongruent@v1=0.091 incongruent@v2=0.091
v1 t14 L7 s1 train=0.095 neutral=0.092 incongruent@v1=0.092 incongruent@v2=0.092
v1 t14 L7 s2 train=0.107 neutral=0.093 incongruent@v1=0.093 incongruent@v2=0.093
v1 t14 L8 s0 train=0.110 neutral=0.091 incongruent@v1=0.091 incongruent@v2=0.091
v1 t14 L8 s1 train=0.097 neutral=0.103 incongruent@v1=0.103 incongruent@v2=0.103
v1 t14 L8 s2 train=0.110 neutral=0.118 incongruent@v1=0.103 incongruent@v2=0.117
v1 t14 L9 s0 train=0.097 neutral=0.103 incongruent@v1=0.103 incongruent@v2=0.103
v1 t14 L9 s1 train=0.108 neutral=0.092 incongruent@v1=0.092 incongruent@v2=0.092
v1 t14 L9 s2 train=0.108 neutral=0.092 incongruent@v1=0.092 incongruent@v2=0.092
v1 t14 L10 s0 train=0.108 neutral=0.092 incongruent@v1=0.092 incongruent@v2=0.092
v1 t14 L10 s1 train=0.110 neutral=0.091 incongruent@v1=0.091 incongruent@v2=0.091
v1 t14 L10 s2 train=0.107 neutral=0.093 incongruent@v1=0.093 incongruent@v2=0.093
v1 t14 L11 s0 train=0.097 neutral=0.103 incongruent@v1=0.103 incongruent@v2=0.103
v1 t14 L11 s1 train=0.086 neutral=0.114 incongruent@v1=0.114 incongruent@v2=0.114
v1 t14 L11 s2 train=0.094 neutral=0.094 incongruent@v1=0.094 incongruent@v2=0.094
v1 t14 L12 s0 train=0.098 neutral=0.114 incongruent@v1=0.114 incongruent@v2=0.114
v1 t14 L12 s1 train=0.095 neutral=0.092 incongruent@v1=0.092 incongruent@v2=0.092
v1 t14 L12 s2 train=0.098 neutral=0.114 incongruent@v1=0.114 incongruent@v2=0.114
v1 t14 L13 s0 train=0.095 neutral=0.092 incongruent@v1=0.092 incongruent@v2=0.092
v1 t14 L13 s1 train=0.095 neutral=0.092 incongruent@v1=0.092 incongruent@v2=0.092
v1 t14 L13 s2 train=0.095 neutral=0.092 incongruent@v1=0.092 incongruent@v2=0.092
v1 t14 L14 s0 train=0.107 neutral=0.098 incongruent@v1=0.098 incongruent@v2=0.098
v1 t14 L14 s1 train=0.110 neutral=0.091 incongruent@v1=0.091 incongruent@v2=0.091
v1 t14 L14 s2 train=0.117 neutral=0.109 incongruent@v1=0.114 incongruent@v2=0.112
v1 t14 L15 s0 train=0.110 neutral=0.091 incongruent@v1=0.091 incongruent@v2=0.091
v1 t14 L15 s1 train=0.108 neutral=0.092 incongruent@v1=0.092 incongruent@v2=0.092
v1 t14 L15 s2 train=0.107 neutral=0.093 incongruent@v1=0.093 incongruent@v2=0.093
v1 t14 L16 s0 train=0.095 neutral=0.092 incongruent@v1=0.092 incongruent@v2=0.092
v1 t14 L16 s1 train=0.099 neutral=0.109 incongruent@v1=0.109 incongruent@v2=0.109
v1 t14 L16 s2 train=0.110 neutral=0.091 incongruent@v1=0.091 incongruent@v2=0.091
v1 t14 L17 s0 train=0.123 neutral=0.110 incongruent@v1=0.099 incongruent@v2=0.106
v1 t14 L17 s1 train=0.097 neutral=0.103 incongruent@v1=0.103 incongruent@v2=0.103
v1 t14 L17 s2 train=0.108 neutral=0.092 incongruent@v1=0.092 incongruent@v2=0.092
v1 t14 L18 s0 train=0.107 neutral=0.093 incongruent@v1=0.093 incongruent@v2=0.093
v1 t14 L18 s1 train=0.110 neutral=0.101 incongruent@v1=0.099 incongruent@v2=0.099
v1 t14 L18 s2 train=0.153 neutral=0.128 incongruent@v1=0.146 incongruent@v2=0.150
v1 t14 L19 s0 train=0.094 neutral=0.094 incongruent@v1=0.094 incongruent@v2=0.094
v1 t14 L19 s1 train=0.109 neutral=0.100 incongruent@v1=0.102 incongruent@v2=0.107
v1 t14 L19 s2 train=0.153 neutral=0.168 incongruent@v1=0.131 incongruent@v2=0.156
v1 t14 L20 s0 train=0.134 neutral=0.107 incongruent@v1=0.098 incongruent@v2=0.107
v1 t14 L20 s1 train=0.136 neutral=0.159 incongruent@v1=0.131 incongruent@v2=0.145
v1 t14 L20 s2 train=0.111 neutral=0.096 incongruent@v1=0.097 incongruent@v2=0.104
v1 t14 L21 s0 train=0.101 neutral=0.111 incongruent@v1=0.109 incongruent@v2=0.109
v1 t14 L21 s1 train=0.107 neutral=0.093 incongruent@v1=0.093 incongruent@v2=0.094
v1 t14 L21 s2 train=0.138 neutral=0.141 incongruent@v1=0.139 incongruent@v2=0.143
v1 t14 L22 s0 train=0.114 neutral=0.101 incongruent@v1=0.098 incongruent@v2=0.101
v1 t14 L22 s1 train=0.116 neutral=0.098 incongruent@v1=0.091 incongruent@v2=0.096
v1 t14 L22 s2 train=0.147 neutral=0.155 incongruent@v1=0.129 incongruent@v2=0.153
v1 t14 L23 s0 train=0.113 neutral=0.143 incongruent@v1=0.147 incongruent@v2=0.161
v1 t14 L23 s1 train=0.099 neutral=0.117 incongruent@v1=0.114 incongruent@v2=0.116
v1 t14 L23 s2 train=0.095 neutral=0.092 incongruent@v1=0.092 incongruent@v2=0.092
v1 t14 L24 s0 train=0.110 neutral=0.091 incongruent@v1=0.091 incongruent@v2=0.091
v1 t14 L24 s1 train=0.086 neutral=0.114 incongruent@v1=0.114 incongruent@v2=0.114
v1 t14 L24 s2 train=0.194 neutral=0.156 incongruent@v1=0.123 incongruent@v2=0.144
v1 t14 L25 s0 train=0.107 neutral=0.093 incongruent@v1=0.093 incongruent@v2=0.093
v1 t14 L25 s1 train=0.090 neutral=0.116 incongruent@v1=0.117 incongruent@v2=0.116
v1 t14 L25 s2 train=0.112 neutral=0.107 incongruent@v1=0.100 incongruent@v2=0.105
v1 t14 L26 s0 train=0.134 neutral=0.125 incongruent@v1=0.106 incongruent@v2=0.122
v1 t14 L26 s1 train=0.171 neutral=0.173 incongruent@v1=0.119 incongruent@v2=0.173
v1 t14 L26 s2 train=0.107 neutral=0.093 incongruent@v1=0.093 incongruent@v2=0.093
v1 t14 L27 s0 train=0.137 neutral=0.111 incongruent@v1=0.105 incongruent@v2=0.105
v1 t14 L27 s1 train=0.138 neutral=0.164 incongruent@v1=0.152 incongruent@v2=0.162
v1 t14 L27 s2 train=0.207 neutral=0.174 incongruent@v1=0.147 incongruent@v2=0.177
v1 t14 L28 s0 train=0.182 neutral=0.154 incongruent@v1=0.129 incongruent@v2=0.153
v1 t14 L28 s1 train=0.153 neutral=0.122 incongruent@v1=0.125 incongruent@v2=0.131
v1 t14 L28 s2 train=0.118 neutral=0.092 incongruent@v1=0.094 incongruent@v2=0.092
v1 t14 L29 s0 train=0.098 neutral=0.114 incongruent@v1=0.114 incongruent@v2=0.114
v1 t14 L29 s1 train=0.106 neutral=0.123 incongruent@v1=0.114 incongruent@v2=0.121
v1 t14 L29 s2 train=0.178 neutral=0.173 incongruent@v1=0.154 incongruent@v2=0.173
v1 t14 L30 s0 train=0.110 neutral=0.092 incongruent@v1=0.091 incongruent@v2=0.091
v1 t14 L30 s1 train=0.143 neutral=0.114 incongruent@v1=0.093 incongruent@v2=0.099
v1 t14 L30 s2 train=0.112 neutral=0.098 incongruent@v1=0.092 incongruent@v2=0.093
v1 t14 L31 s0 train=0.153 neutral=0.122 incongruent@v1=0.106 incongruent@v2=0.111
v1 t14 L31 s1 train=0.212 neutral=0.152 incongruent@v1=0.113 incongruent@v2=0.145
v1 t14 L31 s2 train=0.155 neutral=0.163 incongruent@v1=0.137 incongruent@v2=0.176
v1 t14 L32 s0 train=0.208 neutral=0.183 incongruent@v1=0.136 incongruent@v2=0.178
v1 t14 L32 s1 train=0.127 neutral=0.117 incongruent@v1=0.103 incongruent@v2=0.123
v1 t14 L32 s2 train=0.203 neutral=0.165 incongruent@v1=0.127 incongruent@v2=0.176
v1 t14 L33 s0 train=0.217 neutral=0.188 incongruent@v1=0.131 incongruent@v2=0.186
v1 t14 L33 s1 train=0.163 neutral=0.191 incongruent@v1=0.155 incongruent@v2=0.201
v1 t14 L33 s2 train=0.116 neutral=0.125 incongruent@v1=0.113 incongruent@v2=0.128
v1 t14 L34 s0 train=0.435 neutral=0.256 incongruent@v1=0.063 incongruent@v2=0.203
v1 t14 L34 s1 train=0.441 neutral=0.235 incongruent@v1=0.073 incongruent@v2=0.199
v1 t14 L34 s2 train=0.447 neutral=0.252 incongruent@v1=0.084 incongruent@v2=0.209
v1 t15 L0 s0 train=0.110 neutral=0.091 incongruent@v1=0.091 incongruent@v2=0.091
v1 t15 L0 s1 train=0.110 neutral=0.091 incongruent@v1=0.091 incongruent@v2=0.091
v1 t15 L0 s2 train=0.110 neutral=0.091 incongruent@v1=0.091 incongruent@v2=0.091
v1 t15 L1 s0 train=0.099 neutral=0.109 incongruent@v1=0.109 incongruent@v2=0.109
v1 t15 L1 s1 train=0.108 neutral=0.092 incongruent@v1=0.092 incongruent@v2=0.092
v1 t15 L1 s2 train=0.107 neutral=0.098 incongruent@v1=0.098 incongruent@v2=0.098
v1 t15 L2 s0 train=0.110 neutral=0.091 incongruent@v1=0.091 incongruent@v2=0.091
v1 t15 L2 s1 train=0.107 neutral=0.093 incongruent@v1=0.093 incongruent@v2=0.093
v1 t15 L2 s2 train=0.086 neutral=0.114 incongruent@v1=0.114 incongruent@v2=0.114
v1 t15 L3 s0 train=0.108 neutral=0.092 incongruent@v1=0.092 incongruent@v2=0.092
v1 t15 L3 s1 train=0.098 neutral=0.114 incongruent@v1=0.114 incongruent@v2=0.114
v1 t15 L3 s2 train=0.097 neutral=0.103 incongruent@v1=0.103 incongruent@v2=0.103
v1 t15 L4 s0 train=0.098 neutral=0.114 incongruent@v1=0.114 incongruent@v2=0.114
v1 t15 L4 s1 train=0.110 neutral=0.091 incongruent@v1=0.091 incongruent@v2=0.091
v1 t15 L4 s2 train=0.107 neutral=0.098 incongruent@v1=0.098 incongruent@v2=0.098
v1 t15 L5 s0 train=0.098 neutral=0.114 incongruent@v1=0.114 incongruent@v2=0.114
v1 t15 L5 s1 train=0.098 neutral=0.114 incongruent@v1=0.114 incongruent@v2=0.114
v1 t15 L5 s2 train=0.095 neutral=0.092 incongruent@v1=0.092 incongruent@v2=0.092
v1 t15 L6 s0 train=0.098 neutral=0.114 incongruent@v1=0.114 incongruent@v2=0.114
v1 t15 L6 s1 train=0.098 neutral=0.114 incongruent@v1=0.114 incongruent@v2=0.114
v1 t15 L6 s2 train=0.108 neutral=0.092 incongruent@v1=0.092 incongruent@v2=0.092
v1 t15 L7 s0 train=0.108 neutral=0.092 incongruent@v1=0.092 incongruent@v2=0.092
v1 t15 L7 s1 train=0.107 neutral=0.093 incongruent@v1=0.093 incongruent@v2=0.093
v1 t15 L7 s2 train=0.108 neutral=0.092 incongruent@v1=0.092 incongruent@v2=0.092
v1 t15 L8 s0 train=0.099 neutral=0.109 incongruent@v1=0.109 incongruent@v2=0.109
v1 t15 L8 s1 train=0.099 neutral=0.109 incongruent@v1=0.109 incongruent@v2=0.109
v1 t15 L8 s2 train=0.107 neutral=0.093 incongruent@v1=0.093 incongruent@v2=0.093
v1 t15 L9 s0 train=0.107 neutral=0.098 incongruent@v1=0.098 incongruent@v2=0.098
v1 t15 L9 s1 train=0.107 neutral=0.098 incongruent@v1=0.098 incongruent@v2=0.098
v1 t15 L9 s2 train=0.106 neutral=0.122 incongruent@v1=0.114 incongruent@v2=0.114
v1 t15 L10 s0 train=0.107 neutral=0.093 incongruent@v1=0.093 incongruent@v2=0.093
v1 t15 L10 s1 train=0.097 neutral=0.103 incongruent@v1=0.103 incongruent@v2=0.103
v1 t15 L10 s2 train=0.098 neutral=0.114 incongruent@v1=0.114 incongruent@v2=0.114
v1 t15 L11 s0 train=0.109 neutral=0.099 incongruent@v1=0.099 incongruent@v2=0.098
v1 t15 L11 s1 train=0.110 neutral=0.091 incongruent@v1=0.091 incongruent@v2=0.091
v1 t15 L11 s2 train=0.110 neutral=0.091 incongruent@v1=0.091 incongruent@v2=0.091
v1 t15 L12 s0 train=0.098 neutral=0.114 incongruent@v1=0.114 incongruent@v2=0.114
v1 t15 L12 s1 train=0.086 neutral=0.114 incongruent@v1=0.114 incongruent@v2=0.114
v1 t15 L12 s2 train=0.117 neutral=0.094 incongruent@v1=0.089 incongruent@v2=0.097
v1 t15 L13 s0 train=0.095 neutral=0.092 incongruent@v1=0.092 incongruent@v2=0.092
v1 t15 L13 s1 train=0.095 neutral=0.092 incongruent@v1=0.092 incongruent@v2=0.092
v1 t15 L13 s2 train=0.094 neutral=0.094 incongruent@v1=0.094 incongruent@v2=0.094
v1 t15 L14 s0 train=0.130 neutral=0.125 incongruent@v1=0.117 incongruent@v2=0.126
v1 t15 L14 s1 train=0.107 neutral=0.093 incongruent@v1=0.093 incongruent@v2=0.093
v1 t15 L14 s2 train=0.099 neutral=0.109 incongruent@v1=0.109 incongruent@v2=0.109
v1 t15 L15 s0 train=0.107 neutral=0.098 incongruent@v1=0.098 incongruent@v2=0.098
v1 t15 L15 s1 train=0.108 neutral=0.092 incongruent@v1=0.092 incongruent@v2=0.092
v1 t15 L15 s2 train=0.095 neutral=0.092 incongruent@v1=0.092 incongruent@v2=0.092
v1 t15 L16 s0 train=0.086 neutral=0.114 incongruent@v1=0.114 incongruent@v2=0.114
v1 t15 L16 s1 train=0.087 neutral=0.115 incongruent@v1=0.115 incongruent@v2=0.114
v1 t15 L16 s2 train=0.109 neutral=0.101 incongruent@v1=0.097 incongruent@v2=0.109
v1 t15 L17 s0 train=0.107 neutral=0.093 incongruent@v1=0.093 incongruent@v2=0.093
v1 t15 L17 s1 train=0.107 neutral=0.093 incongruent@v1=0.093 incongruent@v2=0.093
v1 t15 L17 s2 train=0.107 neutral=0.098 incongruent@v1=0.098 incongruent@v2=0.098
v1 t15 L18 s0 train=0.097 neutral=0.103 incongruent@v1=0.103 incongruent@v2=0.103
v1 t15 L18 s1 train=0.107 neutral=0.098 incongruent@v1=0.098 incongruent@v2=0.098
v1 t15 L18 s2 train=0.099 neutral=0.094 incongruent@v1=0.093 incongruent@v2=0.092
v1 t15 L19 s0 train=0.094 neutral=0.094 incongruent@v1=0.094 incongruent@v2=0.094
v1 t15 L19 s1 train=0.107 neutral=0.098 incongruent@v1=0.098 incongruent@v2=0.098
v1 t15 L19 s2 train=0.095 neutral=0.092 incongruent@v1=0.092 incongruent@v2=0.092
v1 t15 L20 s0 train=0.107 neutral=0.093 incongruent@v1=0.093 incongruent@v2=0.093
v1 t15 L20 s1 train=0.110 neutral=0.091 incongruent@v1=0.091 incongruent@v2=0.091
v1 t15 L20 s2 train=0.108 neutral=0.092 incongruent@v1=0.092 incongruent@v2=0.092
v1 t15 L21 s0 train=0.110 neutral=0.091 incongruent@v1=0.091 incongruent@v2=0.091
v1 t15 L21 s1 train=0.098 neutral=0.114 incongruent@v1=0.114 incongruent@v2=0.114
v1 t15 L21 s2 train=0.110 neutral=0.091 incongruent@v1=0.091 incongruent@v2=0.091
v1 t15 L22 s0 train=0.098 neutral=0.114 incongruent@v1=0.114 incongruent@v2=0.114
v1 t15 L22 s1 train=0.094 neutral=0.094 incongruent@v1=0.094 incongruent@v2=0.094
v1 t15 L22 s2 train=0.131 neutral=0.122 incongruent@v1=0.094 incongruent@v2=0.123
v1 t15 L23 s0 train=0.098 neutral=0.114 incongruent@v1=0.114 incongruent@v2=0.114
v1 t15 L23 s1 train=0.108 neutral=0.092 incongruent@v1=0.092 incongruent@v2=0.092
v1 t15 L23 s2 train=0.100 neutral=0.110 incongruent@v1=0.109 incongruent@v2=0.109
v1 t15 L24 s0 train=0.125 neutral=0.125 incongruent@v1=0.131 incongruent@v2=0.127
v1 t15 L24 s1 train=0.133 neutral=0.105 incongruent@v1=0.099 incongruent@v2=0.102
v1 t15 L24 s2 train=0.108 neutral=0.093 incongruent@v1=0.093 incongruent@v2=0.093
v1 t15 L25 s0 train=0.147 neutral=0.103 incongruent@v1=0.113 incongruent@v2=0.102
v1 t15 L25 s1 train=0.110 neutral=0.090 incongruent@v1=0.092 incongruent@v2=0.089
v1 t15 L25 s2 train=0.155 neutral=0.128 incongruent@v1=0.109 incongruent@v2=0.126
v1 t15 L26 s0 train=0.107 neutral=0.098 incongruent@v1=0.098 incongruent@v2=0.098
v1 t15 L26 s1 train=0.132 neutral=0.114 incongruent@v1=0.122 incongruent@v2=0.109
v1 t15 L26 s2 train=0.095 neutral=0.092 incongruent@v1=0.092 incongruent@v2=0.092
v1 t15 L27 s0 train=0.147 neutral=0.118 incongruent@v1=0.102 incongruent@v2=0.112
v1 t15 L27 s1 train=0.135 neutral=0.103 incongruent@v1=0.092 incongruent@v2=0.102
v1 t15 L27 s2 train=0.112 neutral=0.095 incongruent@v1=0.093 incongruent@v2=0.095
v1 t15 L28 s0 train=0.121 neutral=0.107 incongruent@v1=0.125 incongruent@v2=0.113
v1 t15 L28 s1 train=0.110 neutral=0.122 incongruent@v1=0.109 incongruent@v2=0.124
v1 t15 L28 s2 train=0.122 neutral=0.135 incongruent@v1=0.145 incongruent@v2=0.128
v1 t15 L29 s0 train=0.102 neutral=0.116 incongruent@v1=0.114 incongruent@v2=0.115
v1 t15 L29 s1 train=0.110 neutral=0.091 incongruent@v1=0.091 incongruent@v2=0.091
v1 t15 L29 s2 train=0.106 neutral=0.097 incongruent@v1=0.100 incongruent@v2=0.099
v1 t15 L30 s0 train=0.104 neutral=0.108 incongruent@v1=0.109 incongruent@v2=0.107
v1 t15 L30 s1 train=0.147 neutral=0.127 incongruent@v1=0.105 incongruent@v2=0.122
v1 t15 L30 s2 train=0.175 neutral=0.131 incongruent@v1=0.087 incongruent@v2=0.126
v1 t15 L31 s0 train=0.120 neutral=0.097 incongruent@v1=0.097 incongruent@v2=0.101
v1 t15 L31 s1 train=0.099 neutral=0.109 incongruent@v1=0.109 incongruent@v2=0.109
v1 t15 L31 s2 train=0.143 neutral=0.102 incongruent@v1=0.076 incongruent@v2=0.105
v1 t15 L32 s0 train=0.108 neutral=0.092 incongruent@v1=0.092 incongruent@v2=0.092
v1 t15 L32 s1 train=0.108 neutral=0.092 incongruent@v1=0.092 incongruent@v2=0.092
v1 t15 L32 s2 train=0.108 neutral=0.092 incongruent@v1=0.092 incongruent@v2=0.092
v1 t15 L33 s0 train=0.108 neutral=0.092 incongruent@v1=0.092 incongruent@v2=0.092
v1 t15 L33 s1 train=0.108 neutral=0.092 incongruent@v1=0.092 incongruent@v2=0.092
v1 t15 L33 s2 train=0.108 neutral=0.092 incongruent@v1=0.092 incongruent@v2=0.092
v1 t15 L34 s0 train=0.344 neutral=0.185 incongruent@v1=0.064 incongruent@v2=0.145
v1 t15 L34 s1 train=0.341 neutral=0.182 incongruent@v1=0.060 incongruent@v2=0.149
v1 t15 L34 s2 train=0.346 neutral=0.183 incongruent@v1=0.064 incongruent@v2=0.149
v1 t16 L0 s0 train=0.177 neutral=0.109 incongruent@v1=0.085 incongruent@v2=0.109
v1 t16 L0 s1 train=0.177 neutral=0.109 incongruent@v1=0.114 incongruent@v2=0.109
v1 t16 L0 s2 train=0.177 neutral=0.109 incongruent@v1=0.123 incongruent@v2=0.109
v1 t16 L1 s0 train=0.143 neutral=0.104 incongruent@v1=0.085 incongruent@v2=0.104
v1 t16 L1 s1 train=0.097 neutral=0.103 incongruent@v1=0.103 incongruent@v2=0.103
v1 t16 L1 s2 train=0.130 neutral=0.113 incongruent@v1=0.103 incongruent@v2=0.116
v1 t16 L2 s0 train=0.107 neutral=0.092 incongruent@v1=0.093 incongruent@v2=0.093
v1 t16 L2 s1 train=0.134 neutral=0.097 incongruent@v1=0.099 incongruent@v2=0.092
v1 t16 L2 s2 train=0.132 neutral=0.099 incongruent@v1=0.096 incongruent@v2=0.099
v1 t16 L3 s0 train=0.140 neutral=0.096 incongruent@v1=0.099 incongruent@v2=0.098
v1 t16 L3 s1 train=0.116 neutral=0.089 incongruent@v1=0.092 incongruent@v2=0.090
v1 t16 L3 s2 train=0.114 neutral=0.097 incongruent@v1=0.098 incongruent@v2=0.097
v1 t16 L4 s0 train=0.121 neutral=0.104 incongruent@v1=0.074 incongruent@v2=0.104
v1 t16 L4 s1 train=0.102 neutral=0.113 incongruent@v1=0.114 incongruent@v2=0.113
v1 t16 L4 s2 train=0.116 neutral=0.095 incongruent@v1=0.098 incongruent@v2=0.097
v1 t16 L5 s0 train=0.119 neutral=0.096 incongruent@v1=0.099 incongruent@v2=0.095
v1 t16 L5 s1 train=0.126 neutral=0.103 incongruent@v1=0.123 incongruent@v2=0.104
v1 t16 L5 s2 train=0.130 neutral=0.120 incongruent@v1=0.111 incongruent@v2=0.119
v1 t16 L6 s0 train=0.097 neutral=0.103 incongruent@v1=0.103 incongruent@v2=0.103
v1 t16 L6 s1 train=0.114 neutral=0.093 incongruent@v1=0.091 incongruent@v2=0.094
v1 t16 L6 s2 train=0.139 neutral=0.099 incongruent@v1=0.100 incongruent@v2=0.099
v1 t16 L7 s0 train=0.108 neutral=0.109 incongruent@v1=0.114 incongruent@v2=0.111
v1 t16 L7 s1 train=0.111 neutral=0.118 incongruent@v1=0.110 incongruent@v2=0.117
v1 t16 L7 s2 train=0.124 neutral=0.095 incongruent@v1=0.091 incongruent@v2=0.095
v1 t16 L8 s0 train=0.107 neutral=0.098 incongruent@v1=0.098 incongruent@v2=0.098
v1 t16 L8 s1 train=0.112 neutral=0.094 incongruent@v1=0.091 incongruent@v2=0.094
v1 t16 L8 s2 train=0.132 neutral=0.107 incongruent@v1=0.093 incongruent@v2=0.106
v1 t16 L9 s0 train=0.128 neutral=0.097 incongruent@v1=0.113 incongruent@v2=0.098
v1 t16 L9 s1 train=0.097 neutral=0.103 incongruent@v1=0.103 incongruent@v2=0.103
v1 t16 L9 s2 train=0.125 neutral=0.102 incongruent@v1=0.081 incongruent@v2=0.102
v1 t16 L10 s0 train=0.094 neutral=0.094 incongruent@v1=0.094 incongruent@v2=0.094
v1 t16 L10 s1 train=0.111 neutral=0.092 incongruent@v1=0.092 incongruent@v2=0.092
v1 t16 L10 s2 train=0.107 neutral=0.093 incongruent@v1=0.093 incongruent@v2=0.093
v1 t16 L11 s0 train=0.106 neutral=0.116 incongruent@v1=0.114 incongruent@v2=0.113
v1 t16 L11 s1 train=0.099 neutral=0.109 incongruent@v1=0.109 incongruent@v2=0.109
v1 t16 L11 s2 train=0.095 neutral=0.092 incongruent@v1=0.092 incongruent@v2=0.092
v1 t16 L12 s0 train=0.094 neutral=0.094 incongruent@v1=0.094 incongruent@v2=0.094
v1 t16 L12 s1 train=0.108 neutral=0.092 incongruent@v1=0.092 incongruent@v2=0.092
v1 t16 L12 s2 train=0.095 neutral=0.092 incongruent@v1=0.092 incongruent@v2=0.092
v1 t16 L13 s0 train=0.086 neutral=0.114 incongruent@v1=0.114 incongruent@v2=0.114
v1 t16 L13 s1 train=0.107 neutral=0.093 incongruent@v1=0.093 incongruent@v2=0.093
v1 t16 L13 s2 train=0.114 neutral=0.089 incongruent@v1=0.091 incongruent@v2=0.090
v1 t16 L14 s0 train=0.102 neutral=0.110 incongruent@v1=0.109 incongruent@v2=0.111
v1 t16 L14 s1 train=0.094 neutral=0.094 incongruent@v1=0.094 incongruent@v2=0.094
v1 t16 L14 s2 train=0.107 neutral=0.093 incongruent@v1=0.093 incongruent@v2=0.093
v1 t16 L15 s0 train=0.110 neutral=0.091 incongruent@v1=0.091 incongruent@v2=0.091
v1 t16 L15 s1 train=0.099 neutral=0.116 incongruent@v1=0.114 incongruent@v2=0.114
v1 t16 L15 s2 train=0.099 neutral=0.109 incongruent@v1=0.109 incongruent@v2=0.109
v1 t16 L16 s0 train=0.098 neutral=0.114 incongruent@v1=0.114 incongruent@v2=0.114
v1 t16 L16 s1 train=0.113 neutral=0.098 incongruent@v1=0.098 incongruent@v2=0.098
v1 t16 L16 s2 train=0.107 neutral=0.098 incongruent@v1=0.098 incongruent@v2=0.098
v1 t16 L17 s0 train=0.108 neutral=0.092 incongruent@v1=0.092 incongruent@v2=0.092
v1 t16 L17 s1 train=0.117 neutral=0.101 incongruent@v1=0.108 incongruent@v2=0.098
v1 t16 L17 s2 train=0.097 neutral=0.103 incongruent@v1=0.103 incongruent@v2=0.103
v1 t16 L18 s0 train=0.107 neutral=0.098 incongruent@v1=0.098 incongruent@v2=0.098
v1 t16 L18 s1 train=0.154 neutral=0.148 incongruent@v1=0.149 incongruent@v2=0.151
v1 t16 L18 s2 train=0.099 neutral=0.109 incongruent@v1=0.109 incongruent@v2=0.109
v1 t16 L19 s0 train=0.117 neutral=0.124 incongruent@v1=0.110 incongruent@v2=0.120
v1 t16 L19 s1 train=0.115 neutral=0.098 incongruent@v1=0.100 incongruent@v2=0.099
v1 t16 L19 s2 train=0.167 neutral=0.130 incongruent@v1=0.137 incongruent@v2=0.139
v1 t16 L20 s0 train=0.145 neutral=0.128 incongruent@v1=0.136 incongruent@v2=0.139
v1 t16 L20 s1 train=0.107 neutral=0.098 incongruent@v1=0.098 incongruent@v2=0.098
v1 t16 L20 s2 train=0.143 neutral=0.121 incongruent@v1=0.118 incongruent@v2=0.122
v1 t16 L21 s0 train=0.100 neutral=0.105 incongruent@v1=0.106 incongruent@v2=0.108
v1 t16 L21 s1 train=0.136 neutral=0.117 incongruent@v1=0.128 incongruent@v2=0.123
v1 t16 L21 s2 train=0.122 neutral=0.140 incongruent@v1=0.103 incongruent@v2=0.127
v1 t16 L22 s0 train=0.104 neutral=0.103 incongruent@v1=0.106 incongruent@v2=0.115
v1 t16 L22 s1 train=0.111 neutral=0.092 incongruent@v1=0.091 incongruent@v2=0.093
v1 t16 L22 s2 train=0.140 neutral=0.150 incongruent@v1=0.177 incongruent@v2=0.162
v1 t16 L23 s0 train=0.116 neutral=0.100 incongruent@v1=0.097 incongruent@v2=0.098
v1 t16 L23 s1 train=0.115 neutral=0.097 incongruent@v1=0.098 incongruent@v2=0.098
v1 t16 L23 s2 train=0.145 neutral=0.142 incongruent@v1=0.178 incongruent@v2=0.158
v1 t16 L24 s0 train=0.124 neutral=0.114 incongruent@v1=0.123 incongruent@v2=0.118
v1 t16 L24 s1 train=0.140 neutral=0.120 incongruent@v1=0.124 incongruent@v2=0.122
v1 t16 L24 s2 train=0.182 neutral=0.180 incongruent@v1=0.138 incongruent@v2=0.180
v1 t16 L25 s0 train=0.159 neutral=0.117 incongruent@v1=0.120 incongruent@v2=0.116
v1 t16 L25 s1 train=0.193 neutral=0.172 incongruent@v1=0.157 incongruent@v2=0.174
v1 t16 L25 s2 train=0.171 neutral=0.130 incongruent@v1=0.114 incongruent@v2=0.121
v1 t16 L26 s0 train=0.126 neutral=0.097 incongruent@v1=0.094 incongruent@v2=0.100
v1 t16 L26 s1 train=0.205 neutral=0.161 incongruent@v1=0.154 incongruent@v2=0.158
v1 t16 L26 s2 train=0.138 neutral=0.123 incongruent@v1=0.096 incongruent@v2=0.126
v1 t16 L27 s0 train=0.186 neutral=0.137 incongruent@v1=0.127 incongruent@v2=0.139
v1 t16 L27 s1 train=0.138 neutral=0.133 incongruent@v1=0.124 incongruent@v2=0.133
v1 t16 L27 s2 train=0.182 neutral=0.133 incongruent@v1=0.108 incongruent@v2=0.128
v1 t16 L28 s0 train=0.192 neutral=0.142 incongruent@v1=0.127 incongruent@v2=0.137
v1 t16 L28 s1 train=0.128 neutral=0.106 incongruent@v1=0.113 incongruent@v2=0.105
v1 t16 L28 s2 train=0.121 neutral=0.096 incongruent@v1=0.106 incongruent@v2=0.097
v1 t16 L29 s0 train=0.098 neutral=0.115 incongruent@v1=0.114 incongruent@v2=0.115
v1 t16 L29 s1 train=0.148 neutral=0.115 incongruent@v1=0.111 incongruent@v2=0.115
v1 t16 L29 s2 train=0.135 neutral=0.097 incongruent@v1=0.089 incongruent@v2=0.091
v1 t16 L30 s0 train=0.176 neutral=0.159 incongruent@v1=0.161 incongruent@v2=0.157
v1 t16 L30 s1 train=0.136 neutral=0.119 incongruent@v1=0.103 incongruent@v2=0.117
v1 t16 L30 s2 train=0.202 neutral=0.137 incongruent@v1=0.119 incongruent@v2=0.132
v1 t16 L31 s0 train=0.211 neutral=0.150 incongruent@v1=0.164 incongruent@v2=0.152
v1 t16 L31 s1 train=0.178 neutral=0.125 incongruent@v1=0.117 incongruent@v2=0.125
v1 t16 L31 s2 train=0.197 neutral=0.141 incongruent@v1=0.144 incongruent@v2=0.142
v1 t16 L32 s0 train=0.152 neutral=0.107 incongruent@v1=0.088 incongruent@v2=0.101
v1 t16 L32 s1 train=0.096 neutral=0.127 incongruent@v1=0.128 incongruent@v2=0.132
v1 t16 L32 s2 train=0.119 neutral=0.142 incongruent@v1=0.146 incongruent@v2=0.145
v1 t16 L33 s0 train=0.158 neutral=0.141 incongruent@v1=0.137 incongruent@v2=0.139
v1 t16 L33 s1 train=0.205 neutral=0.146 incongruent@v1=0.118 incongruent@v2=0.139
v1 t16 L33 s2 train=0.113 neutral=0.125 incongruent@v1=0.109 incongruent@v2=0.126
v1 t16 L34 s0 train=0.389 neutral=0.191 incongruent@v1=0.157 incongruent@v2=0.171
v1 t16 L34 s1 train=0.390 neutral=0.190 incongruent@v1=0.169 incongruent@v2=0.182
v1 t16 L34 s2 train=0.391 neutral=0.189 incongruent@v1=0.147 incongruent@v2=0.174
v1 t17 L0 s0 train=0.110 neutral=0.091 incongruent@v1=0.091 incongruent@v2=0.091
v1 t17 L0 s1 train=0.110 neutral=0.091 incongruent@v1=0.091 incongruent@v2=0.091
v1 t17 L0 s2 train=0.110 neutral=0.091 incongruent@v1=0.091 incongruent@v2=0.091
v1 t17 L1 s0 train=0.107 neutral=0.098 incongruent@v1=0.098 incongruent@v2=0.098
v1 t17 L1 s1 train=0.110 neutral=0.091 incongruent@v1=0.091 incongruent@v2=0.091
v1 t17 L1 s2 train=0.108 neutral=0.092 incongruent@v1=0.092 incongruent@v2=0.092
v1 t17 L2 s0 train=0.108 neutral=0.092 incongruent@v1=0.092 incongruent@v2=0.092
v1 t17 L2 s1 train=0.107 neutral=0.092 incongruent@v1=0.093 incongruent@v2=0.092
v1 t17 L2 s2 train=0.108 neutral=0.105 incongruent@v1=0.097 incongruent@v2=0.104
v1 t17 L3 s0 train=0.095 neutral=0.092 incongruent@v1=0.092 incongruent@v2=0.092
v1 t17 L3 s1 train=0.110 neutral=0.091 incongruent@v1=0.091 incongruent@v2=0.091
v1 t17 L3 s2 train=0.095 neutral=0.094 incongruent@v1=0.094 incongruent@v2=0.095
v1 t17 L4 s0 train=0.119 neutral=0.088 incongruent@v1=0.091 incongruent@v2=0.086
v1 t17 L4 s1 train=0.112 neutral=0.094 incongruent@v1=0.091 incongruent@v2=0.094
v1 t17 L4 s2 train=0.110 neutral=0.091 incongruent@v1=0.091 incongruent@v2=0.091
v1 t17 L5 s0 train=0.110 neutral=0.091 incongruent@v1=0.091 incongruent@v2=0.091
v1 t17 L5 s1 train=0.108 neutral=0.092 incongruent@v1=0.092 incongruent@v2=0.092
v1 t17 L5 s2 train=0.099 neutral=0.109 incongruent@v1=0.109 incongruent@v2=0.109
v1 t17 L6 s0 train=0.099 neutral=0.109 incongruent@v1=0.109 incongruent@v2=0.109
v1 t17 L6 s1 train=0.095 neutral=0.092 incongruent@v1=0.092 incongruent@v2=0.092
v1 t17 L6 s2 train=0.093 neutral=0.093 incongruent@v1=0.094 incongruent@v2=0.093
v1 t17 L7 s0 train=0.107 neutral=0.093 incongruent@v1=0.093 incongruent@v2=0.093
v1 t17 L7 s1 train=0.110 neutral=0.091 incongruent@v1=0.091 incongruent@v2=0.091
v1 t17 L7 s2 train=0.108 neutral=0.092 incongruent@v1=0.092 incongruent@v2=0.092
v1 t17 L8 s0 train=0.110 neutral=0.091 incongruent@v1=0.091 incongruent@v2=0.091
v1 t17 L8 s1 train=0.099 neutral=0.109 incongruent@v1=0.109 incongruent@v2=0.109
v1 t17 L8 s2 train=0.130 neutral=0.101 incongruent@v1=0.094 incongruent@v2=0.094
v1 t17 L9 s0 train=0.094 neutral=0.094 incongruent@v1=0.094 incongruent@v2=0.094
v1 t17 L9 s1 train=0.095 neutral=0.092 incongruent@v1=0.092 incongruent@v2=0.092
v1 t17 L9 s2 train=0.107 neutral=0.093 incongruent@v1=0.093 incongruent@v2=0.093
v1 t17 L10 s0 train=0.098 neutral=0.114 incongruent@v1=0.114 incongruent@v2=0.114
v1 t17 L10 s1 train=0.098 neutral=0.114 incongruent@v1=0.114 incongruent@v2=0.114
v1 t17 L10 s2 train=0.095 neutral=0.092 incongruent@v1=0.092 incongruent@v2=0.092
v1 t17 L11 s0 train=0.099 neutral=0.109 incongruent@v1=0.109 incongruent@v2=0.109
v1 t17 L11 s1 train=0.107 neutral=0.098 incongruent@v1=0.098 incongruent@v2=0.098
v1 t17 L11 s2 train=0.110 neutral=0.091 incongruent@v1=0.091 incongruent@v2=0.091
v1 t17 L12 s0 train=0.119 neutral=0.100 incongruent@v1=0.105 incongruent@v2=0.099
v1 t17 L12 s1 train=0.110 neutral=0.091 incongruent@v1=0.091 incongruent@v2=0.091
v1 t17 L12 s2 train=0.099 neutral=0.109 incongruent@v1=0.109 incongruent@v2=0.109
v1 t17 L13 s0 train=0.095 neutral=0.092 incongruent@v1=0.092 incongruent@v2=0.092
v1 t17 L13 s1 train=0.086 neutral=0.114 incongruent@v1=0.114 incongruent@v2=0.114
v1 t17 L13 s2 train=0.110 neutral=0.091 incongruent@v1=0.091 incongruent@v2=0.091
v1 t17 L14 s0 train=0.098 neutral=0.114 incongruent@v1=0.114 incongruent@v2=0.114
v1 t17 L14 s1 train=0.118 neutral=0.108 incongruent@v1=0.098 incongruent@v2=0.102
v1 t17 L14 s2 train=0.107 neutral=0.098 incongruent@v1=0.098 incongruent@v2=0.098
v1 t17 L15 s0 train=0.107 neutral=0.093 incongruent@v1=0.093 incongruent@v2=0.093
v1 t17 L15 s1 train=0.095 neutral=0.092 incongruent@v1=0.092 incongruent@v2=0.092
v1 t17 L15 s2 train=0.130 neutral=0.157 incongruent@v1=0.174 incongruent@v2=0.148
v1 t17 L16 s0 train=0.110 neutral=0.091 incongruent@v1=0.091 incongruent@v2=0.091
v1 t17 L16 s1 train=0.113 neutral=0.104 incongruent@v1=0.103 incongruent@v2=0.104
v1 t17 L16 s2 train=0.108 neutral=0.092 incongruent@v1=0.092 incongruent@v2=0.092
v1 t17 L17 s0 train=0.108 neutral=0.092 incongruent@v1=0.092 incongruent@v2=0.092
v1 t17 L17 s1 train=0.107 neutral=0.098 incongruent@v1=0.098 incongruent@v2=0.098
v1 t17 L17 s2 train=0.158 neutral=0.132 incongruent@v1=0.124 incongruent@v2=0.132
v1 t17 L18 s0 train=0.139 neutral=0.128 incongruent@v1=0.125 incongruent@v2=0.130
v1 t17 L18 s1 train=0.110 neutral=0.091 incongruent@v1=0.091 incongruent@v2=0.091
v1 t17 L18 s2 train=0.155 neutral=0.128 incongruent@v1=0.120 incongruent@v2=0.116
v1 t17 L19 s0 train=0.132 neutral=0.113 incongruent@v1=0.090 incongruent@v2=0.120
v1 t17 L19 s1 train=0.184 neutral=0.195 incongruent@v1=0.181 incongruent@v2=0.198
v1 t17 L19 s2 train=0.123 neutral=0.107 incongruent@v1=0.097 incongruent@v2=0.114
v1 t17 L20 s0 train=0.162 neutral=0.169 incongruent@v1=0.180 incongruent@v2=0.178
v1 t17 L20 s1 train=0.150 neutral=0.117 incongruent@v1=0.116 incongruent@v2=0.117
v1 t17 L20 s2 train=0.110 neutral=0.091 incongruent@v1=0.091 incongruent@v2=0.091
v1 t17 L21 s0 train=0.163 neutral=0.145 incongruent@v1=0.145 incongruent@v2=0.143
v1 t17 L21 s1 train=0.128 neutral=0.118 incongruent@v1=0.118 incongruent@v2=0.118
v1 t17 L21 s2 train=0.110 neutral=0.091 incongruent@v1=0.091 incongruent@v2=0.091
v1 t17 L22 s0 train=0.179 neutral=0.137 incongruent@v1=0.151 incongruent@v2=0.135
v1 t17 L22 s1 train=0.139 neutral=0.137 incongruent@v1=0.126 incongruent@v2=0.136
v1 t17 L22 s2 train=0.184 neutral=0.129 incongruent@v1=0.138 incongruent@v2=0.134
v1 t17 L23 s0 train=0.137 neutral=0.135 incongruent@v1=0.130 incongruent@v2=0.139
v1 t17 L23 s1 train=0.175 neutral=0.144 incongruent@v1=0.146 incongruent@v2=0.139
v1 t17 L23 s2 train=0.107 neutral=0.098 incongruent@v1=0.098 incongruent@v2=0.098
v1 t17 L24 s0 train=0.180 neutral=0.177 incongruent@v1=0.173 incongruent@v2=0.179
v1 t17 L24 s1 train=0.204 neutral=0.147 incongruent@v1=0.143 incongruent@v2=0.154
v1 t17 L24 s2 train=0.107 neutral=0.115 incongruent@v1=0.125 incongruent@v2=0.121
v1 t17 L25 s0 train=0.113 neutral=0.146 incongruent@v1=0.116 incongruent@v2=0.150
v1 t17 L25 s1 train=0.162 neutral=0.133 incongruent@v1=0.134 incongruent@v2=0.133
v1 t17 L25 s2 train=0.150 neutral=0.158 incongruent@v1=0.132 incongruent@v2=0.160
v1 t17 L26 s0 train=0.203 neutral=0.180 incongruent@v1=0.167 incongruent@v2=0.176
v1 t17 L26 s1 train=0.174 neutral=0.138 incongruent@v1=0.141 incongruent@v2=0.137
v1 t17 L26 s2 train=0.186 neutral=0.173 incongruent@v1=0.162 incongruent@v2=0.174
v1 t17 L27 s0 train=0.202 neutral=0.158 incongruent@v1=0.157 incongruent@v2=0.154
v1 t17 L27 s1 train=0.155 neutral=0.180 incongruent@v1=0.181 incongruent@v2=0.182
v1 t17 L27 s2 train=0.162 neutral=0.145 incongruent@v1=0.125 incongruent@v2=0.144
v1 t17 L28 s0 train=0.157 neutral=0.135 incongruent@v1=0.116 incongruent@v2=0.124
v1 t17 L28 s1 train=0.189 neutral=0.133 incongruent@v1=0.141 incongruent@v2=0.137
v1 t17 L28 s2 train=0.155 neutral=0.142 incongruent@v1=0.144 incongruent@v2=0.142
v1 t17 L29 s0 train=0.178 neutral=0.149 incongruent@v1=0.141 incongruent@v2=0.154
v1 t17 L29 s1 train=0.146 neutral=0.109 incongruent@v1=0.104 incongruent@v2=0.100
v1 t17 L29 s2 train=0.107 neutral=0.105 incongruent@v1=0.103 incongruent@v2=0.108
v1 t17 L30 s0 train=0.108 neutral=0.092 incongruent@v1=0.092 incongruent@v2=0.092
v1 t17 L30 s1 train=0.108 neutral=0.092 incongruent@v1=0.092 incongruent@v2=0.092
v1 t17 L30 s2 train=0.108 neutral=0.092 incongruent@v1=0.092 incongruent@v2=0.092
v1 t17 L31 s0 train=0.129 neutral=0.101 incongruent@v1=0.104 incongruent@v2=0.104
v1 t17 L31 s1 train=0.139 neutral=0.133 incongruent@v1=0.125 incongruent@v2=0.133
v1 t17 L31 s2 train=0.154 neutral=0.130 incongruent@v1=0.137 incongruent@v2=0.130
v1 t17 L32 s0 train=0.108 neutral=0.092 incongruent@v1=0.092 incongruent@v2=0.092
v1 t17 L32 s1 train=0.108 neutral=0.092 incongruent@v1=0.092 incongruent@v2=0.092
v1 t17 L32 s2 train=0.108 neutral=0.092 incongruent@v1=0.092 incongruent@v2=0.092
v1 t17 L33 s0 train=0.108 neutral=0.092 incongruent@v1=0.092 incongruent@v2=0.092
v1 t17 L33 s1 train=0.108 neutral=0.092 incongruent@v1=0.092 incongruent@v2=0.092
v1 t17 L33 s2 train=0.108 neutral=0.092 incongruent@v1=0.092 incongruent@v2=0.092
v1 t17 L34 s0 train=0.416 neutral=0.206 incongruent@v1=0.181 incongruent@v2=0.189
v1 t17 L34 s1 train=0.411 neutral=0.206 incongruent@v1=0.185 incongruent@v2=0.187
v1 t17 L34 s2 train=0.420 neutral=0.210 incongruent@v1=0.163 incongruent@v2=0.185
v1 t18 L0 s0 train=0.165 neutral=0.186 incongruent@v1=0.186 incongruent@v2=0.186
v1 t18 L0 s1 train=0.165 neutral=0.158 incongruent@v1=0.158 incongruent@v2=0.158
v1 t18 L0 s2 train=0.165 neutral=0.158 incongruent@v1=0.158 incongruent@v2=0.158
v1 t18 L1 s0 train=0.108 neutral=0.091 incongruent@v1=0.091 incongruent@v2=0.091
v1 t18 L1 s1 train=0.107 neutral=0.098 incongruent@v1=0.098 incongruent@v2=0.098
v1 t18 L1 s2 train=0.098 neutral=0.107 incongruent@v1=0.108 incongruent@v2=0.107
v1 t18 L2 s0 train=0.098 neutral=0.103 incongruent@v1=0.103 incongruent@v2=0.103
v1 t18 L2 s1 train=0.129 neutral=0.098 incongruent@v1=0.098 incongruent@v2=0.098
v1 t18 L2 s2 train=0.116 neutral=0.138 incongruent@v1=0.145 incongruent@v2=0.138
v1 t18 L3 s0 train=0.138 neutral=0.092 incongruent@v1=0.090 incongruent@v2=0.092
v1 t18 L3 s1 train=0.108 neutral=0.092 incongruent@v1=0.092 incongruent@v2=0.092
v1 t18 L3 s2 train=0.099 neutral=0.109 incongruent@v1=0.109 incongruent@v2=0.109
v1 t18 L4 s0 train=0.124 neutral=0.094 incongruent@v1=0.090 incongruent@v2=0.094
v1 t18 L4 s1 train=0.125 neutral=0.095 incongruent@v1=0.091 incongruent@v2=0.093
v1 t18 L4 s2 train=0.132 neutral=0.110 incongruent@v1=0.108 incongruent@v2=0.112
v1 t18 L5 s0 train=0.125 neutral=0.114 incongruent@v1=0.116 incongruent@v2=0.113
v1 t18 L5 s1 train=0.118 neutral=0.098 incongruent@v1=0.097 incongruent@v2=0.098
v1 t18 L5 s2 train=0.128 neutral=0.093 incongruent@v1=0.095 incongruent@v2=0.089
v1 t18 L6 s0 train=0.155 neutral=0.095 incongruent@v1=0.104 incongruent@v2=0.095
v1 t18 L6 s1 train=0.195 neutral=0.157 incongruent@v1=0.173 incongruent@v2=0.161
v1 t18 L6 s2 train=0.114 neutral=0.107 incongruent@v1=0.117 incongruent@v2=0.105
v1 t18 L7 s0 train=0.145 neutral=0.154 incongruent@v1=0.165 incongruent@v2=0.153
v1 t18 L7 s1 train=0.163 neutral=0.137 incongruent@v1=0.133 incongruent@v2=0.134
v1 t18 L7 s2 train=0.095 neutral=0.092 incongruent@v1=0.092 incongruent@v2=0.092
v1 t18 L8 s0 train=0.124 neutral=0.088 incongruent@v1=0.084 incongruent@v2=0.088
v1 t18 L8 s1 train=0.125 neutral=0.112 incongruent@v1=0.113 incongruent@v2=0.113
v1 t18 L8 s2 train=0.110 neutral=0.091 incongruent@v1=0.091 incongruent@v2=0.091
v1 t18 L9 s0 train=0.095 neutral=0.092 incongruent@v1=0.092 incongruent@v2=0.092
v1 t18 L9 s1 train=0.108 neutral=0.098 incongruent@v1=0.099 incongruent@v2=0.099
v1 t18 L9 s2 train=0.109 neutral=0.134 incongruent@v1=0.136 incongruent@v2=0.137
v1 t18 L10 s0 train=0.097 neutral=0.103 incongruent@v1=0.103 incongruent@v2=0.103
v1 t18 L10 s1 train=0.127 neutral=0.092 incongruent@v1=0.092 incongruent@v2=0.093
v1 t18 L10 s2 train=0.165 neutral=0.180 incongruent@v1=0.163 incongruent@v2=0.175
v1 t18 L11 s0 train=0.179 neutral=0.129 incongruent@v1=0.132 incongruent@v2=0.134
v1 t18 L11 s1 train=0.130 neutral=0.086 incongruent@v1=0.084 incongruent@v2=0.085
v1 t18 L11 s2 train=0.117 neutral=0.115 incongruent@v1=0.104 incongruent@v2=0.116
v1 t18 L12 s0 train=0.146 neutral=0.133 incongruent@v1=0.128 incongruent@v2=0.127
v1 t18 L12 s1 train=0.113 neutral=0.104 incongruent@v1=0.103 incongruent@v2=0.106
v1 t18 L12 s2 train=0.099 neutral=0.109 incongruent@v1=0.109 incongruent@v2=0.109
v1 t18 L13 s0 train=0.145 neutral=0.139 incongruent@v1=0.133 incongruent@v2=0.132
v1 t18 L13 s1 train=0.094 neutral=0.094 incongruent@v1=0.094 incongruent@v2=0.094
v1 t18 L13 s2 train=0.108 neutral=0.092 incongruent@v1=0.092 incongruent@v2=0.092
v1 t18 L14 s0 train=0.170 neutral=0.132 incongruent@v1=0.123 incongruent@v2=0.133
v1 t18 L14 s1 train=0.107 neutral=0.099 incongruent@v1=0.101 incongruent@v2=0.100
v1 t18 L14 s2 train=0.120 neutral=0.101 incongruent@v1=0.095 incongruent@v2=0.105
v1 t18 L15 s0 train=0.095 neutral=0.092 incongruent@v1=0.092 incongruent@v2=0.092
v1 t18 L15 s1 train=0.098 neutral=0.114 incongruent@v1=0.114 incongruent@v2=0.114
v1 t18 L15 s2 train=0.147 neutral=0.130 incongruent@v1=0.128 incongruent@v2=0.131
v1 t18 L16 s0 train=0.146 neutral=0.132 incongruent@v1=0.108 incongruent@v2=0.129
v1 t18 L16 s1 train=0.139 neutral=0.091 incongruent@v1=0.088 incongruent@v2=0.088
v1 t18 L16 s2 train=0.186 neutral=0.144 incongruent@v1=0.141 incongruent@v2=0.133
v1 t18 L17 s0 train=0.159 neutral=0.128 incongruent@v1=0.111 incongruent@v2=0.127
v1 t18 L17 s1 train=0.160 neutral=0.158 incongruent@v1=0.161 incongruent@v2=0.160
v1 t18 L17 s2 train=0.095 neutral=0.092 incongruent@v1=0.092 incongruent@v2=0.092
v1 t18 L18 s0 train=0.148 neutral=0.143 incongruent@v1=0.145 incongruent@v2=0.146
v1 t18 L18 s1 train=0.188 neutral=0.197 incongruent@v1=0.192 incongruent@v2=0.193
v1 t18 L18 s2 train=0.143 neutral=0.119 incongruent@v1=0.112 incongruent@v2=0.119
v1 t18 L19 s0 train=0.110 neutral=0.091 incongruent@v1=0.091 incongruent@v2=0.091
v1 t18 L19 s1 train=0.142 neutral=0.141 incongruent@v1=0.133 incongruent@v2=0.141
v1 t18 L19 s2 train=0.147 neutral=0.154 incongruent@v1=0.146 incongruent@v2=0.160
v1 t18 L20 s0 train=0.166 neutral=0.131 incongruent@v1=0.140 incongruent@v2=0.131
v1 t18 L20 s1 train=0.110 neutral=0.091 incongruent@v1=0.091 incongruent@v2=0.091
v1 t18 L20 s2 train=0.155 neutral=0.150 incongruent@v1=0.146 incongruent@v2=0.146
v1 t18 L21 s0 train=0.167 neutral=0.147 incongruent@v1=0.151 incongruent@v2=0.156
v1 t18 L21 s1 train=0.164 neutral=0.153 incongruent@v1=0.155 incongruent@v2=0.165
v1 t18 L21 s2 train=0.204 neutral=0.167 incongruent@v1=0.154 incongruent@v2=0.152
v1 t18 L22 s0 train=0.175 neutral=0.144 incongruent@v1=0.143 incongruent@v2=0.144
v1 t18 L22 s1 train=0.143 neutral=0.122 incongruent@v1=0.127 incongruent@v2=0.126
v1 t18 L22 s2 train=0.140 neutral=0.134 incongruent@v1=0.129 incongruent@v2=0.142
v1 t18 L23 s0 train=0.151 neutral=0.109 incongruent@v1=0.109 incongruent@v2=0.113
v1 t18 L23 s1 train=0.158 neutral=0.147 incongruent@v1=0.130 incongruent@v2=0.147
v1 t18 L23 s2 train=0.210 neutral=0.151 incongruent@v1=0.144 incongruent@v2=0.152
v1 t18 L24 s0 train=0.126 neutral=0.149 incongruent@v1=0.144 incongruent@v2=0.149
v1 t18 L24 s1 train=0.166 neutral=0.155 incongruent@v1=0.142 incongruent@v2=0.157
v1 t18 L24 s2 train=0.190 neutral=0.133 incongruent@v1=0.127 incongruent@v2=0.139
v1 t18 L25 s0 train=0.179 neutral=0.149 incongruent@v1=0.150 incongruent@v2=0.151
v1 t18 L25 s1 train=0.132 neutral=0.122 incongruent@v1=0.124 incongruent@v2=0.122
v1 t18 L25 s2 train=0.167 neutral=0.189 incongruent@v1=0.184 incongruent@v2=0.186
v1 t18 L26 s0 train=0.232 neutral=0.174 incongruent@v1=0.181 incongruent@v2=0.161
v1 t18 L26 s1 train=0.214 neutral=0.174 incongruent@v1=0.172 incongruent@v2=0.167
v1 t18 L26 s2 train=0.200 neutral=0.176 incongruent@v1=0.171 incongruent@v2=0.167
v1 t18 L27 s0 train=0.212 neutral=0.166 incongruent@v1=0.158 incongruent@v2=0.165
v1 t18 L27 s1 train=0.238 neutral=0.175 incongruent@v1=0.185 incongruent@v2=0.169
v1 t18 L27 s2 train=0.168 neutral=0.139 incongruent@v1=0.142 incongruent@v2=0.137
v1 t18 L28 s0 train=0.199 neutral=0.169 incongruent@v1=0.169 incongruent@v2=0.170
v1 t18 L28 s1 train=0.189 neutral=0.157 incongruent@v1=0.151 incongruent@v2=0.156
v1 t18 L28 s2 train=0.175 neutral=0.168 incongruent@v1=0.168 incongruent@v2=0.160
v1 t18 L29 s0 train=0.108 neutral=0.092 incongruent@v1=0.092 incongruent@v2=0.092
v1 t18 L29 s1 train=0.108 neutral=0.092 incongruent@v1=0.092 incongruent@v2=0.092
v1 t18 L29 s2 train=0.108 neutral=0.092 incongruent@v1=0.092 incongruent@v2=0.092
v1 t18 L30 s0 train=0.108 neutral=0.092 incongruent@v1=0.092 incongruent@v2=0.092
v1 t18 L30 s1 train=0.108 neutral=0.092 incongruent@v1=0.092 incongruent@v2=0.092
v1 t18 L30 s2 train=0.108 neutral=0.092 incongruent@v1=0.092 incongruent@v2=0.092
v1 t18 L31 s0 train=0.169 neutral=0.158 incongruent@v1=0.160 incongruent@v2=0.148
v1 t18 L31 s1 train=0.185 neutral=0.183 incongruent@v1=0.183 incongruent@v2=0.172
v1 t18 L31 s2 train=0.187 neutral=0.170 incongruent@v1=0.165 incongruent@v2=0.174
v1 t18 L32 s0 train=0.199 neutral=0.170 incongruent@v1=0.179 incongruent@v2=0.163
v1 t18 L32 s1 train=0.203 neutral=0.171 incongruent@v1=0.172 incongruent@v2=0.168
v1 t18 L32 s2 train=0.222 neutral=0.183 incongruent@v1=0.184 incongruent@v2=0.182
v1 t18 L33 s0 train=0.108 neutral=0.092 incongruent@v1=0.092 incongruent@v2=0.092
v1 t18 L33 s1 train=0.108 neutral=0.092 incongruent@v1=0.092 incongruent@v2=0.092
v1 t18 L33 s2 train=0.108 neutral=0.092 incongruent@v1=0.092 incongruent@v2=0.092
v1 t18 L34 s0 train=0.468 neutral=0.227 incongruent@v1=0.198 incongruent@v2=0.197
v1 t18 L34 s1 train=0.474 neutral=0.238 incongruent@v1=0.208 incongruent@v2=0.189
v1 t18 L34 s2 train=0.464 neutral=0.226 incongruent@v1=0.203 incongruent@v2=0.195
v1 t19 L0 s0 train=0.181 neutral=0.163 incongruent@v1=0.163 incongruent@v2=0.163
v1 t19 L0 s1 train=0.181 neutral=0.163 incongruent@v1=0.163 incongruent@v2=0.163
v1 t19 L0 s2 train=0.181 neutral=0.163 incongruent@v1=0.163 incongruent@v2=0.163
v1 t19 L1 s0 train=0.173 neutral=0.159 incongruent@v1=0.159 incongruent@v2=0.159
v1 t19 L1 s1 train=0.124 neutral=0.123 incongruent@v1=0.123 incongruent@v2=0.123
v1 t19 L1 s2 train=0.134 neutral=0.098 incongruent@v1=0.098 incongruent@v2=0.098
v1 t19 L2 s0 train=0.172 neutral=0.172 incongruent@v1=0.173 incongruent@v2=0.172
v1 t19 L2 s1 train=0.177 neutral=0.137 incongruent@v1=0.136 incongruent@v2=0.136
v1 t19 L2 s2 train=0.153 neutral=0.151 incongruent@v1=0.151 incongruent@v2=0.151
v1 t19 L3 s0 train=0.167 neutral=0.185 incongruent@v1=0.175 incongruent@v2=0.185
v1 t19 L3 s1 train=0.145 neutral=0.126 incongruent@v1=0.127 incongruent@v2=0.125
v1 t19 L3 s2 train=0.134 neutral=0.100 incongruent@v1=0.104 incongruent@v2=0.099
v1 t19 L4 s0 train=0.120 neutral=0.122 incongruent@v1=0.126 incongruent@v2=0.120
v1 t19 L4 s1 train=0.186 neutral=0.180 incongruent@v1=0.181 incongruent@v2=0.181
v1 t19 L4 s2 train=0.186 neutral=0.155 incongruent@v1=0.153 incongruent@v2=0.156
v1 t19 L5 s0 train=0.173 neutral=0.157 incongruent@v1=0.157 incongruent@v2=0.156
v1 t19 L5 s1 train=0.211 neutral=0.174 incongruent@v1=0.177 incongruent@v2=0.181
v1 t19 L5 s2 train=0.158 neutral=0.157 incongruent@v1=0.158 incongruent@v2=0.156
v1 t19 L6 s0 train=0.172 neutral=0.183 incongruent@v1=0.190 incongruent@v2=0.188
v1 t19 L6 s1 train=0.151 neutral=0.135 incongruent@v1=0.135 incongruent@v2=0.137
v1 t19 L6 s2 train=0.171 neutral=0.203 incongruent@v1=0.203 incongruent@v2=0.203
v1 t19 L7 s0 train=0.126 neutral=0.126 incongruent@v1=0.123 incongruent@v2=0.122
v1 t19 L7 s1 train=0.134 neutral=0.124 incongruent@v1=0.126 incongruent@v2=0.112
v1 t19 L7 s2 train=0.180 neutral=0.183 incongruent@v1=0.183 incongruent@v2=0.183
v1 t19 L8 s0 train=0.169 neutral=0.145 incongruent@v1=0.145 incongruent@v2=0.148
v1 t19 L8 s1 train=0.116 neutral=0.126 incongruent@v1=0.121 incongruent@v2=0.137
v1 t19 L8 s2 train=0.145 neutral=0.136 incongruent@v1=0.135 incongruent@v2=0.140
v1 t19 L9 s0 train=0.117 neutral=0.133 incongruent@v1=0.133 incongruent@v2=0.133
v1 t19 L9 s1 train=0.154 neutral=0.129 incongruent@v1=0.138 incongruent@v2=0.131
v1 t19 L9 s2 train=0.105 neutral=0.103 incongruent@v1=0.104 incongruent@v2=0.103
v1 t19 L10 s0 train=0.142 neutral=0.145 incongruent@v1=0.145 incongruent@v2=0.142
v1 t19 L10 s1 train=0.161 neutral=0.189 incongruent@v1=0.189 incongruent@v2=0.189
v1 t19 L10 s2 train=0.158 neutral=0.151 incongruent@v1=0.151 incongruent@v2=0.157
v1 t19 L11 s0 train=0.155 neutral=0.152 incongruent@v1=0.152 incongruent@v2=0.152
v1 t19 L11 s1 train=0.175 neutral=0.144 incongruent@v1=0.144 incongruent@v2=0.144
v1 t19 L11 s2 train=0.123 neutral=0.139 incongruent@v1=0.127 incongruent@v2=0.138
v1 t19 L12 s0 train=0.121 neutral=0.131 incongruent@v1=0.126 incongruent@v2=0.135
v1 t19 L12 s1 train=0.151 neutral=0.139 incongruent@v1=0.139 incongruent@v2=0.139
v1 t19 L12 s2 train=0.107 neutral=0.093 incongruent@v1=0.093 incongruent@v2=0.093
v1 t19 L13 s0 train=0.145 neutral=0.151 incongruent@v1=0.151 incongruent@v2=0.149
v1 t19 L13 s1 train=0.095 neutral=0.092 incongruent@v1=0.092 incongruent@v2=0.092
v1 t19 L13 s2 train=0.154 neutral=0.159 incongruent@v1=0.151 incongruent@v2=0.157
v1 t19 L14 s0 train=0.181 neutral=0.185 incongruent@v1=0.186 incongruent@v2=0.187
v1 t19 L14 s1 train=0.147 neutral=0.141 incongruent@v1=0.141 incongruent@v2=0.141
v1 t19 L14 s2 train=0.139 neutral=0.128 incongruent@v1=0.126 incongruent@v2=0.122
v1 t19 L15 s0 train=0.181 neutral=0.144 incongruent@v1=0.143 incongruent@v2=0.149
v1 t19 L15 s1 train=0.095 neutral=0.092 incongruent@v1=0.092 incongruent@v2=0.092
v1 t19 L15 s2 train=0.180 neutral=0.152 incongruent@v1=0.160 incongruent@v2=0.144
v1 t19 L16 s0 train=0.153 neutral=0.158 incongruent@v1=0.158 incongruent@v2=0.158
v1 t19 L16 s1 train=0.153 neutral=0.148 incongruent@v1=0.143 incongruent@v2=0.152
v1 t19 L16 s2 train=0.173 neutral=0.183 incongruent@v1=0.182 incongruent@v2=0.181
v1 t19 L17 s0 train=0.131 neutral=0.110 incongruent@v1=0.098 incongruent@v2=0.103
v1 t19 L17 s1 train=0.201 neutral=0.167 incongruent@v1=0.163 incongruent@v2=0.179
v1 t19 L17 s2 train=0.099 neutral=0.109 incongruent@v1=0.109 incongruent@v2=0.109
v1 t19 L18 s0 train=0.155 neutral=0.165 incongruent@v1=0.155 incongruent@v2=0.162
v1 t19 L18 s1 train=0.114 neutral=0.096 incongruent@v1=0.096 incongruent@v2=0.097
v1 t19 L18 s2 train=0.108 neutral=0.097 incongruent@v1=0.098 incongruent@v2=0.098
v1 t19 L19 s0 train=0.159 neutral=0.185 incongruent@v1=0.186 incongruent@v2=0.185
v1 t19 L19 s1 train=0.095 neutral=0.092 incongruent@v1=0.092 incongruent@v2=0.092
v1 t19 L19 s2 train=0.122 neutral=0.089 incongruent@v1=0.091 incongruent@v2=0.089
v1 t19 L20 s0 train=0.099 neutral=0.109 incongruent@v1=0.109 incongruent@v2=0.109
v1 t19 L20 s1 train=0.107 neutral=0.098 incongruent@v1=0.099 incongruent@v2=0.098
v1 t19 L20 s2 train=0.139 neutral=0.144 incongruent@v1=0.147 incongruent@v2=0.143
v1 t19 L21 s0 train=0.119 neutral=0.107 incongruent@v1=0.110 incongruent@v2=0.108
v1 t19 L21 s1 train=0.164 neutral=0.155 incongruent@v1=0.156 incongruent@v2=0.159
v1 t19 L21 s2 train=0.145 neutral=0.131 incongruent@v1=0.132 incongruent@v2=0.128
v1 t19 L22 s0 train=0.145 neutral=0.135 incongruent@v1=0.135 incongruent@v2=0.134
v1 t19 L22 s1 train=0.159 neutral=0.118 incongruent@v1=0.121 incongruent@v2=0.118
v1 t19 L22 s2 train=0.110 neutral=0.091 incongruent@v1=0.091 incongruent@v2=0.091
v1 t19 L23 s0 train=0.095 neutral=0.092 incongruent@v1=0.092 incongruent@v2=0.092
v1 t19 L23 s1 train=0.147 neutral=0.141 incongruent@v1=0.146 incongruent@v2=0.139
v1 t19 L23 s2 train=0.211 neutral=0.150 incongruent@v1=0.141 incongruent@v2=0.141
v1 t19 L24 s0 train=0.122 neutral=0.099 incongruent@v1=0.096 incongruent@v2=0.097
v1 t19 L24 s1 train=0.211 neutral=0.174 incongruent@v1=0.173 incongruent@v2=0.170
v1 t19 L24 s2 train=0.198 neutral=0.174 incongruent@v1=0.153 incongruent@v2=0.155
v1 t19 L25 s0 train=0.216 neutral=0.185 incongruent@v1=0.177 incongruent@v2=0.194
v1 t19 L25 s1 train=0.145 neutral=0.122 incongruent@v1=0.123 incongruent@v2=0.128
v1 t19 L25 s2 train=0.181 neutral=0.142 incongruent@v1=0.138 incongruent@v2=0.151
v1 t19 L26 s0 train=0.160 neutral=0.129 incongruent@v1=0.121 incongruent@v2=0.117
v1 t19 L26 s1 train=0.205 neutral=0.143 incongruent@v1=0.135 incongruent@v2=0.163
v1 t19 L26 s2 train=0.198 neutral=0.137 incongruent@v1=0.130 incongruent@v2=0.157
v1 t19 L27 s0 train=0.120 neutral=0.111 incongruent@v1=0.108 incongruent@v2=0.098
v1 t19 L27 s1 train=0.165 neutral=0.136 incongruent@v1=0.128 incongruent@v2=0.128
v1 t19 L27 s2 train=0.196 neutral=0.152 incongruent@v1=0.139 incongruent@v2=0.167
v1 t19 L28 s0 train=0.110 neutral=0.091 incongruent@v1=0.091 incongruent@v2=0.091
v1 t19 L28 s1 train=0.179 neutral=0.136 incongruent@v1=0.123 incongruent@v2=0.132
v1 t19 L28 s2 train=0.200 neutral=0.180 incongruent@v1=0.190 incongruent@v2=0.190
v1 t19 L29 s0 train=0.202 neutral=0.157 incongruent@v1=0.146 incongruent@v2=0.175
v1 t19 L29 s1 train=0.166 neutral=0.129 incongruent@v1=0.120 incongruent@v2=0.136
v1 t19 L29 s2 train=0.123 neutral=0.096 incongruent@v1=0.097 incongruent@v2=0.100
v1 t19 L30 s0 train=0.108 neutral=0.092 incongruent@v1=0.092 incongruent@v2=0.092
v1 t19 L30 s1 train=0.108 neutral=0.092 incongruent@v1=0.092 incongruent@v2=0.092
v1 t19 L30 s2 train=0.108 neutral=0.092 incongruent@v1=0.092 incongruent@v2=0.092
v1 t19 L31 s0 train=0.108 neutral=0.092 incongruent@v1=0.092 incongruent@v2=0.092
v1 t19 L31 s1 train=0.108 neutral=0.092 incongruent@v1=0.092 incongruent@v2=0.092
v1 t19 L31 s2 train=0.108 neutral=0.092 incongruent@v1=0.092 incongruent@v2=0.092
v1 t19 L32 s0 train=0.108 neutral=0.092 incongruent@v1=0.092 incongruent@v2=0.092
v1 t19 L32 s1 train=0.108 neutral=0.092 incongruent@v1=0.092 incongruent@v2=0.092
v1 t19 L32 s2 train=0.108 neutral=0.092 incongruent@v1=0.092 incongruent@v2=0.092
v1 t19 L33 s0 train=0.108 neutral=0.092 incongruent@v1=0.092 incongruent@v2=0.092
v1 t19 L33 s1 train=0.108 neutral=0.092 incongruent@v1=0.092 incongruent@v2=0.092
v1 t19 L33 s2 train=0.108 neutral=0.092 incongruent@v1=0.092 incongruent@v2=0.092
v1 t19 L34 s0 train=0.443 neutral=0.189 incongruent@v1=0.166 incongruent@v2=0.191
v1 t19 L34 s1 train=0.454 neutral=0.203 incongruent@v1=0.161 incongruent@v2=0.174
v1 t19 L34 s2 train=0.450 neutral=0.206 incongruent@v1=0.171 incongruent@v2=0.188
v1 t20 L0 s0 train=0.171 neutral=0.110 incongruent@v1=0.110 incongruent@v2=0.074
v1 t20 L0 s1 train=0.171 neutral=0.110 incongruent@v1=0.110 incongruent@v2=0.126
v1 t20 L0 s2 train=0.171 neutral=0.109 incongruent@v1=0.109 incongruent@v2=0.108
v1 t20 L1 s0 train=0.182 neutral=0.163 incongruent@v1=0.153 incongruent@v2=0.114
v1 t20 L1 s1 train=0.136 neutral=0.120 incongruent@v1=0.113 incongruent@v2=0.094
v1 t20 L1 s2 train=0.136 neutral=0.118 incongruent@v1=0.111 incongruent@v2=0.094
v1 t20 L2 s0 train=0.166 neutral=0.170 incongruent@v1=0.171 incongruent@v2=0.118
v1 t20 L2 s1 train=0.182 neutral=0.136 incongruent@v1=0.136 incongruent@v2=0.107
v1 t20 L2 s2 train=0.186 neutral=0.129 incongruent@v1=0.130 incongruent@v2=0.109
v1 t20 L3 s0 train=0.171 neutral=0.173 incongruent@v1=0.169 incongruent@v2=0.119
v1 t20 L3 s1 train=0.154 neutral=0.108 incongruent@v1=0.117 incongruent@v2=0.110
v1 t20 L3 s2 train=0.112 neutral=0.096 incongruent@v1=0.095 incongruent@v2=0.064
v1 t20 L4 s0 train=0.145 neutral=0.124 incongruent@v1=0.124 incongruent@v2=0.110
v1 t20 L4 s1 train=0.106 neutral=0.101 incongruent@v1=0.103 incongruent@v2=0.120
v1 t20 L4 s2 train=0.157 neutral=0.116 incongruent@v1=0.119 incongruent@v2=0.095
v1 t20 L5 s0 train=0.163 neutral=0.113 incongruent@v1=0.118 incongruent@v2=0.095
v1 t20 L5 s1 train=0.160 neutral=0.137 incongruent@v1=0.138 incongruent@v2=0.123
v1 t20 L5 s2 train=0.142 neutral=0.096 incongruent@v1=0.100 incongruent@v2=0.097
v1 t20 L6 s0 train=0.127 neutral=0.106 incongruent@v1=0.106 incongruent@v2=0.097
v1 t20 L6 s1 train=0.125 neutral=0.113 incongruent@v1=0.112 incongruent@v2=0.113
v1 t20 L6 s2 train=0.126 neutral=0.108 incongruent@v1=0.102 incongruent@v2=0.103
v1 t20 L7 s0 train=0.123 neutral=0.090 incongruent@v1=0.093 incongruent@v2=0.095
v1 t20 L7 s1 train=0.168 neutral=0.118 incongruent@v1=0.128 incongruent@v2=0.152
v1 t20 L7 s2 train=0.119 neutral=0.136 incongruent@v1=0.131 incongruent@v2=0.114
v1 t20 L8 s0 train=0.160 neutral=0.117 incongruent@v1=0.111 incongruent@v2=0.107
v1 t20 L8 s1 train=0.122 neutral=0.098 incongruent@v1=0.096 incongruent@v2=0.102
v1 t20 L8 s2 train=0.132 neutral=0.112 incongruent@v1=0.109 incongruent@v2=0.110
v1 t20 L9 s0 train=0.115 neutral=0.113 incongruent@v1=0.110 incongruent@v2=0.125
v1 t20 L9 s1 train=0.123 neutral=0.116 incongruent@v1=0.110 incongruent@v2=0.119
v1 t20 L9 s2 train=0.108 neutral=0.096 incongruent@v1=0.093 incongruent@v2=0.093
v1 t20 L10 s0 train=0.109 neutral=0.092 incongruent@v1=0.094 incongruent@v2=0.093
v1 t20 L10 s1 train=0.107 neutral=0.093 incongruent@v1=0.093 incongruent@v2=0.093
v1 t20 L10 s2 train=0.115 neutral=0.094 incongruent@v1=0.094 incongruent@v2=0.092
v1 t20 L11 s0 train=0.107 neutral=0.098 incongruent@v1=0.098 incongruent@v2=0.098
v1 t20 L11 s1 train=0.131 neutral=0.128 incongruent@v1=0.126 incongruent@v2=0.113
v1 t20 L11 s2 train=0.104 neutral=0.114 incongruent@v1=0.114 incongruent@v2=0.114
v1 t20 L12 s0 train=0.107 neutral=0.098 incongruent@v1=0.098 incongruent@v2=0.098
v1 t20 L12 s1 train=0.089 neutral=0.116 incongruent@v1=0.114 incongruent@v2=0.114
v1 t20 L12 s2 train=0.134 neutral=0.122 incongruent@v1=0.116 incongruent@v2=0.103
v1 t20 L13 s0 train=0.107 neutral=0.093 incongruent@v1=0.093 incongruent@v2=0.093
v1 t20 L13 s1 train=0.087 neutral=0.116 incongruent@v1=0.114 incongruent@v2=0.114
v1 t20 L13 s2 train=0.118 neutral=0.117 incongruent@v1=0.114 incongruent@v2=0.105
v1 t20 L14 s0 train=0.086 neutral=0.114 incongruent@v1=0.114 incongruent@v2=0.114
v1 t20 L14 s1 train=0.102 neutral=0.110 incongruent@v1=0.110 incongruent@v2=0.109
v1 t20 L14 s2 train=0.178 neutral=0.128 incongruent@v1=0.125 incongruent@v2=0.130
v1 t20 L15 s0 train=0.108 neutral=0.092 incongruent@v1=0.092 incongruent@v2=0.092
v1 t20 L15 s1 train=0.099 neutral=0.109 incongruent@v1=0.109 incongruent@v2=0.109
v1 t20 L15 s2 train=0.095 neutral=0.091 incongruent@v1=0.092 incongruent@v2=0.092
v1 t20 L16 s0 train=0.161 neutral=0.136 incongruent@v1=0.137 incongruent@v2=0.138
v1 t20 L16 s1 train=0.107 neutral=0.098 incongruent@v1=0.098 incongruent@v2=0.098
v1 t20 L16 s2 train=0.107 neutral=0.093 incongruent@v1=0.093 incongruent@v2=0.093
v1 t20 L17 s0 train=0.098 neutral=0.114 incongruent@v1=0.114 incongruent@v2=0.114
v1 t20 L17 s1 train=0.121 neutral=0.103 incongruent@v1=0.096 incongruent@v2=0.092
v1 t20 L17 s2 train=0.133 neutral=0.107 incongruent@v1=0.114 incongruent@v2=0.105
v1 t20 L18 s0 train=0.156 neutral=0.158 incongruent@v1=0.158 incongruent@v2=0.158
v1 t20 L18 s1 train=0.174 neutral=0.147 incongruent@v1=0.146 incongruent@v2=0.143
v1 t20 L18 s2 train=0.135 neutral=0.122 incongruent@v1=0.120 incongruent@v2=0.115
v1 t20 L19 s0 train=0.150 neutral=0.118 incongruent@v1=0.119 incongruent@v2=0.112
v1 t20 L19 s1 train=0.154 neutral=0.141 incongruent@v1=0.138 incongruent@v2=0.136
v1 t20 L19 s2 train=0.188 neutral=0.169 incongruent@v1=0.165 incongruent@v2=0.171
v1 t20 L20 s0 train=0.095 neutral=0.095 incongruent@v1=0.094 incongruent@v2=0.102
v1 t20 L20 s1 train=0.111 neutral=0.112 incongruent@v1=0.111 incongruent@v2=0.107
v1 t20 L20 s2 train=0.120 neutral=0.128 incongruent@v1=0.129 incongruent@v2=0.127
v1 t20 L21 s0 train=0.125 neutral=0.142 incongruent@v1=0.139 incongruent@v2=0.151
v1 t20 L21 s1 train=0.145 neutral=0.133 incongruent@v1=0.128 incongruent@v2=0.122
v1 t20 L21 s2 train=0.166 neutral=0.134 incongruent@v1=0.139 incongruent@v2=0.136
v1 t20 L22 s0 train=0.174 neutral=0.152 incongruent@v1=0.146 incongruent@v2=0.154
v1 t20 L22 s1 train=0.163 neutral=0.160 incongruent@v1=0.136 incongruent@v2=0.158
v1 t20 L22 s2 train=0.108 neutral=0.099 incongruent@v1=0.099 incongruent@v2=0.098
v1 t20 L23 s0 train=0.098 neutral=0.114 incongruent@v1=0.114 incongruent@v2=0.114
v1 t20 L23 s1 train=0.117 neutral=0.104 incongruent@v1=0.103 incongruent@v2=0.098
v1 t20 L23 s2 train=0.154 neutral=0.124 incongruent@v1=0.119 incongruent@v2=0.130
v1 t20 L24 s0 train=0.143 neutral=0.148 incongruent@v1=0.149 incongruent@v2=0.147
v1 t20 L24 s1 train=0.130 neutral=0.140 incongruent@v1=0.131 incongruent@v2=0.137
v1 t20 L24 s2 train=0.172 neutral=0.136 incongruent@v1=0.132 incongruent@v2=0.133
v1 t20 L25 s0 train=0.170 neutral=0.146 incongruent@v1=0.144 incongruent@v2=0.131
v1 t20 L25 s1 train=0.160 neutral=0.144 incongruent@v1=0.127 incongruent@v2=0.163
v1 t20 L25 s2 train=0.145 neutral=0.122 incongruent@v1=0.115 incongruent@v2=0.109
v1 t20 L26 s0 train=0.189 neutral=0.185 incongruent@v1=0.177 incongruent@v2=0.181
v1 t20 L26 s1 train=0.166 neutral=0.121 incongruent@v1=0.116 incongruent@v2=0.128
v1 t20 L26 s2 train=0.168 neutral=0.146 incongruent@v1=0.151 incongruent@v2=0.154
v1 t20 L27 s0 train=0.126 neutral=0.112 incongruent@v1=0.106 incongruent@v2=0.113
v1 t20 L27 s1 train=0.177 neutral=0.154 incongruent@v1=0.146 incongruent@v2=0.159
v1 t20 L27 s2 train=0.168 neutral=0.139 incongruent@v1=0.137 incongruent@v2=0.139
v1 t20 L28 s0 train=0.153 neutral=0.140 incongruent@v1=0.135 incongruent@v2=0.136
v1 t20 L28 s1 train=0.155 neutral=0.145 incongruent@v1=0.150 incongruent@v2=0.140
v1 t20 L28 s2 train=0.105 neutral=0.101 incongruent@v1=0.104 incongruent@v2=0.104
v1 t20 L29 s0 train=0.148 neutral=0.140 incongruent@v1=0.140 incongruent@v2=0.137
v1 t20 L29 s1 train=0.098 neutral=0.114 incongruent@v1=0.114 incongruent@v2=0.114
v1 t20 L29 s2 train=0.172 neutral=0.130 incongruent@v1=0.121 incongruent@v2=0.118
v1 t20 L30 s0 train=0.087 neutral=0.114 incongruent@v1=0.114 incongruent@v2=0.114
v1 t20 L30 s1 train=0.138 neutral=0.114 incongruent@v1=0.113 incongruent@v2=0.095
v1 t20 L30 s2 train=0.136 neutral=0.123 incongruent@v1=0.121 incongruent@v2=0.118
v1 t20 L31 s0 train=0.119 neutral=0.136 incongruent@v1=0.133 incongruent@v2=0.125
v1 t20 L31 s1 train=0.191 neutral=0.156 incongruent@v1=0.140 incongruent@v2=0.165
v1 t20 L31 s2 train=0.110 neutral=0.099 incongruent@v1=0.098 incongruent@v2=0.093
v1 t20 L32 s0 train=0.163 neutral=0.135 incongruent@v1=0.141 incongruent@v2=0.125
v1 t20 L32 s1 train=0.129 neutral=0.107 incongruent@v1=0.109 incongruent@v2=0.098
v1 t20 L32 s2 train=0.210 neutral=0.180 incongruent@v1=0.168 incongruent@v2=0.197
v1 t20 L33 s0 train=0.166 neutral=0.140 incongruent@v1=0.146 incongruent@v2=0.129
v1 t20 L33 s1 train=0.184 neutral=0.187 incongruent@v1=0.187 incongruent@v2=0.183
v1 t20 L33 s2 train=0.140 neutral=0.103 incongruent@v1=0.100 incongruent@v2=0.103
v1 t20 L34 s0 train=0.451 neutral=0.203 incongruent@v1=0.185 incongruent@v2=0.180
v1 t20 L34 s1 train=0.444 neutral=0.216 incongruent@v1=0.190 incongruent@v2=0.194
v1 t20 L34 s2 train=0.450 neutral=0.213 incongruent@v1=0.175 incongruent@v2=0.181
v1 t21 L0 s0 train=0.110 neutral=0.091 incongruent@v1=0.091 incongruent@v2=0.091
v1 t21 L0 s1 train=0.110 neutral=0.091 incongruent@v1=0.091 incongruent@v2=0.091
v1 t21 L0 s2 train=0.110 neutral=0.091 incongruent@v1=0.091 incongruent@v2=0.091
v1 t21 L1 s0 train=0.178 neutral=0.153 incongruent@v1=0.154 incongruent@v2=0.146
v1 t21 L1 s1 train=0.180 neutral=0.183 incongruent@v1=0.182 incongruent@v2=0.180
v1 t21 L1 s2 train=0.124 neutral=0.116 incongruent@v1=0.113 incongruent@v2=0.125
v1 t21 L2 s0 train=0.107 neutral=0.093 incongruent@v1=0.093 incongruent@v2=0.093
v1 t21 L2 s1 train=0.155 neutral=0.133 incongruent@v1=0.136 incongruent@v2=0.137
v1 t21 L2 s2 train=0.161 neutral=0.158 incongruent@v1=0.161 incongruent@v2=0.156
v1 t21 L3 s0 train=0.128 neutral=0.134 incongruent@v1=0.136 incongruent@v2=0.126
v1 t21 L3 s1 train=0.099 neutral=0.109 incongruent@v1=0.109 incongruent@v2=0.109
v1 t21 L3 s2 train=0.098 neutral=0.103 incongruent@v1=0.104 incongruent@v2=0.103
v1 t21 L4 s0 train=0.181 neutral=0.163 incongruent@v1=0.163 incongruent@v2=0.162
v1 t21 L4 s1 train=0.180 neutral=0.150 incongruent@v1=0.151 incongruent@v2=0.114
v1 t21 L4 s2 train=0.117 neutral=0.108 incongruent@v1=0.109 incongruent@v2=0.103
v1 t21 L5 s0 train=0.099 neutral=0.109 incongruent@v1=0.109 incongruent@v2=0.109
v1 t21 L5 s1 train=0.130 neutral=0.149 incongruent@v1=0.157 incongruent@v2=0.123
v1 t21 L5 s2 train=0.098 neutral=0.114 incongruent@v1=0.114 incongruent@v2=0.114
v1 t21 L6 s0 train=0.159 neutral=0.126 incongruent@v1=0.118 incongruent@v2=0.110
v1 t21 L6 s1 train=0.137 neutral=0.115 incongruent@v1=0.122 incongruent@v2=0.128
v1 t21 L6 s2 train=0.101 neutral=0.097 incongruent@v1=0.092 incongruent@v2=0.092
v1 t21 L7 s0 train=0.101 neutral=0.103 incongruent@v1=0.103 incongruent@v2=0.096
v1 t21 L7 s1 train=0.094 neutral=0.118 incongruent@v1=0.123 incongruent@v2=0.114
v1 t21 L7 s2 train=0.094 neutral=0.094 incongruent@v1=0.094 incongruent@v2=0.094
v1 t21 L8 s0 train=0.130 neutral=0.108 incongruent@v1=0.118 incongruent@v2=0.108
v1 t21 L8 s1 train=0.158 neutral=0.172 incongruent@v1=0.155 incongruent@v2=0.158
v1 t21 L8 s2 train=0.120 neutral=0.143 incongruent@v1=0.159 incongruent@v2=0.133
v1 t21 L9 s0 train=0.107 neutral=0.098 incongruent@v1=0.098 incongruent@v2=0.098
v1 t21 L9 s1 train=0.107 neutral=0.098 incongruent@v1=0.098 incongruent@v2=0.098
v1 t21 L9 s2 train=0.118 neutral=0.114 incongruent@v1=0.117 incongruent@v2=0.105
v1 t21 L10 s0 train=0.098 neutral=0.114 incongruent@v1=0.114 incongruent@v2=0.114
v1 t21 L10 s1 train=0.172 neutral=0.194 incongruent@v1=0.198 incongruent@v2=0.181
v1 t21 L10 s2 train=0.180 neutral=0.183 incongruent@v1=0.183 incongruent@v2=0.182
v1 t21 L11 s0 train=0.097 neutral=0.103 incongruent@v1=0.103 incongruent@v2=0.103
v1 t21 L11 s1 train=0.107 neutral=0.098 incongruent@v1=0.098 incongruent@v2=0.098
v1 t21 L11 s2 train=0.095 neutral=0.092 incongruent@v1=0.092 incongruent@v2=0.092
v1 t21 L12 s0 train=0.095 neutral=0.092 incongruent@v1=0.092 incongruent@v2=0.092
v1 t21 L12 s1 train=0.094 neutral=0.094 incongruent@v1=0.094 incongruent@v2=0.094
v1 t21 L12 s2 train=0.107 neutral=0.098 incongruent@v1=0.098 incongruent@v2=0.098
v1 t21 L13 s0 train=0.099 neutral=0.109 incongruent@v1=0.109 incongruent@v2=0.109
v1 t21 L13 s1 train=0.107 neutral=0.098 incongruent@v1=0.098 incongruent@v2=0.098
v1 t21 L13 s2 train=0.107 neutral=0.093 incongruent@v1=0.093 incongruent@v2=0.093
v1 t21 L14 s0 train=0.110 neutral=0.091 incongruent@v1=0.091 incongruent@v2=0.091
v1 t21 L14 s1 train=0.137 neutral=0.145 incongruent@v1=0.145 incongruent@v2=0.147
v1 t21 L14 s2 train=0.110 neutral=0.091 incongruent@v1=0.091 incongruent@v2=0.091
v1 t21 L15 s0 train=0.102 neutral=0.116 incongruent@v1=0.110 incongruent@v2=0.103
v1 t21 L15 s1 train=0.110 neutral=0.117 incongruent@v1=0.109 incongruent@v2=0.120
v1 t21 L15 s2 train=0.094 neutral=0.094 incongruent@v1=0.094 incongruent@v2=0.094
v1 t21 L16 s0 train=0.175 neutral=0.149 incongruent@v1=0.147 incongruent@v2=0.147
v1 t21 L16 s1 train=0.134 neutral=0.119 incongruent@v1=0.116 incongruent@v2=0.120
v1 t21 L16 s2 train=0.107 neutral=0.098 incongruent@v1=0.098 incongruent@v2=0.098
v1 t21 L17 s0 train=0.098 neutral=0.114 incongruent@v1=0.114 incongruent@v2=0.114
v1 t21 L17 s1 train=0.107 neutral=0.093 incongruent@v1=0.093 incongruent@v2=0.093
v1 t21 L17 s2 train=0.113 neutral=0.098 incongruent@v1=0.093 incongruent@v2=0.102
v1 t21 L18 s0 train=0.114 neutral=0.136 incongruent@v1=0.141 incongruent@v2=0.127
v1 t21 L18 s1 train=0.144 neutral=0.148 incongruent@v1=0.157 incongruent@v2=0.132
v1 t21 L18 s2 train=0.095 neutral=0.092 incongruent@v1=0.092 incongruent@v2=0.092
v1 t21 L19 s0 train=0.107 neutral=0.093 incongruent@v1=0.093 incongruent@v2=0.093
v1 t21 L19 s1 train=0.144 neutral=0.135 incongruent@v1=0.141 incongruent@v2=0.142
v1 t21 L19 s2 train=0.106 neutral=0.135 incongruent@v1=0.140 incongruent@v2=0.126
v1 t21 L20 s0 train=0.174 neutral=0.185 incongruent@v1=0.183 incongruent@v2=0.184
v1 t21 L20 s1 train=0.108 neutral=0.098 incongruent@v1=0.098 incongruent@v2=0.098
v1 t21 L20 s2 train=0.098 neutral=0.114 incongruent@v1=0.114 incongruent@v2=0.114
v1 t21 L21 s0 train=0.129 neutral=0.124 incongruent@v1=0.126 incongruent@v2=0.123
v1 t21 L21 s1 train=0.094 neutral=0.094 incongruent@v1=0.094 incongruent@v2=0.094
v1 t21 L21 s2 train=0.119 neutral=0.113 incongruent@v1=0.120 incongruent@v2=0.110
v1 t21 L22 s0 train=0.167 neutral=0.148 incongruent@v1=0.147 incongruent@v2=0.143
v1 t21 L22 s1 train=0.148 neutral=0.141 incongruent@v1=0.141 incongruent@v2=0.141
v1 t21 L22 s2 train=0.172 neutral=0.166 incongruent@v1=0.158 incongruent@v2=0.178
v1 t21 L23 s0 train=0.110 neutral=0.091 incongruent@v1=0.091 incongruent@v2=0.091
v1 t21 L23 s1 train=0.153 neutral=0.157 incongruent@v1=0.126 incongruent@v2=0.135
v1 t21 L23 s2 train=0.137 neutral=0.120 incongruent@v1=0.098 incongruent@v2=0.097
v1 t21 L24 s0 train=0.148 neutral=0.143 incongruent@v1=0.141 incongruent@v2=0.143
v1 t21 L24 s1 train=0.099 neutral=0.109 incongruent@v1=0.109 incongruent@v2=0.109
v1 t21 L24 s2 train=0.189 neutral=0.131 incongruent@v1=0.134 incongruent@v2=0.147
v1 t21 L25 s0 train=0.154 neutral=0.178 incongruent@v1=0.179 incongruent@v2=0.178
v1 t21 L25 s1 train=0.169 neutral=0.144 incongruent@v1=0.146 incongruent@v2=0.143
v1 t21 L25 s2 train=0.183 neutral=0.151 incongruent@v1=0.131 incongruent@v2=0.166
v1 t21 L26 s0 train=0.167 neutral=0.132 incongruent@v1=0.124 incongruent@v2=0.117
v1 t21 L26 s1 train=0.130 neutral=0.110 incongruent@v1=0.118 incongruent@v2=0.102
v1 t21 L26 s2 train=0.203 neutral=0.154 incongruent@v1=0.143 incongruent@v2=0.169
v1 t21 L27 s0 train=0.108 neutral=0.096 incongruent@v1=0.094 incongruent@v2=0.093
v1 t21 L27 s1 train=0.199 neutral=0.155 incongruent@v1=0.160 incongruent@v2=0.166
v1 t21 L27 s2 train=0.144 neutral=0.122 incongruent@v1=0.130 incongruent@v2=0.136
v1 t21 L28 s0 train=0.159 neutral=0.123 incongruent@v1=0.124 incongruent@v2=0.128
v1 t21 L28 s1 train=0.096 neutral=0.118 incongruent@v1=0.123 incongruent@v2=0.116
v1 t21 L28 s2 train=0.107 neutral=0.093 incongruent@v1=0.093 incongruent@v2=0.093
v1 t21 L29 s0 train=0.118 neutral=0.090 incongruent@v1=0.093 incongruent@v2=0.113
v1 t21 L29 s1 train=0.105 neutral=0.111 incongruent@v1=0.112 incongruent@v2=0.114
v1 t21 L29 s2 train=0.139 neutral=0.114 incongruent@v1=0.116 incongruent@v2=0.100
v1 t21 L30 s0 train=0.182 neutral=0.182 incongruent@v1=0.176 incongruent@v2=0.172
v1 t21 L30 s1 train=0.142 neutral=0.116 incongruent@v1=0.110 incongruent@v2=0.102
v1 t21 L30 s2 train=0.122 neutral=0.116 incongruent@v1=0.108 incongruent@v2=0.110
v1 t21 L31 s0 train=0.181 neutral=0.157 incongruent@v1=0.157 incongruent@v2=0.158
v1 t21 L31 s1 train=0.132 neutral=0.118 incongruent@v1=0.142 incongruent@v2=0.106
v1 t21 L31 s2 train=0.127 neutral=0.124 incongruent@v1=0.135 incongruent@v2=0.115
v1 t21 L32 s0 train=0.108 neutral=0.092 incongruent@v1=0.092 incongruent@v2=0.092
v1 t21 L32 s1 train=0.108 neutral=0.092 incongruent@v1=0.092 incongruent@v2=0.092
v1 t21 L32 s2 train=0.108 neutral=0.092 incongruent@v1=0.092 incongruent@v2=0.092
v1 t21 L33 s0 train=0.108 neutral=0.092 incongruent@v1=0.092 incongruent@v2=0.092
v1 t21 L33 s1 train=0.108 neutral=0.092 incongruent@v1=0.092 incongruent@v2=0.092
v1 t21 L33 s2 train=0.108 neutral=0.092 incongruent@v1=0.092 incongruent@v2=0.092
v1 t21 L34 s0 train=0.419 neutral=0.218 incongruent@v1=0.129 incongruent@v2=0.100
v1 t21 L34 s1 train=0.427 neutral=0.206 incongruent@v1=0.147 incongruent@v2=0.115
v1 t21 L34 s2 train=0.432 neutral=0.198 incongruent@v1=0.142 incongruent@v2=0.118
v1 t22 L0 s0 train=0.171 neutral=0.110 incongruent@v1=0.110 incongruent@v2=0.074
v1 t22 L0 s1 train=0.171 neutral=0.110 incongruent@v1=0.110 incongruent@v2=0.126
v1 t22 L0 s2 train=0.171 neutral=0.109 incongruent@v1=0.109 incongruent@v2=0.108
v1 t22 L1 s0 train=0.121 neutral=0.111 incongruent@v1=0.111 incongruent@v2=0.121
v1 t22 L1 s1 train=0.095 neutral=0.092 incongruent@v1=0.092 incongruent@v2=0.092
v1 t22 L1 s2 train=0.146 neutral=0.093 incongruent@v1=0.098 incongruent@v2=0.095
v1 t22 L2 s0 train=0.133 neutral=0.101 incongruent@v1=0.101 incongruent@v2=0.099
v1 t22 L2 s1 train=0.097 neutral=0.095 incongruent@v1=0.095 incongruent@v2=0.094
v1 t22 L2 s2 train=0.107 neutral=0.098 incongruent@v1=0.098 incongruent@v2=0.097
v1 t22 L3 s0 train=0.144 neutral=0.120 incongruent@v1=0.119 incongruent@v2=0.126
v1 t22 L3 s1 train=0.109 neutral=0.093 incongruent@v1=0.092 incongruent@v2=0.093
v1 t22 L3 s2 train=0.136 neutral=0.101 incongruent@v1=0.104 incongruent@v2=0.112
v1 t22 L4 s0 train=0.153 neutral=0.120 incongruent@v1=0.118 incongruent@v2=0.102
v1 t22 L4 s1 train=0.111 neutral=0.092 incongruent@v1=0.091 incongruent@v2=0.095
v1 t22 L4 s2 train=0.136 neutral=0.101 incongruent@v1=0.100 incongruent@v2=0.104
v1 t22 L5 s0 train=0.135 neutral=0.094 incongruent@v1=0.098 incongruent@v2=0.097
v1 t22 L5 s1 train=0.095 neutral=0.092 incongruent@v1=0.092 incongruent@v2=0.092
v1 t22 L5 s2 train=0.139 neutral=0.145 incongruent@v1=0.147 incongruent@v2=0.114
v1 t22 L6 s0 train=0.127 neutral=0.098 incongruent@v1=0.098 incongruent@v2=0.098
v1 t22 L6 s1 train=0.166 neutral=0.124 incongruent@v1=0.130 incongruent@v2=0.096
v1 t22 L6 s2 train=0.109 neutral=0.093 incongruent@v1=0.093 incongruent@v2=0.092
v1 t22 L7 s0 train=0.109 neutral=0.093 incongruent@v1=0.095 incongruent@v2=0.101
v1 t22 L7 s1 train=0.140 neutral=0.099 incongruent@v1=0.101 incongruent@v2=0.108
v1 t22 L7 s2 train=0.119 neutral=0.116 incongruent@v1=0.111 incongruent@v2=0.109
v1 t22 L8 s0 train=0.178 neutral=0.135 incongruent@v1=0.131 incongruent@v2=0.097
v1 t22 L8 s1 train=0.086 neutral=0.114 incongruent@v1=0.114 incongruent@v2=0.114
v1 t22 L8 s2 train=0.108 neutral=0.098 incongruent@v1=0.098 incongruent@v2=0.098
v1 t22 L9 s0 train=0.095 neutral=0.092 incongruent@v1=0.092 incongruent@v2=0.092
v1 t22 L9 s1 train=0.160 neutral=0.111 incongruent@v1=0.120 incongruent@v2=0.100
v1 t22 L9 s2 train=0.113 neutral=0.107 incongruent@v1=0.108 incongruent@v2=0.133
v1 t22 L10 s0 train=0.112 neutral=0.092 incongruent@v1=0.092 incongruent@v2=0.091
v1 t22 L10 s1 train=0.108 neutral=0.092 incongruent@v1=0.092 incongruent@v2=0.092
v1 t22 L10 s2 train=0.094 neutral=0.094 incongruent@v1=0.094 incongruent@v2=0.094
v1 t22 L11 s0 train=0.101 neutral=0.110 incongruent@v1=0.110 incongruent@v2=0.109
v1 t22 L11 s1 train=0.099 neutral=0.109 incongruent@v1=0.109 incongruent@v2=0.109
v1 t22 L11 s2 train=0.168 neutral=0.144 incongruent@v1=0.144 incongruent@v2=0.142
v1 t22 L12 s0 train=0.097 neutral=0.103 incongruent@v1=0.103 incongruent@v2=0.103
v1 t22 L12 s1 train=0.107 neutral=0.093 incongruent@v1=0.093 incongruent@v2=0.093
v1 t22 L12 s2 train=0.128 neutral=0.096 incongruent@v1=0.092 incongruent@v2=0.100
v1 t22 L13 s0 train=0.095 neutral=0.092 incongruent@v1=0.092 incongruent@v2=0.092
v1 t22 L13 s1 train=0.098 neutral=0.114 incongruent@v1=0.114 incongruent@v2=0.114
v1 t22 L13 s2 train=0.110 neutral=0.091 incongruent@v1=0.091 incongruent@v2=0.091
v1 t22 L14 s0 train=0.145 neutral=0.122 incongruent@v1=0.123 incongruent@v2=0.104
v1 t22 L14 s1 train=0.099 neutral=0.109 incongruent@v1=0.109 incongruent@v2=0.109
v1 t22 L14 s2 train=0.152 neutral=0.120 incongruent@v1=0.116 incongruent@v2=0.106
v1 t22 L15 s0 train=0.108 neutral=0.092 incongruent@v1=0.092 incongruent@v2=0.092
v1 t22 L15 s1 train=0.095 neutral=0.092 incongruent@v1=0.092 incongruent@v2=0.092
v1 t22 L15 s2 train=0.095 neutral=0.092 incongruent@v1=0.092 incongruent@v2=0.092
v1 t22 L16 s0 train=0.167 neutral=0.163 incongruent@v1=0.163 incongruent@v2=0.154
v1 t22 L16 s1 train=0.111 neutral=0.118 incongruent@v1=0.115 incongruent@v2=0.116
v1 t22 L16 s2 train=0.161 neutral=0.138 incongruent@v1=0.136 incongruent@v2=0.138
v1 t22 L17 s0 train=0.116 neutral=0.103 incongruent@v1=0.095 incongruent@v2=0.100
v1 t22 L17 s1 train=0.107 neutral=0.098 incongruent@v1=0.098 incongruent@v2=0.098
v1 t22 L17 s2 train=0.087 neutral=0.114 incongruent@v1=0.114 incongruent@v2=0.114
v1 t22 L18 s0 train=0.098 neutral=0.114 incongruent@v1=0.113 incongruent@v2=0.114
v1 t22 L18 s1 train=0.113 neutral=0.109 incongruent@v1=0.105 incongruent@v2=0.103
v1 t22 L18 s2 train=0.161 neutral=0.124 incongruent@v1=0.124 incongruent@v2=0.132
v1 t22 L19 s0 train=0.129 neutral=0.110 incongruent@v1=0.115 incongruent@v2=0.103
v1 t22 L19 s1 train=0.110 neutral=0.091 incongruent@v1=0.091 incongruent@v2=0.091
v1 t22 L19 s2 train=0.156 neutral=0.158 incongruent@v1=0.155 incongruent@v2=0.151
v1 t22 L20 s0 train=0.098 neutral=0.114 incongruent@v1=0.114 incongruent@v2=0.114
v1 t22 L20 s1 train=0.113 neutral=0.101 incongruent@v1=0.106 incongruent@v2=0.106
v1 t22 L20 s2 train=0.180 neutral=0.162 incongruent@v1=0.162 incongruent@v2=0.162
v1 t22 L21 s0 train=0.112 neutral=0.117 incongruent@v1=0.110 incongruent@v2=0.108
v1 t22 L21 s1 train=0.169 neutral=0.189 incongruent@v1=0.187 incongruent@v2=0.189
v1 t22 L21 s2 train=0.110 neutral=0.094 incongruent@v1=0.093 incongruent@v2=0.095
v1 t22 L22 s0 train=0.139 neutral=0.131 incongruent@v1=0.127 incongruent@v2=0.115
v1 t22 L22 s1 train=0.120 neutral=0.140 incongruent@v1=0.139 incongruent@v2=0.149
v1 t22 L22 s2 train=0.112 neutral=0.097 incongruent@v1=0.095 incongruent@v2=0.101
v1 t22 L23 s0 train=0.098 neutral=0.114 incongruent@v1=0.114 incongruent@v2=0.114
v1 t22 L23 s1 train=0.133 neutral=0.134 incongruent@v1=0.135 incongruent@v2=0.129
v1 t22 L23 s2 train=0.207 neutral=0.162 incongruent@v1=0.159 incongruent@v2=0.176
v1 t22 L24 s0 train=0.137 neutral=0.122 incongruent@v1=0.111 incongruent@v2=0.109
v1 t22 L24 s1 train=0.132 neutral=0.096 incongruent@v1=0.094 incongruent@v2=0.097
v1 t22 L24 s2 train=0.131 neutral=0.108 incongruent@v1=0.116 incongruent@v2=0.105
v1 t22 L25 s0 train=0.254 neutral=0.192 incongruent@v1=0.176 incongruent@v2=0.174
v1 t22 L25 s1 train=0.134 neutral=0.130 incongruent@v1=0.121 incongruent@v2=0.114
v1 t22 L25 s2 train=0.165 neutral=0.104 incongruent@v1=0.101 incongruent@v2=0.104
v1 t22 L26 s0 train=0.150 neutral=0.120 incongruent@v1=0.126 incongruent@v2=0.123
v1 t22 L26 s1 train=0.107 neutral=0.113 incongruent@v1=0.109 incongruent@v2=0.106
v1 t22 L26 s2 train=0.159 neutral=0.174 incongruent@v1=0.153 incongruent@v2=0.124
v1 t22 L27 s0 train=0.173 neutral=0.132 incongruent@v1=0.138 incongruent@v2=0.116
v1 t22 L27 s1 train=0.120 neutral=0.118 incongruent@v1=0.118 incongruent@v2=0.110
v1 t22 L27 s2 train=0.152 neutral=0.105 incongruent@v1=0.105 incongruent@v2=0.112
v1 t22 L28 s0 train=0.129 neutral=0.134 incongruent@v1=0.128 incongruent@v2=0.119
v1 t22 L28 s1 train=0.165 neutral=0.123 incongruent@v1=0.134 incongruent@v2=0.138
v1 t22 L28 s2 train=0.203 neutral=0.166 incongruent@v1=0.167 incongruent@v2=0.152
v1 t22 L29 s0 train=0.139 neutral=0.089 incongruent@v1=0.089 incongruent@v2=0.077
v1 t22 L29 s1 train=0.160 neutral=0.115 incongruent@v1=0.112 incongruent@v2=0.114
v1 t22 L29 s2 train=0.201 neutral=0.141 incongruent@v1=0.124 incongruent@v2=0.121
v1 t22 L30 s0 train=0.159 neutral=0.153 incongruent@v1=0.139 incongruent@v2=0.122
v1 t22 L30 s1 train=0.172 neutral=0.102 incongruent@v1=0.108 incongruent@v2=0.093
v1 t22 L30 s2 train=0.169 neutral=0.139 incongruent@v1=0.136 incongruent@v2=0.129
v1 t22 L31 s0 train=0.217 neutral=0.183 incongruent@v1=0.167 incongruent@v2=0.161
v1 t22 L31 s1 train=0.162 neutral=0.174 incongruent@v1=0.171 incongruent@v2=0.157
v1 t22 L31 s2 train=0.240 neutral=0.172 incongruent@v1=0.170 incongruent@v2=0.160
v1 t22 L32 s0 train=0.155 neutral=0.158 incongruent@v1=0.158 incongruent@v2=0.134
v1 t22 L32 s1 train=0.185 neutral=0.168 incongruent@v1=0.161 incongruent@v2=0.142
v1 t22 L32 s2 train=0.178 neutral=0.157 incongruent@v1=0.157 incongruent@v2=0.155
v1 t22 L33 s0 train=0.193 neutral=0.175 incongruent@v1=0.167 incongruent@v2=0.135
v1 t22 L33 s1 train=0.138 neutral=0.135 incongruent@v1=0.126 incongruent@v2=0.115
v1 t22 L33 s2 train=0.179 neutral=0.112 incongruent@v1=0.117 incongruent@v2=0.116
v1 t22 L34 s0 train=0.504 neutral=0.211 incongruent@v1=0.178 incongruent@v2=0.179
v1 t22 L34 s1 train=0.506 neutral=0.208 incongruent@v1=0.178 incongruent@v2=0.191
v1 t22 L34 s2 train=0.497 neutral=0.221 incongruent@v1=0.202 incongruent@v2=0.193
